"attendance_id";"employee_id";"attendance_date";"attendance_status_clean";"check_in_time";"check_out_time";"working_hours_clean"
1;11;"2026-09-02";"Present";"09:40:00";"19:31:00";6.33
2;11;"2026-09-03";"Present";"10:58:00";"16:51:00";9.75
3;11;"2026-09-04";"Present";"09:34:00";"";9.5
4;11;"2026-09-05";"Present";"08:22:00";"19:55:00";11.55
5;11;"2026-09-06";"Present";"09:17:00";"";0.0
6;11;"2026-09-07";"Present";"09:00:00";"18:14:00";7.68
7;11;"2026-09-08";"Present";"09:03:00";"18:21:00";9.3
8;11;"2026-09-09";"Present";"09:28:00";"16:43:00";10.63
9;11;"2026-09-10";"Present";"09:21:00";"18:50:00";11.88
10;11;"2026-09-11";"Absent";"10:30:00";"18:11:00";8.28
11;11;"2026-09-12";"Present";"09:36:00";"16:46:00";8.08
12;11;"2026-09-13";"Absent";"10:54:00";"18:33:00";7.65
13;11;"2026-09-14";"Present";"08:34:00";"17:24:00";7.43
14;11;"2026-09-15";"Present";"10:13:00";"";7.72
15;11;"2026-09-16";"Absent";"09:00:00";"18:05:00";8.18
16;11;"2026-09-17";"Absent";"09:37:00";"17:52:00";9.05
17;11;"2026-09-18";"Present";"09:02:00";"";9.08
18;11;"2026-09-19";"Present";"10:57:00";"";0.0
19;11;"2026-09-20";"Present";"08:45:00";"16:38:00";7.88
20;11;"2026-09-21";"Present";"10:10:00";"16:52:00";5.73
21;18;"2026-09-02";"Present";"08:42:00";"16:06:00";7.4
22;18;"2026-09-03";"Present";"10:50:00";"16:09:00";6.37
23;18;"2026-09-04";"Absent";"10:05:00";"19:49:00";7.18
24;18;"2026-09-05";"Absent";"";"";0.0
25;18;"2026-09-06";"Present";"10:16:00";"19:00:00";10.88
26;18;"2026-09-07";"Present";"09:29:00";"";10.22
27;18;"2026-09-08";"Absent";"";"";0.0
28;18;"2026-09-09";"Absent";"08:28:00";"19:43:00";11.25
29;18;"2026-09-10";"Present";"08:38:00";"19:03:00";7.45
30;18;"2026-09-11";"Present";"08:38:00";"";10.28
31;18;"2026-09-12";"Present";"10:30:00";"18:53:00";8.38
32;18;"2026-09-13";"Present";"10:37:00";"18:21:00";8.02
33;18;"2026-09-14";"Present";"";"18:26:00";7.9
34;18;"2026-09-15";"Present";"09:29:00";"18:13:00";10.45
35;18;"2026-09-16";"Present";"08:16:00";"18:19:00";9.92
36;18;"2026-09-17";"Present";"10:32:00";"18:58:00";8.43
37;18;"2026-09-18";"Present";"08:33:00";"16:50:00";8.72
38;18;"2026-09-19";"Present";"09:38:00";"";10.37
39;18;"2026-09-20";"Absent";"08:10:00";"16:11:00";8.02
40;18;"2026-09-21";"Present";"08:56:00";"19:46:00";9.28
41;22;"2026-09-02";"Present";"";"17:33:00";0.0
42;22;"2026-09-03";"Present";"09:28:00";"";0.0
43;22;"2026-09-04";"Present";"09:44:00";"";0.0
44;22;"2026-09-05";"Present";"09:30:00";"18:00:00";7.32
45;22;"2026-09-06";"Present";"09:44:00";"";6.67
46;22;"2026-09-07";"Present";"";"";8.8
47;22;"2026-09-08";"Absent";"08:29:00";"17:26:00";9.93
48;22;"2026-09-09";"Present";"10:30:00";"19:23:00";7.73
49;22;"2026-09-10";"Present";"10:48:00";"16:19:00";5.52
50;22;"2026-09-11";"Present";"08:20:00";"";7.42
51;22;"2026-09-12";"Present";"";"";0.0
52;22;"2026-09-13";"Absent";"";"";0.0
53;22;"2026-09-14";"Present";"08:27:00";"";6.95
54;22;"2026-09-15";"Present";"08:14:00";"18:13:00";9.15
55;22;"2026-09-16";"Absent";"09:24:00";"16:24:00";5.88
56;22;"2026-09-17";"Present";"";"19:25:00";7.33
57;22;"2026-09-18";"Present";"09:37:00";"16:17:00";9.97
58;22;"2026-09-19";"Present";"10:40:00";"17:53:00";7.67
59;22;"2026-09-20";"Absent";"";"19:31:00";8.33
60;22;"2026-09-21";"Present";"";"19:54:00";0.0
61;50;"2026-09-02";"Present";"09:49:00";"";7.0
62;50;"2026-09-03";"Present";"10:54:00";"";10.63
63;50;"2026-09-04";"Present";"";"18:58:00";10.1
64;50;"2026-09-05";"Present";"09:54:00";"19:03:00";9.15
65;50;"2026-09-06";"Present";"08:48:00";"";0.0
66;50;"2026-09-07";"Present";"09:52:00";"18:50:00";8.85
67;50;"2026-09-08";"Present";"08:24:00";"19:07:00";5.97
68;50;"2026-09-09";"Present";"09:48:00";"19:00:00";9.3
69;50;"2026-09-10";"Present";"";"16:18:00";0.0
70;50;"2026-09-11";"Absent";"09:04:00";"";10.8
71;50;"2026-09-12";"Absent";"";"19:38:00";0.0
72;50;"2026-09-13";"Absent";"08:14:00";"17:31:00";8.45
73;50;"2026-09-14";"Present";"10:02:00";"";6.92
74;50;"2026-09-15";"Absent";"08:17:00";"16:57:00";10.0
75;50;"2026-09-16";"Present";"10:09:00";"16:49:00";8.83
76;50;"2026-09-17";"Absent";"";"16:18:00";0.0
77;50;"2026-09-18";"Absent";"";"";5.82
78;50;"2026-09-19";"Present";"08:57:00";"16:50:00";7.88
79;50;"2026-09-20";"Present";"10:11:00";"17:42:00";8.95
80;50;"2026-09-21";"Present";"";"";0.0
81;51;"2026-09-02";"Absent";"";"17:10:00";0.0
82;51;"2026-09-03";"Present";"";"18:03:00";8.97
83;51;"2026-09-04";"Present";"08:24:00";"18:06:00";9.7
84;51;"2026-09-05";"Present";"09:18:00";"19:01:00";10.38
85;51;"2026-09-06";"Present";"10:36:00";"19:34:00";8.77
86;51;"2026-09-07";"Present";"";"16:01:00";7.57
87;51;"2026-09-08";"Present";"10:16:00";"16:40:00";7.57
88;51;"2026-09-09";"Absent";"10:20:00";"19:23:00";5.58
89;51;"2026-09-10";"Present";"08:30:00";"";10.02
90;51;"2026-09-11";"Absent";"";"19:12:00";0.0
91;51;"2026-09-12";"Present";"09:01:00";"19:03:00";11.68
92;51;"2026-09-13";"Present";"08:21:00";"";8.48
93;51;"2026-09-14";"Present";"09:52:00";"19:36:00";10.75
94;51;"2026-09-15";"Present";"08:54:00";"";0.0
95;51;"2026-09-16";"Present";"08:04:00";"18:10:00";9.87
96;51;"2026-09-17";"Present";"10:18:00";"18:28:00";8.17
97;51;"2026-09-18";"Present";"10:19:00";"";0.0
98;51;"2026-09-19";"Present";"09:34:00";"18:33:00";9.22
99;51;"2026-09-20";"Present";"08:04:00";"";0.0
100;51;"2026-09-21";"Absent";"09:15:00";"";9.55
101;64;"2026-09-02";"Present";"08:22:00";"16:42:00";6.95
102;64;"2026-09-03";"Absent";"";"19:56:00";0.0
103;64;"2026-09-04";"Absent";"09:18:00";"18:23:00";8.3
104;64;"2026-09-05";"Absent";"09:24:00";"17:23:00";9.67
105;64;"2026-09-06";"Present";"";"";6.42
106;64;"2026-09-07";"Present";"08:11:00";"";7.32
107;64;"2026-09-08";"Present";"09:42:00";"";0.0
108;64;"2026-09-09";"Present";"";"";0.0
109;64;"2026-09-10";"Present";"08:46:00";"17:31:00";8.75
110;64;"2026-09-11";"Present";"10:05:00";"";8.53
111;64;"2026-09-12";"Present";"08:29:00";"16:01:00";7.53
112;64;"2026-09-13";"Present";"";"18:43:00";10.98
113;64;"2026-09-14";"Present";"08:05:00";"18:35:00";10.25
114;64;"2026-09-15";"Absent";"";"";9.92
115;64;"2026-09-16";"Present";"";"16:04:00";9.3
116;64;"2026-09-17";"Present";"10:57:00";"17:43:00";11.87
117;64;"2026-09-18";"Present";"09:19:00";"19:56:00";10.62
118;64;"2026-09-19";"Present";"";"18:56:00";6.22
119;64;"2026-09-20";"Absent";"10:44:00";"18:22:00";8.63
120;64;"2026-09-21";"Present";"10:31:00";"16:38:00";6.37
121;72;"2026-09-02";"Present";"";"";0.0
122;72;"2026-09-03";"Present";"08:40:00";"";9.42
123;72;"2026-09-04";"Absent";"08:03:00";"18:53:00";8.75
124;72;"2026-09-05";"Present";"10:12:00";"19:31:00";8.68
125;72;"2026-09-06";"Present";"";"16:58:00";9.43
126;72;"2026-09-07";"Present";"";"";0.0
127;72;"2026-09-08";"Absent";"";"";7.07
128;72;"2026-09-09";"Present";"08:56:00";"19:25:00";8.02
129;72;"2026-09-10";"Present";"";"17:00:00";6.68
130;72;"2026-09-11";"Present";"";"";5.2
131;72;"2026-09-12";"Present";"10:30:00";"19:39:00";8.52
132;72;"2026-09-13";"Present";"09:25:00";"18:23:00";7.28
133;72;"2026-09-14";"Present";"";"19:27:00";8.9
134;72;"2026-09-15";"Present";"09:10:00";"18:24:00";8.57
135;72;"2026-09-16";"Absent";"10:54:00";"16:00:00";8.12
136;72;"2026-09-17";"Present";"";"";10.13
137;72;"2026-09-18";"Absent";"10:16:00";"19:55:00";9.65
138;72;"2026-09-19";"Present";"09:26:00";"19:42:00";10.27
139;72;"2026-09-20";"Present";"08:54:00";"18:59:00";10.08
140;72;"2026-09-21";"Present";"10:44:00";"";10.93
141;73;"2026-09-02";"Present";"08:42:00";"";7.58
142;73;"2026-09-03";"Present";"";"18:43:00";8.4
143;73;"2026-09-04";"Absent";"";"18:38:00";7.1
144;73;"2026-09-05";"Present";"09:57:00";"19:32:00";8.3
145;73;"2026-09-06";"Present";"09:30:00";"16:51:00";7.35
146;73;"2026-09-07";"Present";"08:03:00";"19:56:00";11.88
147;73;"2026-09-08";"Present";"";"19:46:00";8.95
148;73;"2026-09-09";"Absent";"08:48:00";"";7.75
149;73;"2026-09-10";"Absent";"";"19:07:00";0.0
150;73;"2026-09-11";"Present";"09:24:00";"";6.75
151;73;"2026-09-12";"Present";"08:59:00";"17:47:00";6.73
152;73;"2026-09-13";"Absent";"08:13:00";"17:33:00";9.33
153;73;"2026-09-14";"Present";"10:13:00";"17:39:00";7.43
154;73;"2026-09-15";"Present";"";"";0.0
155;73;"2026-09-16";"Present";"08:58:00";"18:29:00";8.98
156;73;"2026-09-17";"Present";"";"18:36:00";0.0
157;73;"2026-09-18";"Present";"08:35:00";"16:11:00";7.6
158;73;"2026-09-19";"Present";"10:19:00";"18:58:00";8.65
159;73;"2026-09-20";"Present";"08:17:00";"19:58:00";11.68
160;73;"2026-09-21";"Present";"08:29:00";"19:07:00";10.63
161;87;"2026-09-02";"Present";"";"18:07:00";8.2
162;87;"2026-09-03";"Present";"";"19:32:00";7.82
163;87;"2026-09-04";"Absent";"09:26:00";"";0.0
164;87;"2026-09-05";"Present";"";"16:57:00";0.0
165;87;"2026-09-06";"Present";"";"16:49:00";0.0
166;87;"2026-09-07";"Present";"10:05:00";"";0.0
167;87;"2026-09-08";"Present";"09:34:00";"";7.72
168;87;"2026-09-09";"Present";"10:27:00";"18:50:00";5.83
169;87;"2026-09-10";"Present";"10:50:00";"16:34:00";9.92
170;87;"2026-09-11";"Absent";"";"19:29:00";8.9
171;87;"2026-09-12";"Present";"09:42:00";"19:56:00";10.23
172;87;"2026-09-13";"Present";"10:50:00";"16:10:00";11.32
173;87;"2026-09-14";"Present";"10:56:00";"16:16:00";8.57
174;87;"2026-09-15";"Present";"08:01:00";"19:32:00";6.32
175;87;"2026-09-16";"Present";"10:58:00";"18:38:00";8.48
176;87;"2026-09-17";"Work From Home";"";"18:59:00";10.83
177;87;"2026-09-18";"Present";"10:05:00";"18:37:00";6.73
178;87;"2026-09-19";"Absent";"08:21:00";"17:45:00";7.32
179;87;"2026-09-20";"Present";"09:03:00";"";8.5
180;87;"2026-09-21";"Present";"10:50:00";"17:11:00";8.03
181;102;"2026-09-02";"Present";"09:07:00";"16:43:00";6.43
182;102;"2026-09-03";"Present";"09:28:00";"17:54:00";8.78
183;102;"2026-09-04";"Absent";"08:40:00";"18:19:00";10.05
184;102;"2026-09-05";"Absent";"08:58:00";"19:41:00";11.1
185;102;"2026-09-06";"Absent";"09:15:00";"18:18:00";9.05
186;102;"2026-09-07";"Present";"09:09:00";"16:00:00";8.98
187;102;"2026-09-08";"Present";"10:53:00";"16:28:00";5.58
188;102;"2026-09-09";"Present";"09:15:00";"16:59:00";10.87
189;102;"2026-09-10";"Present";"09:10:00";"18:16:00";9.13
190;102;"2026-09-11";"Absent";"";"";11.3
191;102;"2026-09-12";"Absent";"10:51:00";"18:51:00";8.98
192;102;"2026-09-13";"Absent";"10:22:00";"16:57:00";7.62
193;102;"2026-09-14";"Present";"10:41:00";"17:57:00";5.9
194;102;"2026-09-15";"Present";"09:25:00";"";5.43
195;102;"2026-09-16";"Absent";"08:59:00";"19:47:00";6.6
196;102;"2026-09-17";"Absent";"08:35:00";"";7.63
197;102;"2026-09-18";"Present";"";"17:41:00";5.42
198;102;"2026-09-19";"Present";"";"17:56:00";0.0
199;102;"2026-09-20";"Present";"09:24:00";"18:45:00";9.35
200;102;"2026-09-21";"Present";"10:01:00";"18:38:00";8.62
201;129;"2026-09-02";"Present";"10:13:00";"19:25:00";6.4
202;129;"2026-09-03";"Absent";"09:37:00";"17:00:00";7.38
203;129;"2026-09-04";"Present";"";"";6.73
204;129;"2026-09-05";"Present";"08:50:00";"17:37:00";8.43
205;129;"2026-09-06";"Absent";"09:55:00";"19:18:00";7.92
206;129;"2026-09-07";"Absent";"10:33:00";"18:42:00";8.15
207;129;"2026-09-08";"Present";"09:18:00";"18:48:00";8.85
208;129;"2026-09-09";"Present";"10:10:00";"17:49:00";7.9
209;129;"2026-09-10";"Present";"";"19:29:00";8.35
210;129;"2026-09-11";"Present";"";"18:37:00";0.0
211;129;"2026-09-12";"Present";"08:50:00";"16:49:00";7.65
212;129;"2026-09-13";"Present";"10:16:00";"18:04:00";7.8
213;129;"2026-09-14";"Present";"09:58:00";"17:46:00";10.48
214;129;"2026-09-15";"Present";"10:03:00";"";8.77
215;129;"2026-09-16";"Absent";"08:06:00";"16:59:00";6.03
216;129;"2026-09-17";"Present";"09:55:00";"";0.0
217;129;"2026-09-18";"Present";"";"18:51:00";6.42
218;129;"2026-09-19";"Present";"";"";10.3
219;129;"2026-09-20";"Present";"10:54:00";"17:27:00";7.37
220;129;"2026-09-21";"Present";"09:27:00";"16:49:00";9.47
221;145;"2026-09-02";"Present";"10:38:00";"16:08:00";6.68
222;145;"2026-09-03";"Absent";"10:21:00";"17:29:00";9.05
223;145;"2026-09-04";"Present";"08:05:00";"";10.2
224;145;"2026-09-05";"Absent";"08:18:00";"";0.0
225;145;"2026-09-06";"Present";"08:44:00";"18:44:00";6.4
226;145;"2026-09-07";"Absent";"08:31:00";"16:35:00";10.82
227;145;"2026-09-08";"Present";"10:41:00";"16:36:00";5.92
228;145;"2026-09-09";"Present";"09:47:00";"17:34:00";9.5
229;145;"2026-09-10";"Present";"";"16:40:00";8.23
230;145;"2026-09-11";"Present";"09:49:00";"19:45:00";9.62
231;145;"2026-09-12";"Present";"10:33:00";"18:34:00";6.68
232;145;"2026-09-13";"Present";"09:52:00";"19:10:00";7.7
233;145;"2026-09-14";"Present";"08:30:00";"19:10:00";8.07
234;145;"2026-09-15";"Present";"";"17:59:00";7.57
235;145;"2026-09-16";"Present";"10:47:00";"19:30:00";8.72
236;145;"2026-09-17";"Present";"09:54:00";"18:00:00";8.63
237;145;"2026-09-18";"Absent";"10:34:00";"";11.17
238;145;"2026-09-19";"Present";"10:49:00";"17:49:00";6.03
239;145;"2026-09-20";"Present";"10:45:00";"16:47:00";10.07
240;145;"2026-09-21";"Present";"";"17:35:00";0.0
241;160;"2026-09-02";"Present";"10:15:00";"19:14:00";8.4
242;160;"2026-09-03";"Present";"08:21:00";"17:25:00";10.17
243;160;"2026-09-04";"Absent";"08:01:00";"16:50:00";9.03
244;160;"2026-09-05";"Present";"08:30:00";"16:26:00";7.93
245;160;"2026-09-06";"Absent";"08:08:00";"";0.0
246;160;"2026-09-07";"Present";"10:09:00";"";0.0
247;160;"2026-09-08";"Present";"10:15:00";"";6.4
248;160;"2026-09-09";"Present";"09:13:00";"";10.45
249;160;"2026-09-10";"Present";"09:13:00";"16:43:00";7.5
250;160;"2026-09-11";"Present";"10:38:00";"18:44:00";8.1
251;160;"2026-09-12";"Present";"08:41:00";"17:54:00";9.33
252;160;"2026-09-13";"Present";"08:58:00";"18:38:00";6.57
253;160;"2026-09-14";"Present";"";"19:49:00";7.72
254;160;"2026-09-15";"Present";"08:04:00";"16:42:00";8.63
255;160;"2026-09-16";"Present";"10:16:00";"18:57:00";9.0
256;160;"2026-09-17";"Absent";"09:15:00";"18:58:00";10.03
257;160;"2026-09-18";"Present";"09:17:00";"16:58:00";7.65
258;160;"2026-09-19";"Present";"";"17:19:00";7.72
259;160;"2026-09-20";"Present";"09:35:00";"18:13:00";8.63
260;160;"2026-09-21";"Absent";"09:53:00";"18:06:00";7.12
261;171;"2026-09-02";"Present";"08:50:00";"16:24:00";5.53
262;171;"2026-09-03";"Absent";"";"18:04:00";8.88
263;171;"2026-09-04";"Present";"09:18:00";"19:34:00";10.77
264;171;"2026-09-05";"Present";"09:28:00";"19:35:00";7.8
265;171;"2026-09-06";"Present";"10:33:00";"16:16:00";5.72
266;171;"2026-09-07";"Present";"10:50:00";"";0.0
267;171;"2026-09-08";"Present";"";"16:56:00";7.9
268;171;"2026-09-09";"Present";"09:22:00";"";10.6
269;171;"2026-09-10";"Present";"";"16:46:00";9.68
270;171;"2026-09-11";"Present";"10:15:00";"16:16:00";6.02
271;171;"2026-09-12";"Present";"";"";0.0
272;171;"2026-09-13";"Absent";"10:42:00";"";11.62
273;171;"2026-09-14";"Present";"08:37:00";"16:51:00";9.0
274;171;"2026-09-15";"Present";"10:36:00";"16:45:00";6.15
275;171;"2026-09-16";"Present";"";"17:54:00";0.0
276;171;"2026-09-17";"Present";"";"19:47:00";8.12
277;171;"2026-09-18";"Absent";"09:17:00";"16:09:00";6.87
278;171;"2026-09-19";"Present";"10:59:00";"";0.0
279;171;"2026-09-20";"Present";"08:29:00";"";9.12
280;171;"2026-09-21";"Present";"08:10:00";"16:27:00";7.95
281;179;"2026-09-02";"Present";"";"19:41:00";6.92
282;179;"2026-09-03";"Present";"09:27:00";"16:29:00";8.32
283;179;"2026-09-04";"Present";"08:55:00";"17:42:00";8.55
284;179;"2026-09-05";"Present";"10:49:00";"18:05:00";11.08
285;179;"2026-09-06";"Present";"09:52:00";"16:22:00";6.5
286;179;"2026-09-07";"Absent";"10:27:00";"17:49:00";10.95
287;179;"2026-09-08";"Present";"";"18:58:00";8.28
288;179;"2026-09-09";"Present";"";"";5.75
289;179;"2026-09-10";"Present";"10:41:00";"";9.13
290;179;"2026-09-11";"Present";"";"18:00:00";10.08
291;179;"2026-09-12";"Present";"08:18:00";"17:47:00";7.88
292;179;"2026-09-13";"Present";"08:39:00";"16:30:00";8.6
293;179;"2026-09-14";"Present";"09:00:00";"18:49:00";6.1
294;179;"2026-09-15";"Absent";"10:01:00";"19:07:00";9.2
295;179;"2026-09-16";"Present";"";"16:25:00";9.92
296;179;"2026-09-17";"Present";"10:23:00";"";0.0
297;179;"2026-09-18";"Present";"08:33:00";"19:57:00";11.4
298;179;"2026-09-19";"Present";"";"17:31:00";11.32
299;179;"2026-09-20";"Present";"10:56:00";"17:35:00";8.02
300;179;"2026-09-21";"Present";"";"19:26:00";10.38
301;182;"2026-09-02";"Present";"08:07:00";"18:34:00";7.65
302;182;"2026-09-03";"Present";"09:26:00";"17:42:00";9.23
303;182;"2026-09-04";"Present";"08:21:00";"19:12:00";8.05
304;182;"2026-09-05";"Present";"09:53:00";"18:13:00";9.72
305;182;"2026-09-06";"Absent";"";"16:09:00";8.52
306;182;"2026-09-07";"Absent";"09:09:00";"";8.75
307;182;"2026-09-08";"Present";"08:59:00";"";0.0
308;182;"2026-09-09";"Present";"10:28:00";"";9.58
309;182;"2026-09-10";"Present";"10:38:00";"";7.93
310;182;"2026-09-11";"Present";"09:58:00";"16:45:00";5.87
311;182;"2026-09-12";"Present";"08:47:00";"";7.32
312;182;"2026-09-13";"Present";"";"19:29:00";9.1
313;182;"2026-09-14";"Present";"10:33:00";"17:22:00";6.82
314;182;"2026-09-15";"Present";"08:36:00";"16:46:00";9.05
315;182;"2026-09-16";"Present";"10:09:00";"19:10:00";7.82
316;182;"2026-09-17";"Present";"";"19:00:00";8.78
317;182;"2026-09-18";"Present";"09:32:00";"16:01:00";6.82
318;182;"2026-09-19";"Present";"10:59:00";"16:59:00";8.02
319;182;"2026-09-20";"Present";"09:46:00";"";8.98
320;182;"2026-09-21";"Present";"10:02:00";"16:56:00";8.85
321;245;"2026-09-02";"Absent";"09:18:00";"";8.15
322;245;"2026-09-03";"Present";"10:00:00";"17:40:00";10.7
323;245;"2026-09-04";"Absent";"";"18:19:00";9.28
324;245;"2026-09-05";"Present";"10:22:00";"18:20:00";7.72
325;245;"2026-09-06";"Present";"09:47:00";"16:24:00";7.52
326;245;"2026-09-07";"Present";"";"17:08:00";7.98
327;245;"2026-09-08";"Present";"08:44:00";"17:27:00";8.33
328;245;"2026-09-09";"Absent";"10:35:00";"19:56:00";9.35
329;245;"2026-09-10";"Present";"08:37:00";"19:04:00";10.45
330;245;"2026-09-11";"Present";"09:37:00";"18:27:00";8.83
331;245;"2026-09-12";"Work From Home";"09:00:00";"17:52:00";7.02
332;245;"2026-09-13";"Present";"09:06:00";"19:43:00";9.32
333;245;"2026-09-14";"Present";"08:00:00";"17:13:00";9.22
334;245;"2026-09-15";"Absent";"08:27:00";"19:17:00";8.17
335;245;"2026-09-16";"Present";"09:11:00";"17:05:00";7.9
336;245;"2026-09-17";"Present";"08:51:00";"";9.58
337;245;"2026-09-18";"Present";"08:11:00";"18:09:00";9.97
338;245;"2026-09-19";"Present";"09:38:00";"18:41:00";9.05
339;245;"2026-09-20";"Present";"10:24:00";"18:25:00";6.67
340;245;"2026-09-21";"Present";"08:14:00";"17:16:00";6.72
341;267;"2026-09-02";"Present";"";"19:25:00";8.98
342;267;"2026-09-03";"Absent";"";"16:45:00";0.0
343;267;"2026-09-04";"Absent";"09:59:00";"17:45:00";8.28
344;267;"2026-09-05";"Present";"";"";7.58
345;267;"2026-09-06";"Present";"";"16:20:00";8.93
346;267;"2026-09-07";"Present";"08:11:00";"";8.72
347;267;"2026-09-08";"Present";"08:47:00";"16:04:00";7.28
348;267;"2026-09-09";"Work From Home";"";"19:27:00";0.0
349;267;"2026-09-10";"Present";"10:46:00";"19:51:00";6.82
350;267;"2026-09-11";"Present";"09:07:00";"17:31:00";9.07
351;267;"2026-09-12";"Present";"08:18:00";"17:29:00";10.07
352;267;"2026-09-13";"Present";"10:26:00";"17:44:00";8.43
353;267;"2026-09-14";"Absent";"";"16:24:00";8.62
354;267;"2026-09-15";"Present";"09:09:00";"";0.0
355;267;"2026-09-16";"Present";"";"";7.0
356;267;"2026-09-17";"Present";"10:33:00";"19:07:00";8.57
357;267;"2026-09-18";"Present";"";"19:14:00";7.88
358;267;"2026-09-19";"Present";"";"18:30:00";5.5
359;267;"2026-09-20";"Present";"08:52:00";"19:02:00";9.07
360;267;"2026-09-21";"Present";"08:16:00";"18:57:00";7.07
361;272;"2026-09-02";"Absent";"09:36:00";"17:04:00";7.47
362;272;"2026-09-03";"Present";"10:42:00";"16:35:00";5.88
363;272;"2026-09-04";"Absent";"";"18:46:00";8.18
364;272;"2026-09-05";"Absent";"";"16:49:00";5.33
365;272;"2026-09-06";"Present";"09:00:00";"";9.33
366;272;"2026-09-07";"Absent";"";"19:36:00";0.0
367;272;"2026-09-08";"Present";"08:05:00";"16:48:00";6.08
368;272;"2026-09-09";"Present";"10:40:00";"16:50:00";5.4
369;272;"2026-09-10";"Present";"10:35:00";"17:42:00";7.12
370;272;"2026-09-11";"Absent";"";"18:44:00";5.48
371;272;"2026-09-12";"Present";"";"19:37:00";9.68
372;272;"2026-09-13";"Absent";"";"";9.68
373;272;"2026-09-14";"Present";"10:39:00";"18:45:00";7.32
374;272;"2026-09-15";"Present";"09:59:00";"";8.5
375;272;"2026-09-16";"Absent";"";"19:05:00";0.0
376;272;"2026-09-17";"Present";"10:52:00";"19:35:00";7.2
377;272;"2026-09-18";"Present";"10:12:00";"18:02:00";8.38
378;272;"2026-09-19";"Present";"09:10:00";"16:00:00";11.88
379;272;"2026-09-20";"Present";"10:32:00";"17:54:00";7.65
380;272;"2026-09-21";"Present";"10:53:00";"19:37:00";7.78
381;279;"2026-09-02";"Present";"";"17:15:00";0.0
382;279;"2026-09-03";"Present";"08:02:00";"19:08:00";6.52
383;279;"2026-09-04";"Present";"";"19:35:00";5.82
384;279;"2026-09-05";"Present";"08:16:00";"16:29:00";8.53
385;279;"2026-09-06";"Present";"10:52:00";"17:15:00";7.28
386;279;"2026-09-07";"Present";"";"17:37:00";5.97
387;279;"2026-09-08";"Present";"08:52:00";"16:08:00";8.93
388;279;"2026-09-09";"Present";"08:28:00";"16:46:00";8.35
389;279;"2026-09-10";"Absent";"08:06:00";"18:58:00";10.88
390;279;"2026-09-11";"Present";"09:24:00";"";9.4
391;279;"2026-09-12";"Present";"10:51:00";"19:05:00";8.23
392;279;"2026-09-13";"Present";"08:56:00";"";6.53
393;279;"2026-09-14";"Present";"09:54:00";"16:46:00";8.08
394;279;"2026-09-15";"Present";"09:48:00";"16:39:00";9.55
395;279;"2026-09-16";"Present";"";"";0.0
396;279;"2026-09-17";"Absent";"09:04:00";"19:02:00";8.5
397;279;"2026-09-18";"Present";"";"16:45:00";6.13
398;279;"2026-09-19";"Present";"";"19:28:00";7.32
399;279;"2026-09-20";"Present";"09:41:00";"18:53:00";9.35
400;279;"2026-09-21";"Present";"08:18:00";"17:52:00";9.15
401;295;"2026-09-02";"Present";"08:53:00";"17:26:00";8.07
402;295;"2026-09-03";"Present";"10:52:00";"16:08:00";9.38
403;295;"2026-09-04";"Present";"08:20:00";"16:27:00";8.12
404;295;"2026-09-05";"Present";"09:36:00";"19:16:00";9.67
405;295;"2026-09-06";"Present";"09:21:00";"16:42:00";9.22
406;295;"2026-09-07";"Present";"";"";0.0
407;295;"2026-09-08";"Present";"";"17:00:00";0.0
408;295;"2026-09-09";"Absent";"10:20:00";"19:06:00";9.52
409;295;"2026-09-10";"Present";"09:29:00";"16:25:00";9.78
410;295;"2026-09-11";"Present";"";"19:58:00";8.65
411;295;"2026-09-12";"Absent";"";"18:36:00";8.15
412;295;"2026-09-13";"Present";"08:26:00";"18:10:00";11.45
413;295;"2026-09-14";"Present";"09:14:00";"16:18:00";9.35
414;295;"2026-09-15";"Present";"";"18:39:00";11.68
415;295;"2026-09-16";"Present";"09:09:00";"18:05:00";8.18
416;295;"2026-09-17";"Present";"08:19:00";"18:17:00";8.97
417;295;"2026-09-18";"Absent";"";"16:37:00";0.0
418;295;"2026-09-19";"Present";"";"16:03:00";0.0
419;295;"2026-09-20";"Present";"10:18:00";"18:21:00";8.05
420;295;"2026-09-21";"Present";"08:41:00";"16:32:00";8.73
421;303;"2026-09-02";"Work From Home";"08:12:00";"18:51:00";6.13
422;303;"2026-09-03";"Present";"";"17:40:00";8.37
423;303;"2026-09-04";"Present";"10:28:00";"19:17:00";9.47
424;303;"2026-09-05";"Absent";"";"19:53:00";8.53
425;303;"2026-09-06";"Present";"08:58:00";"16:11:00";8.2
426;303;"2026-09-07";"Present";"08:08:00";"17:50:00";9.7
427;303;"2026-09-08";"Absent";"08:43:00";"19:34:00";9.17
428;303;"2026-09-09";"Present";"09:07:00";"19:14:00";10.12
429;303;"2026-09-10";"Absent";"10:28:00";"18:49:00";9.5
430;303;"2026-09-11";"Present";"";"18:49:00";0.0
431;303;"2026-09-12";"Present";"08:26:00";"16:27:00";8.12
432;303;"2026-09-13";"Absent";"08:59:00";"18:48:00";9.82
433;303;"2026-09-14";"Present";"09:18:00";"17:50:00";8.53
434;303;"2026-09-15";"Present";"";"";9.37
435;303;"2026-09-16";"Absent";"";"19:56:00";0.0
436;303;"2026-09-17";"Present";"10:34:00";"17:53:00";7.98
437;303;"2026-09-18";"Absent";"09:27:00";"17:05:00";8.72
438;303;"2026-09-19";"Present";"";"18:22:00";0.0
439;303;"2026-09-20";"Present";"";"18:02:00";7.9
440;303;"2026-09-21";"Absent";"09:18:00";"16:12:00";6.9
441;309;"2026-09-02";"Present";"10:37:00";"";9.75
442;309;"2026-09-03";"Present";"09:28:00";"";0.0
443;309;"2026-09-04";"Present";"08:24:00";"19:43:00";5.6
444;309;"2026-09-05";"Present";"10:09:00";"16:33:00";11.15
445;309;"2026-09-06";"Present";"";"17:29:00";7.28
446;309;"2026-09-07";"Present";"08:22:00";"";8.27
447;309;"2026-09-08";"Present";"09:49:00";"16:44:00";7.67
448;309;"2026-09-09";"Present";"08:40:00";"18:19:00";9.65
449;309;"2026-09-10";"Present";"09:53:00";"19:16:00";9.38
450;309;"2026-09-11";"Present";"08:00:00";"18:59:00";10.98
451;309;"2026-09-12";"Present";"08:44:00";"18:12:00";6.72
452;309;"2026-09-13";"Work From Home";"";"";8.53
453;309;"2026-09-14";"Present";"10:07:00";"17:43:00";6.93
454;309;"2026-09-15";"Present";"09:26:00";"19:01:00";5.88
455;309;"2026-09-16";"Present";"09:27:00";"17:31:00";11.0
456;309;"2026-09-17";"Present";"";"17:00:00";8.98
457;309;"2026-09-18";"Present";"10:45:00";"";10.95
458;309;"2026-09-19";"Absent";"09:41:00";"16:19:00";10.5
459;309;"2026-09-20";"Present";"08:03:00";"19:42:00";7.65
460;309;"2026-09-21";"Present";"09:12:00";"19:13:00";7.23
461;317;"2026-09-02";"Present";"";"16:03:00";0.0
462;317;"2026-09-03";"Present";"09:16:00";"";7.83
463;317;"2026-09-04";"Absent";"10:46:00";"17:17:00";9.38
464;317;"2026-09-05";"Present";"08:37:00";"19:42:00";11.08
465;317;"2026-09-06";"Present";"08:42:00";"";8.82
466;317;"2026-09-07";"Present";"09:50:00";"";6.82
467;317;"2026-09-08";"Work From Home";"09:34:00";"16:49:00";7.25
468;317;"2026-09-09";"Present";"08:12:00";"19:30:00";11.3
469;317;"2026-09-10";"Present";"09:40:00";"18:42:00";9.82
470;317;"2026-09-11";"Present";"08:43:00";"17:13:00";8.5
471;317;"2026-09-12";"Present";"09:33:00";"19:49:00";10.42
472;317;"2026-09-13";"Present";"10:36:00";"17:41:00";5.7
473;317;"2026-09-14";"Present";"08:38:00";"";0.0
474;317;"2026-09-15";"Present";"10:45:00";"19:04:00";8.77
475;317;"2026-09-16";"Present";"10:00:00";"19:48:00";9.92
476;317;"2026-09-17";"Present";"10:03:00";"18:07:00";8.07
477;317;"2026-09-18";"Present";"09:41:00";"18:31:00";8.83
478;317;"2026-09-19";"Present";"10:00:00";"18:18:00";10.38
479;317;"2026-09-20";"Present";"09:52:00";"18:11:00";8.32
480;317;"2026-09-21";"Present";"10:43:00";"19:31:00";8.78
481;321;"2026-09-02";"Present";"";"19:24:00";9.33
482;321;"2026-09-03";"Present";"09:29:00";"";8.08
483;321;"2026-09-04";"Present";"";"";10.53
484;321;"2026-09-05";"Present";"08:01:00";"16:19:00";8.3
485;321;"2026-09-06";"Present";"09:34:00";"19:02:00";7.75
486;321;"2026-09-07";"Present";"08:02:00";"";0.0
487;321;"2026-09-08";"Present";"";"18:23:00";7.15
488;321;"2026-09-09";"Absent";"08:46:00";"18:36:00";6.48
489;321;"2026-09-10";"Present";"09:57:00";"19:39:00";9.17
490;321;"2026-09-11";"Present";"10:22:00";"19:48:00";8.73
491;321;"2026-09-12";"Present";"10:58:00";"16:51:00";8.72
492;321;"2026-09-13";"Present";"";"18:06:00";0.0
493;321;"2026-09-14";"Present";"";"19:18:00";0.0
494;321;"2026-09-15";"Present";"08:27:00";"18:26:00";10.62
495;321;"2026-09-16";"Present";"09:46:00";"18:21:00";9.22
496;321;"2026-09-17";"Present";"08:51:00";"";6.98
497;321;"2026-09-18";"Present";"10:44:00";"19:28:00";8.73
498;321;"2026-09-19";"Present";"09:14:00";"18:09:00";8.92
499;321;"2026-09-20";"Work From Home";"";"18:21:00";7.07
500;321;"2026-09-21";"Absent";"09:18:00";"17:48:00";7.82
501;328;"2026-09-02";"Present";"08:26:00";"17:26:00";9.0
502;328;"2026-09-03";"Present";"10:05:00";"";7.88
503;328;"2026-09-04";"Present";"09:01:00";"17:22:00";8.35
504;328;"2026-09-05";"Present";"09:53:00";"16:45:00";10.95
505;328;"2026-09-06";"Present";"09:00:00";"17:16:00";8.9
506;328;"2026-09-07";"Present";"09:24:00";"19:45:00";6.25
507;328;"2026-09-08";"Present";"09:33:00";"19:28:00";7.97
508;328;"2026-09-09";"Present";"09:25:00";"18:33:00";7.62
509;328;"2026-09-10";"Present";"10:56:00";"19:05:00";8.15
510;328;"2026-09-11";"Present";"10:36:00";"17:14:00";6.63
511;328;"2026-09-12";"Present";"10:40:00";"17:23:00";6.72
512;328;"2026-09-13";"Present";"08:19:00";"16:39:00";6.43
513;328;"2026-09-14";"Work From Home";"08:20:00";"17:40:00";9.53
514;328;"2026-09-15";"Present";"";"18:55:00";0.0
515;328;"2026-09-16";"Absent";"";"19:21:00";7.17
516;328;"2026-09-17";"Present";"";"18:46:00";6.9
517;328;"2026-09-18";"Present";"08:29:00";"";0.0
518;328;"2026-09-19";"Present";"";"17:28:00";0.0
519;328;"2026-09-20";"Present";"08:31:00";"";7.4
520;328;"2026-09-21";"Absent";"09:36:00";"16:27:00";6.1
521;335;"2026-09-02";"Present";"10:59:00";"18:21:00";7.37
522;335;"2026-09-03";"Present";"08:43:00";"";8.55
523;335;"2026-09-04";"Present";"10:58:00";"17:06:00";8.63
524;335;"2026-09-05";"Absent";"09:43:00";"17:47:00";8.17
525;335;"2026-09-06";"Absent";"08:38:00";"16:37:00";8.3
526;335;"2026-09-07";"Present";"08:13:00";"16:01:00";9.83
527;335;"2026-09-08";"Present";"";"19:07:00";9.97
528;335;"2026-09-09";"Present";"10:04:00";"16:59:00";9.42
529;335;"2026-09-10";"Present";"10:38:00";"18:01:00";7.13
530;335;"2026-09-11";"Present";"10:32:00";"16:11:00";9.77
531;335;"2026-09-12";"Absent";"08:17:00";"16:43:00";6.15
532;335;"2026-09-13";"Present";"10:37:00";"16:39:00";11.85
533;335;"2026-09-14";"Absent";"08:51:00";"";10.03
534;335;"2026-09-15";"Present";"10:53:00";"";8.77
535;335;"2026-09-16";"Present";"08:31:00";"";10.0
536;335;"2026-09-17";"Present";"";"17:50:00";0.0
537;335;"2026-09-18";"Present";"08:49:00";"";7.75
538;335;"2026-09-19";"Present";"08:37:00";"18:11:00";9.57
539;335;"2026-09-20";"Present";"10:46:00";"19:06:00";8.98
540;335;"2026-09-21";"Present";"";"";8.45
541;352;"2026-09-02";"Present";"";"";0.0
542;352;"2026-09-03";"Present";"";"16:56:00";9.65
543;352;"2026-09-04";"Absent";"09:11:00";"19:57:00";10.77
544;352;"2026-09-05";"Present";"09:37:00";"16:28:00";10.27
545;352;"2026-09-06";"Absent";"08:02:00";"16:15:00";8.22
546;352;"2026-09-07";"Present";"08:54:00";"19:01:00";7.4
547;352;"2026-09-08";"Present";"08:21:00";"16:27:00";8.1
548;352;"2026-09-09";"Present";"09:39:00";"17:29:00";7.83
549;352;"2026-09-10";"Present";"09:04:00";"19:18:00";5.63
550;352;"2026-09-11";"Present";"";"";9.88
551;352;"2026-09-12";"Present";"08:31:00";"18:09:00";10.65
552;352;"2026-09-13";"Present";"";"16:34:00";9.08
553;352;"2026-09-14";"Absent";"08:49:00";"16:38:00";6.85
554;352;"2026-09-15";"Present";"";"17:33:00";0.0
555;352;"2026-09-16";"Present";"09:38:00";"17:42:00";6.62
556;352;"2026-09-17";"Absent";"";"17:02:00";0.0
557;352;"2026-09-18";"Present";"08:35:00";"16:41:00";8.73
558;352;"2026-09-19";"Absent";"";"19:42:00";9.5
559;352;"2026-09-20";"Absent";"";"16:35:00";7.88
560;352;"2026-09-21";"Present";"08:21:00";"17:00:00";5.35
561;369;"2026-09-02";"Present";"09:11:00";"16:41:00";9.1
562;369;"2026-09-03";"Absent";"08:51:00";"19:52:00";8.2
563;369;"2026-09-04";"Present";"";"";0.0
564;369;"2026-09-05";"Present";"";"17:29:00";0.0
565;369;"2026-09-06";"Present";"";"18:53:00";9.28
566;369;"2026-09-07";"Absent";"";"18:02:00";7.52
567;369;"2026-09-08";"Present";"09:56:00";"";5.8
568;369;"2026-09-09";"Present";"";"18:10:00";8.73
569;369;"2026-09-10";"Present";"09:26:00";"";8.22
570;369;"2026-09-11";"Present";"";"19:59:00";11.15
571;369;"2026-09-12";"Absent";"10:57:00";"16:09:00";7.82
572;369;"2026-09-13";"Present";"09:59:00";"18:33:00";7.72
573;369;"2026-09-14";"Present";"09:42:00";"19:29:00";8.08
574;369;"2026-09-15";"Present";"";"16:19:00";7.18
575;369;"2026-09-16";"Present";"";"19:04:00";0.0
576;369;"2026-09-17";"Present";"09:04:00";"19:02:00";9.97
577;369;"2026-09-18";"Present";"";"";10.73
578;369;"2026-09-19";"Absent";"09:48:00";"18:17:00";9.23
579;369;"2026-09-20";"Work From Home";"08:27:00";"18:20:00";9.88
580;369;"2026-09-21";"Absent";"08:02:00";"";7.98
581;404;"2026-09-02";"Present";"10:26:00";"";8.73
582;404;"2026-09-03";"Present";"";"18:26:00";8.58
583;404;"2026-09-04";"Present";"10:45:00";"19:50:00";9.43
584;404;"2026-09-05";"Present";"08:50:00";"16:35:00";9.97
585;404;"2026-09-06";"Absent";"";"17:56:00";10.08
586;404;"2026-09-07";"Present";"10:31:00";"16:24:00";8.92
587;404;"2026-09-08";"Present";"08:38:00";"";8.57
588;404;"2026-09-09";"Present";"10:12:00";"";0.0
589;404;"2026-09-10";"Present";"10:19:00";"16:52:00";9.72
590;404;"2026-09-11";"Present";"09:01:00";"18:32:00";9.52
591;404;"2026-09-12";"Present";"10:43:00";"19:08:00";8.3
592;404;"2026-09-13";"Present";"08:42:00";"17:07:00";9.5
593;404;"2026-09-14";"Present";"10:53:00";"19:06:00";8.22
594;404;"2026-09-15";"Present";"";"19:00:00";9.62
595;404;"2026-09-16";"Present";"08:57:00";"";0.0
596;404;"2026-09-17";"Present";"10:59:00";"16:33:00";9.9
597;404;"2026-09-18";"Present";"09:42:00";"19:32:00";8.03
598;404;"2026-09-19";"Absent";"08:10:00";"18:14:00";8.58
599;404;"2026-09-20";"Present";"10:47:00";"";7.88
600;404;"2026-09-21";"Present";"10:01:00";"19:11:00";8.08
601;411;"2026-09-02";"Work From Home";"";"17:34:00";0.0
602;411;"2026-09-03";"Present";"09:31:00";"17:51:00";7.47
603;411;"2026-09-04";"Present";"08:31:00";"";6.23
604;411;"2026-09-05";"Present";"09:08:00";"18:17:00";11.8
605;411;"2026-09-06";"Present";"08:34:00";"17:07:00";9.8
606;411;"2026-09-07";"Present";"10:33:00";"19:21:00";8.3
607;411;"2026-09-08";"Present";"09:32:00";"19:05:00";9.55
608;411;"2026-09-09";"Present";"";"18:24:00";7.1
609;411;"2026-09-10";"Present";"10:12:00";"19:42:00";9.68
610;411;"2026-09-11";"Absent";"10:39:00";"18:22:00";5.55
611;411;"2026-09-12";"Present";"";"";6.7
612;411;"2026-09-13";"Absent";"10:48:00";"18:52:00";8.07
613;411;"2026-09-14";"Present";"10:31:00";"";0.0
614;411;"2026-09-15";"Present";"";"17:31:00";0.0
615;411;"2026-09-16";"Present";"09:21:00";"17:36:00";6.77
616;411;"2026-09-17";"Absent";"";"19:10:00";6.42
617;411;"2026-09-18";"Absent";"10:35:00";"19:42:00";9.12
618;411;"2026-09-19";"Present";"";"19:36:00";10.05
619;411;"2026-09-20";"Absent";"08:18:00";"16:37:00";6.82
620;411;"2026-09-21";"Present";"";"16:56:00";7.48
621;416;"2026-09-02";"Present";"08:32:00";"18:52:00";7.32
622;416;"2026-09-03";"Present";"08:57:00";"17:37:00";8.67
623;416;"2026-09-04";"Absent";"";"";9.32
624;416;"2026-09-05";"Absent";"08:10:00";"";10.6
625;416;"2026-09-06";"Present";"08:35:00";"";0.0
626;416;"2026-09-07";"Work From Home";"09:46:00";"17:33:00";9.13
627;416;"2026-09-08";"Work From Home";"";"16:05:00";6.05
628;416;"2026-09-09";"Present";"";"";0.0
629;416;"2026-09-10";"Present";"";"18:06:00";8.57
630;416;"2026-09-11";"Absent";"";"18:25:00";10.35
631;416;"2026-09-12";"Absent";"";"16:35:00";9.67
632;416;"2026-09-13";"Present";"10:30:00";"17:35:00";7.15
633;416;"2026-09-14";"Present";"10:47:00";"19:54:00";9.12
634;416;"2026-09-15";"Present";"08:28:00";"";0.0
635;416;"2026-09-16";"Present";"";"18:48:00";9.9
636;416;"2026-09-17";"Present";"08:04:00";"";7.07
637;416;"2026-09-18";"Present";"";"18:31:00";0.0
638;416;"2026-09-19";"Absent";"";"18:11:00";9.8
639;416;"2026-09-20";"Absent";"10:29:00";"";9.43
640;416;"2026-09-21";"Present";"08:51:00";"16:14:00";6.07
641;425;"2026-09-02";"Present";"08:16:00";"";0.0
642;425;"2026-09-03";"Absent";"";"19:50:00";8.02
643;425;"2026-09-04";"Present";"08:09:00";"17:10:00";10.35
644;425;"2026-09-05";"Present";"";"16:26:00";0.0
645;425;"2026-09-06";"Present";"";"17:18:00";10.37
646;425;"2026-09-07";"Present";"08:33:00";"17:36:00";10.17
647;425;"2026-09-08";"Work From Home";"";"";10.47
648;425;"2026-09-09";"Present";"09:27:00";"17:34:00";8.12
649;425;"2026-09-10";"Present";"";"";0.0
650;425;"2026-09-11";"Present";"08:07:00";"16:21:00";9.35
651;425;"2026-09-12";"Present";"10:13:00";"16:23:00";9.02
652;425;"2026-09-13";"Absent";"09:06:00";"17:54:00";7.08
653;425;"2026-09-14";"Absent";"08:12:00";"";9.57
654;425;"2026-09-15";"Present";"09:42:00";"19:07:00";9.87
655;425;"2026-09-16";"Present";"08:08:00";"19:40:00";8.25
656;425;"2026-09-17";"Present";"09:05:00";"18:49:00";7.33
657;425;"2026-09-18";"Present";"10:45:00";"";8.45
658;425;"2026-09-19";"Present";"";"16:51:00";11.07
659;425;"2026-09-20";"Present";"";"16:46:00";8.47
660;425;"2026-09-21";"Absent";"10:46:00";"";8.95
661;443;"2026-09-02";"Present";"10:38:00";"16:17:00";9.78
662;443;"2026-09-03";"Present";"10:13:00";"18:50:00";9.72
663;443;"2026-09-04";"Present";"";"";5.57
664;443;"2026-09-05";"Absent";"";"";10.07
665;443;"2026-09-06";"Present";"10:45:00";"17:45:00";9.08
666;443;"2026-09-07";"Present";"08:24:00";"19:51:00";11.45
667;443;"2026-09-08";"Present";"08:19:00";"19:33:00";9.88
668;443;"2026-09-09";"Present";"08:48:00";"";7.38
669;443;"2026-09-10";"Present";"10:26:00";"16:46:00";6.18
670;443;"2026-09-11";"Absent";"08:17:00";"18:15:00";8.97
671;443;"2026-09-12";"Present";"10:27:00";"18:00:00";10.03
672;443;"2026-09-13";"Present";"09:13:00";"";8.92
673;443;"2026-09-14";"Present";"";"16:49:00";8.7
674;443;"2026-09-15";"Present";"";"16:08:00";11.2
675;443;"2026-09-16";"Present";"09:43:00";"17:58:00";6.2
676;443;"2026-09-17";"Present";"";"18:20:00";0.0
677;443;"2026-09-18";"Present";"10:30:00";"19:04:00";11.25
678;443;"2026-09-19";"Present";"08:21:00";"17:30:00";10.4
679;443;"2026-09-20";"Present";"09:15:00";"18:47:00";9.53
680;443;"2026-09-21";"Present";"09:21:00";"19:06:00";9.75
681;452;"2026-09-02";"Work From Home";"09:11:00";"19:10:00";9.98
682;452;"2026-09-03";"Present";"10:57:00";"";5.83
683;452;"2026-09-04";"Absent";"08:32:00";"";9.9
684;452;"2026-09-05";"Present";"09:30:00";"";0.0
685;452;"2026-09-06";"Absent";"09:09:00";"18:17:00";11.45
686;452;"2026-09-07";"Present";"";"19:46:00";0.0
687;452;"2026-09-08";"Absent";"08:16:00";"18:43:00";8.15
688;452;"2026-09-09";"Present";"08:44:00";"";8.15
689;452;"2026-09-10";"Present";"10:35:00";"16:48:00";9.25
690;452;"2026-09-11";"Present";"";"17:25:00";0.0
691;452;"2026-09-12";"Present";"09:32:00";"19:51:00";7.77
692;452;"2026-09-13";"Present";"10:03:00";"18:08:00";8.08
693;452;"2026-09-14";"Absent";"10:05:00";"16:19:00";10.2
694;452;"2026-09-15";"Absent";"";"18:28:00";8.9
695;452;"2026-09-16";"Present";"08:41:00";"16:30:00";8.82
696;452;"2026-09-17";"Present";"09:30:00";"18:55:00";9.42
697;452;"2026-09-18";"Present";"08:20:00";"18:50:00";8.52
698;452;"2026-09-19";"Present";"";"";0.0
699;452;"2026-09-20";"Present";"08:22:00";"19:44:00";7.77
700;452;"2026-09-21";"Present";"08:37:00";"18:11:00";9.57
701;469;"2026-09-02";"Present";"";"17:34:00";10.47
702;469;"2026-09-03";"Present";"08:00:00";"";0.0
703;469;"2026-09-04";"Absent";"08:38:00";"17:47:00";7.3
704;469;"2026-09-05";"Present";"";"";0.0
705;469;"2026-09-06";"Present";"";"18:12:00";8.07
706;469;"2026-09-07";"Absent";"10:12:00";"16:09:00";6.63
707;469;"2026-09-08";"Present";"08:49:00";"19:55:00";11.1
708;469;"2026-09-09";"Absent";"09:54:00";"";8.15
709;469;"2026-09-10";"Present";"08:30:00";"";6.85
710;469;"2026-09-11";"Absent";"09:26:00";"18:13:00";7.35
711;469;"2026-09-12";"Present";"09:24:00";"19:44:00";8.22
712;469;"2026-09-13";"Present";"";"19:56:00";9.1
713;469;"2026-09-14";"Present";"10:31:00";"";10.82
714;469;"2026-09-15";"Present";"09:23:00";"";0.0
715;469;"2026-09-16";"Present";"";"17:44:00";8.1
716;469;"2026-09-17";"Present";"09:02:00";"17:57:00";8.92
717;469;"2026-09-18";"Present";"10:32:00";"16:01:00";5.48
718;469;"2026-09-19";"Absent";"09:21:00";"17:57:00";8.6
719;469;"2026-09-20";"Absent";"08:50:00";"16:05:00";6.63
720;469;"2026-09-21";"Present";"10:35:00";"19:28:00";8.88
721;484;"2026-09-02";"Present";"10:41:00";"16:23:00";9.45
722;484;"2026-09-03";"Absent";"";"16:04:00";0.0
723;484;"2026-09-04";"Present";"08:27:00";"17:29:00";7.83
724;484;"2026-09-05";"Present";"08:23:00";"19:35:00";10.87
725;484;"2026-09-06";"Absent";"";"16:08:00";8.17
726;484;"2026-09-07";"Absent";"09:29:00";"18:51:00";7.25
727;484;"2026-09-08";"Absent";"09:53:00";"19:27:00";9.57
728;484;"2026-09-09";"Present";"08:23:00";"";0.0
729;484;"2026-09-10";"Present";"10:24:00";"17:46:00";8.5
730;484;"2026-09-11";"Present";"08:39:00";"16:31:00";6.35
731;484;"2026-09-12";"Present";"08:58:00";"17:17:00";7.62
732;484;"2026-09-13";"Absent";"09:45:00";"";9.53
733;484;"2026-09-14";"Present";"08:10:00";"18:34:00";8.03
734;484;"2026-09-15";"Present";"";"18:29:00";0.0
735;484;"2026-09-16";"Work From Home";"09:35:00";"";8.13
736;484;"2026-09-17";"Present";"";"17:05:00";8.67
737;484;"2026-09-18";"Present";"08:24:00";"16:12:00";7.8
738;484;"2026-09-19";"Present";"09:05:00";"";7.43
739;484;"2026-09-20";"Absent";"";"19:25:00";9.43
740;484;"2026-09-21";"Present";"08:04:00";"18:35:00";10.52
741;494;"2026-09-02";"Absent";"09:02:00";"";7.67
742;494;"2026-09-03";"Absent";"10:47:00";"18:28:00";7.68
743;494;"2026-09-04";"Present";"10:54:00";"";10.27
744;494;"2026-09-05";"Present";"10:04:00";"";0.0
745;494;"2026-09-06";"Present";"10:01:00";"16:42:00";8.1
746;494;"2026-09-07";"Present";"09:17:00";"16:17:00";6.8
747;494;"2026-09-08";"Present";"08:26:00";"16:12:00";8.0
748;494;"2026-09-09";"Present";"09:33:00";"18:40:00";6.32
749;494;"2026-09-10";"Absent";"08:08:00";"17:59:00";9.85
750;494;"2026-09-11";"Present";"10:49:00";"19:51:00";9.1
751;494;"2026-09-12";"Present";"08:53:00";"19:20:00";10.85
752;494;"2026-09-13";"Present";"10:35:00";"";6.87
753;494;"2026-09-14";"Present";"";"17:05:00";6.5
754;494;"2026-09-15";"Present";"09:02:00";"18:40:00";7.78
755;494;"2026-09-16";"Absent";"09:49:00";"17:08:00";7.32
756;494;"2026-09-17";"Present";"08:35:00";"18:53:00";7.63
757;494;"2026-09-18";"Present";"";"16:13:00";7.72
758;494;"2026-09-19";"Present";"10:18:00";"17:27:00";7.15
759;494;"2026-09-20";"Present";"10:44:00";"16:57:00";9.02
760;494;"2026-09-21";"Work From Home";"08:30:00";"17:16:00";8.52
761;496;"2026-09-02";"Present";"09:23:00";"18:17:00";8.77
762;496;"2026-09-03";"Present";"09:05:00";"19:13:00";7.28
763;496;"2026-09-04";"Present";"10:43:00";"16:37:00";6.53
764;496;"2026-09-05";"Present";"10:28:00";"19:35:00";9.43
765;496;"2026-09-06";"Present";"09:55:00";"18:51:00";8.73
766;496;"2026-09-07";"Present";"10:06:00";"16:00:00";5.9
767;496;"2026-09-08";"Absent";"10:33:00";"";9.08
768;496;"2026-09-09";"Present";"08:40:00";"";9.3
769;496;"2026-09-10";"Present";"08:29:00";"";5.88
770;496;"2026-09-11";"Present";"09:47:00";"";7.75
771;496;"2026-09-12";"Present";"09:09:00";"17:31:00";5.7
772;496;"2026-09-13";"Absent";"09:00:00";"";0.0
773;496;"2026-09-14";"Present";"08:07:00";"16:21:00";7.52
774;496;"2026-09-15";"Present";"09:24:00";"16:29:00";7.55
775;496;"2026-09-16";"Present";"";"17:40:00";9.58
776;496;"2026-09-17";"Work From Home";"10:06:00";"17:10:00";9.23
777;496;"2026-09-18";"Present";"08:05:00";"19:31:00";10.88
778;496;"2026-09-19";"Present";"09:32:00";"19:30:00";7.48
779;496;"2026-09-20";"Present";"10:49:00";"19:35:00";8.52
780;496;"2026-09-21";"Present";"10:21:00";"17:40:00";7.32
781;497;"2026-09-02";"Present";"";"19:34:00";8.53
782;497;"2026-09-03";"Present";"10:39:00";"16:31:00";8.27
783;497;"2026-09-04";"Present";"10:44:00";"19:35:00";10.8
784;497;"2026-09-05";"Present";"";"17:52:00";9.07
785;497;"2026-09-06";"Present";"";"18:38:00";8.87
786;497;"2026-09-07";"Absent";"08:35:00";"16:56:00";8.57
787;497;"2026-09-08";"Present";"09:59:00";"16:18:00";6.32
788;497;"2026-09-09";"Present";"08:35:00";"16:37:00";8.05
789;497;"2026-09-10";"Present";"09:23:00";"16:00:00";6.8
790;497;"2026-09-11";"Absent";"10:51:00";"19:59:00";8.58
791;497;"2026-09-12";"Present";"10:57:00";"";0.0
792;497;"2026-09-13";"Work From Home";"08:42:00";"19:43:00";8.72
793;497;"2026-09-14";"Present";"";"18:05:00";0.0
794;497;"2026-09-15";"Present";"09:25:00";"18:54:00";8.03
795;497;"2026-09-16";"Present";"";"";8.02
796;497;"2026-09-17";"Absent";"08:45:00";"16:40:00";10.67
797;497;"2026-09-18";"Absent";"08:36:00";"16:07:00";7.37
798;497;"2026-09-19";"Present";"10:49:00";"17:23:00";6.43
799;497;"2026-09-20";"Present";"10:17:00";"";0.0
800;497;"2026-09-21";"Absent";"08:33:00";"";8.97
801;517;"2026-09-02";"Present";"09:25:00";"";11.02
802;517;"2026-09-03";"Present";"10:45:00";"18:00:00";6.18
803;517;"2026-09-04";"Absent";"10:22:00";"";9.37
804;517;"2026-09-05";"Present";"";"17:24:00";0.0
805;517;"2026-09-06";"Present";"10:00:00";"19:28:00";7.92
806;517;"2026-09-07";"Present";"08:19:00";"18:59:00";10.67
807;517;"2026-09-08";"Present";"09:37:00";"17:02:00";7.42
808;517;"2026-09-09";"Present";"";"19:11:00";9.77
809;517;"2026-09-10";"Absent";"10:44:00";"17:20:00";9.13
810;517;"2026-09-11";"Present";"10:52:00";"16:00:00";8.83
811;517;"2026-09-12";"Absent";"10:52:00";"19:56:00";9.37
812;517;"2026-09-13";"Present";"09:18:00";"16:17:00";6.98
813;517;"2026-09-14";"Absent";"09:05:00";"19:10:00";8.03
814;517;"2026-09-15";"Present";"08:56:00";"16:05:00";9.08
815;517;"2026-09-16";"Absent";"10:50:00";"";8.02
816;517;"2026-09-17";"Present";"10:33:00";"";5.88
817;517;"2026-09-18";"Present";"09:43:00";"16:21:00";8.12
818;517;"2026-09-19";"Absent";"";"";6.17
819;517;"2026-09-20";"Present";"09:47:00";"19:38:00";7.05
820;517;"2026-09-21";"Present";"09:29:00";"19:24:00";7.42
821;518;"2026-09-02";"Present";"08:15:00";"17:40:00";9.37
822;518;"2026-09-03";"Present";"10:29:00";"19:02:00";7.8
823;518;"2026-09-04";"Present";"08:52:00";"";6.37
824;518;"2026-09-05";"Absent";"10:46:00";"19:37:00";8.85
825;518;"2026-09-06";"Present";"09:08:00";"";0.0
826;518;"2026-09-07";"Present";"";"16:20:00";8.5
827;518;"2026-09-08";"Present";"09:49:00";"";0.0
828;518;"2026-09-09";"Present";"";"";0.0
829;518;"2026-09-10";"Work From Home";"10:05:00";"";8.55
830;518;"2026-09-11";"Present";"09:04:00";"";6.77
831;518;"2026-09-12";"Present";"10:58:00";"16:57:00";9.03
832;518;"2026-09-13";"Present";"10:01:00";"19:44:00";8.65
833;518;"2026-09-14";"Present";"";"";0.0
834;518;"2026-09-15";"Present";"";"16:24:00";7.47
835;518;"2026-09-16";"Present";"";"";6.5
836;518;"2026-09-17";"Present";"10:44:00";"";7.07
837;518;"2026-09-18";"Work From Home";"08:40:00";"18:18:00";6.02
838;518;"2026-09-19";"Present";"08:44:00";"18:37:00";9.88
839;518;"2026-09-20";"Present";"10:44:00";"";0.0
840;518;"2026-09-21";"Present";"";"18:17:00";8.05
841;534;"2026-09-02";"Present";"09:21:00";"";7.77
842;534;"2026-09-03";"Present";"08:25:00";"";5.93
843;534;"2026-09-04";"Present";"10:59:00";"16:53:00";9.35
844;534;"2026-09-05";"Absent";"08:55:00";"";10.05
845;534;"2026-09-06";"Present";"";"18:01:00";0.0
846;534;"2026-09-07";"Present";"";"18:09:00";0.0
847;534;"2026-09-08";"Absent";"";"";8.73
848;534;"2026-09-09";"Present";"09:56:00";"17:27:00";10.25
849;534;"2026-09-10";"Absent";"09:30:00";"16:54:00";6.77
850;534;"2026-09-11";"Present";"10:32:00";"19:14:00";9.05
851;534;"2026-09-12";"Present";"08:46:00";"19:09:00";10.38
852;534;"2026-09-13";"Work From Home";"";"19:44:00";8.85
853;534;"2026-09-14";"Absent";"08:02:00";"17:26:00";9.1
854;534;"2026-09-15";"Present";"08:56:00";"19:41:00";7.9
855;534;"2026-09-16";"Absent";"09:56:00";"";9.53
856;534;"2026-09-17";"Present";"08:12:00";"";7.73
857;534;"2026-09-18";"Absent";"10:48:00";"17:23:00";6.58
858;534;"2026-09-19";"Present";"";"19:38:00";11.47
859;534;"2026-09-20";"Present";"08:09:00";"17:27:00";11.07
860;534;"2026-09-21";"Present";"08:35:00";"";9.72
861;535;"2026-09-02";"Present";"09:24:00";"18:59:00";8.33
862;535;"2026-09-03";"Present";"10:02:00";"18:48:00";10.25
863;535;"2026-09-04";"Present";"08:00:00";"17:36:00";6.48
864;535;"2026-09-05";"Present";"09:46:00";"19:25:00";10.42
865;535;"2026-09-06";"Present";"10:51:00";"16:51:00";7.68
866;535;"2026-09-07";"Present";"09:01:00";"17:54:00";9.35
867;535;"2026-09-08";"Present";"10:35:00";"18:51:00";7.15
868;535;"2026-09-09";"Present";"";"17:59:00";8.08
869;535;"2026-09-10";"Present";"";"";0.0
870;535;"2026-09-11";"Present";"10:24:00";"19:12:00";8.8
871;535;"2026-09-12";"Present";"10:38:00";"18:39:00";5.85
872;535;"2026-09-13";"Present";"08:37:00";"18:43:00";5.23
873;535;"2026-09-14";"Present";"09:33:00";"18:45:00";9.2
874;535;"2026-09-15";"Present";"";"17:04:00";6.73
875;535;"2026-09-16";"Present";"10:59:00";"17:28:00";6.48
876;535;"2026-09-17";"Present";"09:08:00";"16:15:00";7.12
877;535;"2026-09-18";"Present";"09:28:00";"";10.98
878;535;"2026-09-19";"Present";"10:58:00";"";7.32
879;535;"2026-09-20";"Present";"";"16:09:00";5.47
880;535;"2026-09-21";"Present";"10:50:00";"16:26:00";7.92
881;1032;"2026-09-02";"Present";"";"17:49:00";6.85
882;1032;"2026-09-03";"Present";"10:14:00";"";0.0
883;1032;"2026-09-04";"Absent";"09:04:00";"";0.0
884;1032;"2026-09-05";"Present";"";"";9.27
885;1032;"2026-09-06";"Present";"10:47:00";"18:46:00";9.8
886;1032;"2026-09-07";"Present";"08:12:00";"19:09:00";8.98
887;1032;"2026-09-08";"Present";"10:52:00";"17:15:00";6.38
888;1032;"2026-09-09";"Present";"10:26:00";"";11.85
889;1032;"2026-09-10";"Absent";"";"19:24:00";8.72
890;1032;"2026-09-11";"Present";"08:05:00";"16:31:00";7.08
891;1032;"2026-09-12";"Absent";"10:30:00";"";10.7
892;1032;"2026-09-13";"Present";"";"";0.0
893;1032;"2026-09-14";"Present";"";"16:23:00";11.37
894;1032;"2026-09-15";"Present";"09:29:00";"17:45:00";8.3
895;1032;"2026-09-16";"Present";"10:52:00";"";9.65
896;1032;"2026-09-17";"Present";"08:39:00";"";0.0
897;1032;"2026-09-18";"Absent";"09:56:00";"18:48:00";8.05
898;1032;"2026-09-19";"Present";"08:53:00";"19:48:00";7.52
899;1032;"2026-09-20";"Present";"09:21:00";"16:29:00";7.13
900;1032;"2026-09-21";"Present";"08:29:00";"";10.47
901;9;"2026-09-02";"Absent";"09:45:00";"";9.5
902;9;"2026-09-03";"Present";"09:26:00";"17:40:00";8.23
903;9;"2026-09-04";"Present";"08:58:00";"18:17:00";9.32
904;9;"2026-09-05";"Present";"09:52:00";"19:02:00";9.17
905;9;"2026-09-06";"Absent";"08:40:00";"17:39:00";9.47
906;9;"2026-09-07";"Present";"08:07:00";"17:37:00";8.17
907;9;"2026-09-08";"Present";"08:01:00";"";0.0
908;9;"2026-09-09";"Present";"10:54:00";"19:08:00";8.93
909;9;"2026-09-10";"Present";"09:06:00";"16:03:00";6.95
910;9;"2026-09-11";"Absent";"08:15:00";"19:17:00";9.8
911;9;"2026-09-12";"Work From Home";"";"";11.35
912;9;"2026-09-13";"Absent";"08:16:00";"16:59:00";10.68
913;9;"2026-09-14";"Present";"10:22:00";"19:29:00";9.12
914;9;"2026-09-15";"Present";"10:26:00";"19:10:00";8.87
915;9;"2026-09-16";"Present";"10:42:00";"17:38:00";6.93
916;9;"2026-09-17";"Present";"09:05:00";"16:43:00";7.63
917;9;"2026-09-18";"Present";"10:34:00";"18:21:00";7.87
918;9;"2026-09-19";"Present";"09:36:00";"16:43:00";8.42
919;9;"2026-09-20";"Present";"10:17:00";"18:03:00";7.77
920;9;"2026-09-21";"Present";"08:46:00";"18:28:00";9.7
921;21;"2026-09-02";"Present";"09:10:00";"17:05:00";7.92
922;21;"2026-09-03";"Present";"";"19:20:00";7.68
923;21;"2026-09-04";"Absent";"10:01:00";"16:28:00";11.13
924;21;"2026-09-05";"Present";"10:17:00";"18:05:00";7.8
925;21;"2026-09-06";"Present";"09:54:00";"";8.18
926;21;"2026-09-07";"Absent";"09:25:00";"16:41:00";6.97
927;21;"2026-09-08";"Present";"08:43:00";"19:44:00";9.72
928;21;"2026-09-09";"Present";"09:18:00";"";6.48
929;21;"2026-09-10";"Present";"08:28:00";"";5.57
930;21;"2026-09-11";"Present";"09:16:00";"";6.72
931;21;"2026-09-12";"Present";"09:44:00";"";0.0
932;21;"2026-09-13";"Present";"10:42:00";"";8.87
933;21;"2026-09-14";"Present";"09:09:00";"16:12:00";7.05
934;21;"2026-09-15";"Present";"";"19:12:00";10.88
935;21;"2026-09-16";"Absent";"09:03:00";"17:58:00";8.92
936;21;"2026-09-17";"Present";"09:26:00";"19:10:00";9.28
937;21;"2026-09-18";"Present";"08:21:00";"19:30:00";8.02
938;21;"2026-09-19";"Work From Home";"08:48:00";"";0.0
939;21;"2026-09-20";"Present";"";"16:14:00";8.08
940;21;"2026-09-21";"Absent";"08:10:00";"16:29:00";9.68
941;26;"2026-09-02";"Present";"";"17:44:00";9.63
942;26;"2026-09-03";"Present";"10:46:00";"17:57:00";8.28
943;26;"2026-09-04";"Present";"10:54:00";"17:17:00";10.05
944;26;"2026-09-05";"Present";"08:46:00";"19:49:00";11.48
945;26;"2026-09-06";"Present";"10:36:00";"16:10:00";9.98
946;26;"2026-09-07";"Present";"09:24:00";"19:14:00";9.83
947;26;"2026-09-08";"Present";"08:10:00";"";6.53
948;26;"2026-09-09";"Present";"09:49:00";"16:47:00";6.62
949;26;"2026-09-10";"Present";"09:12:00";"19:08:00";9.93
950;26;"2026-09-11";"Absent";"09:34:00";"18:26:00";5.82
951;26;"2026-09-12";"Present";"09:20:00";"";9.55
952;26;"2026-09-13";"Present";"09:30:00";"17:03:00";7.55
953;26;"2026-09-14";"Work From Home";"08:06:00";"17:11:00";9.08
954;26;"2026-09-15";"Present";"10:27:00";"17:31:00";7.07
955;26;"2026-09-16";"Present";"";"18:31:00";0.0
956;26;"2026-09-17";"Present";"";"16:15:00";0.0
957;26;"2026-09-18";"Present";"";"16:25:00";10.47
958;26;"2026-09-19";"Present";"08:50:00";"";8.1
959;26;"2026-09-20";"Absent";"08:20:00";"16:40:00";9.75
960;26;"2026-09-21";"Present";"08:56:00";"16:13:00";7.28
961;36;"2026-09-02";"Present";"";"17:15:00";8.18
962;36;"2026-09-03";"Present";"09:40:00";"";6.12
963;36;"2026-09-04";"Present";"";"19:49:00";9.03
964;36;"2026-09-05";"Present";"08:06:00";"17:57:00";6.32
965;36;"2026-09-06";"Present";"10:25:00";"16:58:00";8.62
966;36;"2026-09-07";"Present";"10:24:00";"";10.25
967;36;"2026-09-08";"Present";"";"17:55:00";6.23
968;36;"2026-09-09";"Present";"08:56:00";"16:55:00";8.22
969;36;"2026-09-10";"Present";"09:25:00";"19:35:00";6.48
970;36;"2026-09-11";"Present";"09:04:00";"17:38:00";8.43
971;36;"2026-09-12";"Present";"10:51:00";"19:07:00";8.27
972;36;"2026-09-13";"Present";"09:29:00";"";6.7
973;36;"2026-09-14";"Work From Home";"10:47:00";"16:16:00";9.18
974;36;"2026-09-15";"Present";"10:03:00";"18:49:00";5.85
975;36;"2026-09-16";"Absent";"";"16:32:00";9.52
976;36;"2026-09-17";"Absent";"08:11:00";"";0.0
977;36;"2026-09-18";"Absent";"09:24:00";"";6.58
978;36;"2026-09-19";"Present";"";"18:29:00";0.0
979;36;"2026-09-20";"Present";"09:08:00";"16:54:00";8.27
980;36;"2026-09-21";"Present";"08:31:00";"18:56:00";7.52
981;40;"2026-09-02";"Present";"09:27:00";"18:13:00";7.65
982;40;"2026-09-03";"Present";"08:12:00";"";10.48
983;40;"2026-09-04";"Present";"08:16:00";"18:57:00";10.68
984;40;"2026-09-05";"Present";"";"17:09:00";0.0
985;40;"2026-09-06";"Present";"10:00:00";"16:52:00";6.87
986;40;"2026-09-07";"Present";"09:01:00";"16:16:00";6.42
987;40;"2026-09-08";"Present";"";"16:57:00";7.33
988;40;"2026-09-09";"Present";"08:06:00";"";10.95
989;40;"2026-09-10";"Absent";"";"19:57:00";8.78
990;40;"2026-09-11";"Present";"10:16:00";"19:05:00";8.82
991;40;"2026-09-12";"Absent";"09:32:00";"19:45:00";10.22
992;40;"2026-09-13";"Absent";"10:44:00";"";0.0
993;40;"2026-09-14";"Present";"09:40:00";"";7.32
994;40;"2026-09-15";"Present";"09:48:00";"18:01:00";9.07
995;40;"2026-09-16";"Present";"09:31:00";"17:53:00";9.22
996;40;"2026-09-17";"Present";"09:49:00";"17:13:00";7.25
997;40;"2026-09-18";"Present";"";"19:20:00";0.0
998;40;"2026-09-19";"Present";"10:22:00";"16:27:00";9.33
999;40;"2026-09-20";"Absent";"10:11:00";"16:36:00";6.45
1000;40;"2026-09-21";"Present";"08:25:00";"18:04:00";10.47
1001;52;"2026-09-02";"Absent";"10:50:00";"19:22:00";9.3
1002;52;"2026-09-03";"Present";"08:35:00";"19:03:00";10.47
1003;52;"2026-09-04";"Absent";"08:36:00";"16:40:00";9.75
1004;52;"2026-09-05";"Present";"09:12:00";"18:55:00";8.0
1005;52;"2026-09-06";"Present";"";"";0.0
1006;52;"2026-09-07";"Present";"09:56:00";"18:04:00";8.35
1007;52;"2026-09-08";"Present";"";"19:41:00";8.57
1008;52;"2026-09-09";"Present";"10:07:00";"";0.0
1009;52;"2026-09-10";"Present";"10:01:00";"17:32:00";7.45
1010;52;"2026-09-11";"Present";"08:59:00";"";6.57
1011;52;"2026-09-12";"Present";"08:12:00";"16:23:00";8.18
1012;52;"2026-09-13";"Present";"08:27:00";"17:01:00";9.15
1013;52;"2026-09-14";"Present";"09:09:00";"16:18:00";6.53
1014;52;"2026-09-15";"Present";"";"17:01:00";0.0
1015;52;"2026-09-16";"Present";"08:01:00";"18:25:00";9.97
1016;52;"2026-09-17";"Work From Home";"09:22:00";"18:06:00";8.73
1017;52;"2026-09-18";"Present";"";"";9.45
1018;52;"2026-09-19";"Work From Home";"09:33:00";"19:45:00";10.15
1019;52;"2026-09-20";"Present";"10:51:00";"17:36:00";5.8
1020;52;"2026-09-21";"Absent";"08:25:00";"";10.17
1021;54;"2026-09-02";"Present";"08:38:00";"18:47:00";9.98
1022;54;"2026-09-03";"Present";"08:10:00";"17:56:00";7.47
1023;54;"2026-09-04";"Present";"09:47:00";"19:00:00";10.95
1024;54;"2026-09-05";"Present";"";"16:06:00";6.42
1025;54;"2026-09-06";"Absent";"10:16:00";"19:56:00";9.25
1026;54;"2026-09-07";"Present";"08:15:00";"19:19:00";9.65
1027;54;"2026-09-08";"Present";"10:52:00";"16:51:00";8.98
1028;54;"2026-09-09";"Present";"";"19:36:00";6.42
1029;54;"2026-09-10";"Present";"09:08:00";"16:00:00";8.0
1030;54;"2026-09-11";"Present";"09:41:00";"18:23:00";9.33
1031;54;"2026-09-12";"Absent";"08:18:00";"17:46:00";6.78
1032;54;"2026-09-13";"Present";"08:00:00";"17:41:00";7.2
1033;54;"2026-09-14";"Present";"08:55:00";"";0.0
1034;54;"2026-09-15";"Present";"10:44:00";"16:55:00";9.72
1035;54;"2026-09-16";"Present";"10:33:00";"19:44:00";9.42
1036;54;"2026-09-17";"Absent";"";"16:44:00";11.38
1037;54;"2026-09-18";"Absent";"08:05:00";"19:48:00";11.28
1038;54;"2026-09-19";"Present";"10:58:00";"18:01:00";7.42
1039;54;"2026-09-20";"Present";"";"18:02:00";8.05
1040;54;"2026-09-21";"Absent";"09:30:00";"16:19:00";6.82
1041;86;"2026-09-02";"Present";"";"16:00:00";9.82
1042;86;"2026-09-03";"Absent";"09:09:00";"";7.27
1043;86;"2026-09-04";"Present";"08:14:00";"18:50:00";8.42
1044;86;"2026-09-05";"Present";"09:51:00";"19:37:00";10.25
1045;86;"2026-09-06";"Absent";"09:54:00";"19:34:00";5.17
1046;86;"2026-09-07";"Present";"09:17:00";"16:34:00";7.07
1047;86;"2026-09-08";"Present";"10:52:00";"19:18:00";7.37
1048;86;"2026-09-09";"Present";"08:16:00";"17:22:00";9.9
1049;86;"2026-09-10";"Present";"";"16:27:00";8.57
1050;86;"2026-09-11";"Absent";"";"16:58:00";5.32
1051;86;"2026-09-12";"Present";"09:28:00";"18:19:00";7.78
1052;86;"2026-09-13";"Present";"";"16:27:00";10.13
1053;86;"2026-09-14";"Absent";"";"18:39:00";7.43
1054;86;"2026-09-15";"Absent";"";"16:08:00";6.22
1055;86;"2026-09-16";"Present";"10:14:00";"16:37:00";6.38
1056;86;"2026-09-17";"Present";"09:07:00";"17:07:00";8.93
1057;86;"2026-09-18";"Present";"09:01:00";"17:58:00";7.92
1058;86;"2026-09-19";"Present";"";"16:26:00";9.5
1059;86;"2026-09-20";"Absent";"09:12:00";"17:29:00";6.6
1060;86;"2026-09-21";"Present";"09:30:00";"16:33:00";6.1
1061;93;"2026-09-02";"Present";"10:34:00";"17:43:00";5.63
1062;93;"2026-09-03";"Present";"";"16:30:00";0.0
1063;93;"2026-09-04";"Present";"";"17:50:00";8.88
1064;93;"2026-09-05";"Present";"08:47:00";"19:55:00";7.12
1065;93;"2026-09-06";"Present";"";"17:26:00";8.02
1066;93;"2026-09-07";"Present";"09:03:00";"16:36:00";7.0
1067;93;"2026-09-08";"Present";"08:19:00";"16:35:00";8.27
1068;93;"2026-09-09";"Present";"10:22:00";"18:08:00";6.5
1069;93;"2026-09-10";"Present";"10:00:00";"19:51:00";9.85
1070;93;"2026-09-11";"Present";"08:15:00";"16:12:00";8.8
1071;93;"2026-09-12";"Present";"";"17:19:00";9.72
1072;93;"2026-09-13";"Present";"";"16:03:00";11.25
1073;93;"2026-09-14";"Absent";"09:07:00";"17:13:00";9.45
1074;93;"2026-09-15";"Present";"09:24:00";"16:38:00";9.0
1075;93;"2026-09-16";"Present";"10:45:00";"";9.02
1076;93;"2026-09-17";"Present";"";"17:41:00";7.65
1077;93;"2026-09-18";"Present";"10:36:00";"19:20:00";8.73
1078;93;"2026-09-19";"Absent";"09:26:00";"19:34:00";6.62
1079;93;"2026-09-20";"Present";"09:13:00";"18:57:00";9.73
1080;93;"2026-09-21";"Present";"";"";7.62
1081;111;"2026-09-02";"Present";"";"17:02:00";8.98
1082;111;"2026-09-03";"Present";"";"";9.37
1083;111;"2026-09-04";"Absent";"09:08:00";"17:06:00";8.57
1084;111;"2026-09-05";"Present";"08:32:00";"17:54:00";9.38
1085;111;"2026-09-06";"Absent";"09:44:00";"";8.97
1086;111;"2026-09-07";"Present";"10:02:00";"16:09:00";9.17
1087;111;"2026-09-08";"Present";"08:20:00";"16:41:00";5.48
1088;111;"2026-09-09";"Present";"08:33:00";"18:11:00";8.08
1089;111;"2026-09-10";"Absent";"10:41:00";"18:25:00";7.73
1090;111;"2026-09-11";"Absent";"09:02:00";"19:28:00";10.43
1091;111;"2026-09-12";"Work From Home";"09:57:00";"18:49:00";6.78
1092;111;"2026-09-13";"Present";"09:31:00";"16:01:00";11.1
1093;111;"2026-09-14";"Absent";"09:46:00";"";8.5
1094;111;"2026-09-15";"Present";"";"19:40:00";8.08
1095;111;"2026-09-16";"Present";"";"17:50:00";0.0
1096;111;"2026-09-17";"Present";"10:13:00";"18:51:00";9.13
1097;111;"2026-09-18";"Present";"";"19:03:00";10.02
1098;111;"2026-09-19";"Present";"10:06:00";"19:22:00";7.63
1099;111;"2026-09-20";"Present";"";"";6.67
1100;111;"2026-09-21";"Absent";"10:52:00";"";7.4
1101;146;"2026-09-02";"Absent";"08:57:00";"";0.0
1102;146;"2026-09-03";"Present";"10:04:00";"18:11:00";7.12
1103;146;"2026-09-04";"Work From Home";"";"";10.68
1104;146;"2026-09-05";"Present";"10:35:00";"17:46:00";6.03
1105;146;"2026-09-06";"Present";"";"19:01:00";8.12
1106;146;"2026-09-07";"Absent";"";"";6.12
1107;146;"2026-09-08";"Absent";"10:57:00";"16:41:00";9.83
1108;146;"2026-09-09";"Absent";"08:27:00";"";8.67
1109;146;"2026-09-10";"Work From Home";"";"16:19:00";8.68
1110;146;"2026-09-11";"Present";"08:32:00";"18:11:00";9.65
1111;146;"2026-09-12";"Present";"08:08:00";"16:30:00";8.37
1112;146;"2026-09-13";"Present";"08:33:00";"";9.13
1113;146;"2026-09-14";"Present";"10:12:00";"16:58:00";7.75
1114;146;"2026-09-15";"Present";"10:10:00";"";9.47
1115;146;"2026-09-16";"On Leave";"";"17:40:00";11.58
1116;146;"2026-09-17";"Present";"08:52:00";"18:09:00";10.13
1117;146;"2026-09-18";"Present";"08:41:00";"";0.0
1118;146;"2026-09-19";"Present";"08:26:00";"18:05:00";7.52
1119;146;"2026-09-20";"Present";"09:31:00";"18:42:00";6.93
1120;146;"2026-09-21";"Present";"08:14:00";"16:36:00";10.23
1121;148;"2026-09-02";"Work From Home";"09:49:00";"";8.97
1122;148;"2026-09-03";"Work From Home";"";"19:26:00";8.95
1123;148;"2026-09-04";"Present";"10:36:00";"19:43:00";10.03
1124;148;"2026-09-05";"Present";"08:26:00";"17:13:00";8.78
1125;148;"2026-09-06";"Present";"";"19:58:00";8.05
1126;148;"2026-09-07";"Present";"";"19:00:00";7.67
1127;148;"2026-09-08";"Present";"10:19:00";"17:41:00";8.83
1128;148;"2026-09-09";"Absent";"10:41:00";"16:58:00";6.28
1129;148;"2026-09-10";"Work From Home";"09:30:00";"17:23:00";10.88
1130;148;"2026-09-11";"Present";"08:41:00";"16:12:00";7.52
1131;148;"2026-09-12";"Present";"";"19:54:00";9.45
1132;148;"2026-09-13";"Absent";"09:14:00";"";8.6
1133;148;"2026-09-14";"Present";"";"";8.95
1134;148;"2026-09-15";"Present";"09:05:00";"18:32:00";9.45
1135;148;"2026-09-16";"Absent";"";"17:50:00";9.58
1136;148;"2026-09-17";"Absent";"10:46:00";"19:48:00";10.22
1137;148;"2026-09-18";"Present";"10:10:00";"";8.17
1138;148;"2026-09-19";"Present";"08:02:00";"17:21:00";6.22
1139;148;"2026-09-20";"Present";"10:18:00";"";9.65
1140;148;"2026-09-21";"Present";"10:20:00";"";10.18
1141;159;"2026-09-02";"Present";"";"16:34:00";7.07
1142;159;"2026-09-03";"Present";"09:20:00";"18:13:00";8.88
1143;159;"2026-09-04";"Present";"08:56:00";"";9.85
1144;159;"2026-09-05";"Present";"09:13:00";"18:27:00";9.1
1145;159;"2026-09-06";"Present";"";"17:58:00";0.0
1146;159;"2026-09-07";"Present";"10:02:00";"";0.0
1147;159;"2026-09-08";"Present";"09:34:00";"18:42:00";8.17
1148;159;"2026-09-09";"Present";"08:27:00";"19:12:00";5.6
1149;159;"2026-09-10";"Present";"08:25:00";"17:51:00";8.55
1150;159;"2026-09-11";"Present";"08:01:00";"";9.03
1151;159;"2026-09-12";"Present";"09:23:00";"";0.0
1152;159;"2026-09-13";"Present";"09:49:00";"";0.0
1153;159;"2026-09-14";"Present";"08:04:00";"16:29:00";8.42
1154;159;"2026-09-15";"Present";"08:36:00";"16:16:00";9.7
1155;159;"2026-09-16";"Present";"";"17:47:00";8.83
1156;159;"2026-09-17";"Present";"08:52:00";"18:08:00";9.27
1157;159;"2026-09-18";"Absent";"";"16:54:00";8.37
1158;159;"2026-09-19";"Work From Home";"09:09:00";"17:30:00";7.9
1159;159;"2026-09-20";"Present";"08:39:00";"17:41:00";8.08
1160;159;"2026-09-21";"Present";"08:37:00";"18:28:00";9.85
1161;167;"2026-09-02";"Present";"";"";0.0
1162;167;"2026-09-03";"Present";"";"18:07:00";0.0
1163;167;"2026-09-04";"Present";"10:38:00";"";0.0
1164;167;"2026-09-05";"Absent";"08:51:00";"16:06:00";9.67
1165;167;"2026-09-06";"Present";"09:52:00";"16:54:00";7.47
1166;167;"2026-09-07";"Absent";"";"18:26:00";10.23
1167;167;"2026-09-08";"Work From Home";"10:25:00";"18:49:00";8.4
1168;167;"2026-09-09";"Present";"09:12:00";"";6.43
1169;167;"2026-09-10";"Present";"";"16:29:00";0.0
1170;167;"2026-09-11";"Present";"09:41:00";"17:53:00";7.08
1171;167;"2026-09-12";"Present";"";"17:45:00";10.02
1172;167;"2026-09-13";"Present";"09:22:00";"17:48:00";8.27
1173;167;"2026-09-14";"Present";"09:57:00";"16:37:00";10.0
1174;167;"2026-09-15";"Present";"10:01:00";"19:09:00";9.13
1175;167;"2026-09-16";"Present";"08:51:00";"18:23:00";9.53
1176;167;"2026-09-17";"Present";"08:49:00";"16:02:00";8.52
1177;167;"2026-09-18";"Present";"";"";7.92
1178;167;"2026-09-19";"Present";"10:18:00";"16:10:00";7.18
1179;167;"2026-09-20";"Present";"08:12:00";"16:50:00";6.98
1180;167;"2026-09-21";"Present";"08:04:00";"17:04:00";9.03
1181;168;"2026-09-02";"Work From Home";"08:27:00";"";5.5
1182;168;"2026-09-03";"Present";"08:27:00";"";10.45
1183;168;"2026-09-04";"Present";"";"";11.18
1184;168;"2026-09-05";"Present";"08:07:00";"18:37:00";7.13
1185;168;"2026-09-06";"Absent";"";"18:07:00";8.0
1186;168;"2026-09-07";"Absent";"10:35:00";"";0.0
1187;168;"2026-09-08";"Present";"08:45:00";"17:25:00";8.8
1188;168;"2026-09-09";"Present";"09:03:00";"17:14:00";11.5
1189;168;"2026-09-10";"Absent";"10:00:00";"";8.32
1190;168;"2026-09-11";"Present";"08:55:00";"18:47:00";9.25
1191;168;"2026-09-12";"Present";"09:25:00";"";8.33
1192;168;"2026-09-13";"Present";"";"18:42:00";11.18
1193;168;"2026-09-14";"Present";"";"16:43:00";9.17
1194;168;"2026-09-15";"Absent";"09:42:00";"17:12:00";10.43
1195;168;"2026-09-16";"Present";"10:59:00";"16:22:00";7.13
1196;168;"2026-09-17";"Present";"10:56:00";"19:06:00";8.17
1197;168;"2026-09-18";"Work From Home";"08:48:00";"16:58:00";7.6
1198;168;"2026-09-19";"Present";"";"19:51:00";8.07
1199;168;"2026-09-20";"Absent";"09:35:00";"16:11:00";6.6
1200;168;"2026-09-21";"Work From Home";"";"19:51:00";8.95
1201;170;"2026-09-02";"Present";"10:54:00";"16:57:00";8.75
1202;170;"2026-09-03";"Present";"10:19:00";"";7.22
1203;170;"2026-09-04";"Present";"09:12:00";"";8.72
1204;170;"2026-09-05";"Present";"10:10:00";"18:17:00";9.87
1205;170;"2026-09-06";"Present";"08:14:00";"16:49:00";8.58
1206;170;"2026-09-07";"Present";"08:07:00";"";0.0
1207;170;"2026-09-08";"Absent";"";"";6.97
1208;170;"2026-09-09";"Present";"09:17:00";"";7.05
1209;170;"2026-09-10";"Present";"";"18:46:00";0.0
1210;170;"2026-09-11";"Present";"08:18:00";"17:50:00";7.65
1211;170;"2026-09-12";"Absent";"10:07:00";"19:28:00";9.35
1212;170;"2026-09-13";"Absent";"";"17:14:00";9.77
1213;170;"2026-09-14";"Present";"";"18:01:00";7.55
1214;170;"2026-09-15";"Present";"";"17:46:00";7.72
1215;170;"2026-09-16";"Present";"09:51:00";"";9.77
1216;170;"2026-09-17";"Present";"08:02:00";"19:11:00";11.15
1217;170;"2026-09-18";"Work From Home";"08:05:00";"17:06:00";9.02
1218;170;"2026-09-19";"Absent";"09:23:00";"";9.05
1219;170;"2026-09-20";"Present";"10:50:00";"";7.08
1220;170;"2026-09-21";"Present";"09:52:00";"";10.7
1221;186;"2026-09-02";"Absent";"10:13:00";"";10.45
1222;186;"2026-09-03";"Work From Home";"08:15:00";"";8.87
1223;186;"2026-09-04";"Absent";"";"";0.0
1224;186;"2026-09-05";"Absent";"08:15:00";"19:23:00";7.15
1225;186;"2026-09-06";"Absent";"";"19:50:00";6.57
1226;186;"2026-09-07";"Present";"09:58:00";"17:29:00";10.98
1227;186;"2026-09-08";"Absent";"10:52:00";"17:27:00";6.47
1228;186;"2026-09-09";"Present";"10:04:00";"16:21:00";9.05
1229;186;"2026-09-10";"Present";"08:21:00";"17:34:00";9.22
1230;186;"2026-09-11";"Present";"";"";7.48
1231;186;"2026-09-12";"Absent";"10:24:00";"17:44:00";7.33
1232;186;"2026-09-13";"Absent";"09:21:00";"17:52:00";7.17
1233;186;"2026-09-14";"Present";"";"";0.0
1234;186;"2026-09-15";"Present";"08:10:00";"17:18:00";9.97
1235;186;"2026-09-16";"Present";"";"";10.28
1236;186;"2026-09-17";"Present";"";"19:46:00";8.53
1237;186;"2026-09-18";"Present";"10:19:00";"";5.45
1238;186;"2026-09-19";"Absent";"08:12:00";"19:46:00";11.57
1239;186;"2026-09-20";"Present";"10:31:00";"16:56:00";6.42
1240;186;"2026-09-21";"Present";"10:06:00";"16:34:00";6.47
1241;188;"2026-09-02";"Present";"10:31:00";"19:22:00";9.18
1242;188;"2026-09-03";"Present";"09:24:00";"";9.77
1243;188;"2026-09-04";"Present";"10:28:00";"";9.22
1244;188;"2026-09-05";"Work From Home";"09:08:00";"19:58:00";5.67
1245;188;"2026-09-06";"Present";"09:42:00";"19:14:00";9.53
1246;188;"2026-09-07";"Present";"";"";6.88
1247;188;"2026-09-08";"Present";"10:34:00";"17:04:00";6.93
1248;188;"2026-09-09";"Absent";"08:09:00";"";7.17
1249;188;"2026-09-10";"Absent";"09:51:00";"17:31:00";7.67
1250;188;"2026-09-11";"Present";"09:46:00";"";7.92
1251;188;"2026-09-12";"Absent";"08:35:00";"18:42:00";6.78
1252;188;"2026-09-13";"Present";"09:40:00";"16:24:00";6.73
1253;188;"2026-09-14";"Present";"09:40:00";"16:10:00";7.95
1254;188;"2026-09-15";"Present";"08:00:00";"";8.85
1255;188;"2026-09-16";"Present";"10:33:00";"19:14:00";8.68
1256;188;"2026-09-17";"Work From Home";"08:55:00";"18:52:00";7.5
1257;188;"2026-09-18";"Present";"09:55:00";"";10.42
1258;188;"2026-09-19";"Absent";"";"18:02:00";9.53
1259;188;"2026-09-20";"Absent";"";"17:10:00";0.0
1260;188;"2026-09-21";"Present";"08:31:00";"18:11:00";9.67
1261;190;"2026-09-02";"Absent";"";"18:21:00";6.97
1262;190;"2026-09-03";"Present";"";"";9.72
1263;190;"2026-09-04";"Present";"08:31:00";"19:03:00";10.53
1264;190;"2026-09-05";"Present";"10:30:00";"";0.0
1265;190;"2026-09-06";"Present";"";"";10.82
1266;190;"2026-09-07";"Work From Home";"";"16:49:00";10.17
1267;190;"2026-09-08";"Present";"";"16:33:00";8.12
1268;190;"2026-09-09";"Present";"08:23:00";"16:59:00";8.6
1269;190;"2026-09-10";"Present";"10:38:00";"18:16:00";7.0
1270;190;"2026-09-11";"Absent";"08:01:00";"";9.98
1271;190;"2026-09-12";"Present";"08:31:00";"18:50:00";7.33
1272;190;"2026-09-13";"Present";"09:18:00";"";0.0
1273;190;"2026-09-14";"Present";"09:38:00";"16:54:00";8.43
1274;190;"2026-09-15";"Work From Home";"09:07:00";"";10.38
1275;190;"2026-09-16";"Absent";"09:30:00";"18:07:00";8.62
1276;190;"2026-09-17";"Present";"08:04:00";"19:49:00";7.9
1277;190;"2026-09-18";"Present";"10:45:00";"19:19:00";8.57
1278;190;"2026-09-19";"Present";"";"16:04:00";0.0
1279;190;"2026-09-20";"Absent";"";"19:45:00";6.7
1280;190;"2026-09-21";"Absent";"09:58:00";"17:37:00";7.65
1281;203;"2026-09-02";"Present";"09:46:00";"19:06:00";11.4
1282;203;"2026-09-03";"Present";"";"17:51:00";9.75
1283;203;"2026-09-04";"Absent";"08:37:00";"16:35:00";7.97
1284;203;"2026-09-05";"Present";"08:30:00";"";8.53
1285;203;"2026-09-06";"Present";"08:31:00";"18:45:00";7.6
1286;203;"2026-09-07";"Present";"";"17:39:00";0.0
1287;203;"2026-09-08";"Absent";"08:31:00";"";9.52
1288;203;"2026-09-09";"Absent";"08:40:00";"18:54:00";8.53
1289;203;"2026-09-10";"Present";"08:42:00";"19:43:00";10.8
1290;203;"2026-09-11";"Present";"10:13:00";"19:55:00";7.02
1291;203;"2026-09-12";"Present";"08:02:00";"19:49:00";9.0
1292;203;"2026-09-13";"Present";"10:22:00";"18:39:00";7.45
1293;203;"2026-09-14";"Absent";"";"";10.5
1294;203;"2026-09-15";"Present";"09:48:00";"17:30:00";7.7
1295;203;"2026-09-16";"Present";"09:53:00";"16:02:00";8.28
1296;203;"2026-09-17";"Present";"09:55:00";"";10.52
1297;203;"2026-09-18";"Absent";"09:33:00";"16:03:00";9.78
1298;203;"2026-09-19";"Present";"08:45:00";"19:33:00";10.6
1299;203;"2026-09-20";"Present";"09:55:00";"19:22:00";8.25
1300;203;"2026-09-21";"Present";"";"";6.25
1301;206;"2026-09-02";"Present";"";"16:10:00";9.8
1302;206;"2026-09-03";"Absent";"08:40:00";"17:50:00";9.17
1303;206;"2026-09-04";"Present";"08:38:00";"19:08:00";10.5
1304;206;"2026-09-05";"Present";"10:07:00";"16:53:00";5.85
1305;206;"2026-09-06";"Present";"10:42:00";"16:12:00";9.0
1306;206;"2026-09-07";"Present";"";"18:45:00";7.65
1307;206;"2026-09-08";"Present";"";"18:33:00";8.68
1308;206;"2026-09-09";"Present";"10:36:00";"18:45:00";9.33
1309;206;"2026-09-10";"Present";"10:50:00";"";0.0
1310;206;"2026-09-11";"Absent";"10:06:00";"18:24:00";9.58
1311;206;"2026-09-12";"Absent";"";"16:03:00";6.07
1312;206;"2026-09-13";"Present";"08:16:00";"18:47:00";10.52
1313;206;"2026-09-14";"Present";"08:36:00";"19:07:00";8.75
1314;206;"2026-09-15";"Present";"";"17:46:00";9.23
1315;206;"2026-09-16";"Present";"10:56:00";"19:27:00";11.4
1316;206;"2026-09-17";"Absent";"09:46:00";"18:41:00";8.92
1317;206;"2026-09-18";"Present";"10:46:00";"";10.13
1318;206;"2026-09-19";"Present";"10:17:00";"17:12:00";6.92
1319;206;"2026-09-20";"Absent";"08:58:00";"";0.0
1320;206;"2026-09-21";"Absent";"";"";0.0
1321;229;"2026-09-02";"Present";"08:58:00";"17:58:00";9.37
1322;229;"2026-09-03";"Absent";"09:46:00";"";7.83
1323;229;"2026-09-04";"Absent";"";"17:25:00";0.0
1324;229;"2026-09-05";"Present";"09:25:00";"";0.0
1325;229;"2026-09-06";"Work From Home";"09:57:00";"16:12:00";6.25
1326;229;"2026-09-07";"Present";"09:28:00";"18:52:00";9.4
1327;229;"2026-09-08";"Present";"09:47:00";"";0.0
1328;229;"2026-09-09";"Absent";"09:22:00";"19:15:00";9.88
1329;229;"2026-09-10";"Present";"09:00:00";"16:22:00";5.97
1330;229;"2026-09-11";"Present";"09:37:00";"19:06:00";8.47
1331;229;"2026-09-12";"Present";"08:37:00";"16:52:00";6.3
1332;229;"2026-09-13";"Present";"08:31:00";"17:08:00";8.62
1333;229;"2026-09-14";"Present";"09:33:00";"17:26:00";8.27
1334;229;"2026-09-15";"Present";"09:32:00";"";5.95
1335;229;"2026-09-16";"Present";"09:33:00";"";6.27
1336;229;"2026-09-17";"Present";"08:34:00";"17:13:00";8.65
1337;229;"2026-09-18";"Present";"08:15:00";"";10.25
1338;229;"2026-09-19";"Present";"10:51:00";"19:40:00";7.87
1339;229;"2026-09-20";"Present";"10:28:00";"18:56:00";8.47
1340;229;"2026-09-21";"Present";"";"16:57:00";7.75
1341;257;"2026-09-02";"Work From Home";"";"19:10:00";8.23
1342;257;"2026-09-03";"Present";"08:42:00";"18:41:00";9.98
1343;257;"2026-09-04";"Present";"";"";0.0
1344;257;"2026-09-05";"Present";"08:55:00";"16:09:00";7.68
1345;257;"2026-09-06";"Absent";"10:54:00";"17:24:00";8.25
1346;257;"2026-09-07";"On Leave";"";"";8.23
1347;257;"2026-09-08";"Present";"10:50:00";"17:34:00";7.1
1348;257;"2026-09-09";"Present";"09:29:00";"17:31:00";6.92
1349;257;"2026-09-10";"Absent";"09:59:00";"16:01:00";7.6
1350;257;"2026-09-11";"Present";"10:33:00";"18:18:00";11.13
1351;257;"2026-09-12";"Present";"10:41:00";"18:24:00";7.72
1352;257;"2026-09-13";"Absent";"09:16:00";"18:01:00";9.97
1353;257;"2026-09-14";"Present";"09:00:00";"17:50:00";8.83
1354;257;"2026-09-15";"Present";"08:47:00";"19:21:00";9.42
1355;257;"2026-09-16";"Present";"08:10:00";"";6.95
1356;257;"2026-09-17";"Present";"09:23:00";"16:22:00";10.52
1357;257;"2026-09-18";"Absent";"10:52:00";"19:30:00";7.72
1358;257;"2026-09-19";"Absent";"";"17:26:00";8.78
1359;257;"2026-09-20";"Present";"";"17:13:00";6.68
1360;257;"2026-09-21";"Work From Home";"";"16:39:00";0.0
1361;261;"2026-09-02";"Present";"";"18:06:00";9.0
1362;261;"2026-09-03";"Present";"";"18:55:00";10.82
1363;261;"2026-09-04";"Present";"10:27:00";"";0.0
1364;261;"2026-09-05";"Present";"08:32:00";"17:33:00";9.02
1365;261;"2026-09-06";"Present";"09:14:00";"";7.47
1366;261;"2026-09-07";"Present";"10:26:00";"18:35:00";6.35
1367;261;"2026-09-08";"Present";"";"";10.82
1368;261;"2026-09-09";"Present";"09:35:00";"16:19:00";8.68
1369;261;"2026-09-10";"Present";"08:51:00";"16:59:00";8.1
1370;261;"2026-09-11";"Present";"08:10:00";"";0.0
1371;261;"2026-09-12";"Absent";"10:01:00";"";0.0
1372;261;"2026-09-13";"Present";"";"17:30:00";10.22
1373;261;"2026-09-14";"Present";"";"16:15:00";8.55
1374;261;"2026-09-15";"Present";"";"";9.82
1375;261;"2026-09-16";"Absent";"09:05:00";"17:13:00";8.13
1376;261;"2026-09-17";"Present";"08:29:00";"";7.23
1377;261;"2026-09-18";"Present";"";"16:31:00";8.13
1378;261;"2026-09-19";"Present";"09:54:00";"17:42:00";6.38
1379;261;"2026-09-20";"Present";"08:14:00";"18:27:00";10.32
1380;261;"2026-09-21";"Absent";"09:18:00";"17:04:00";10.57
1381;274;"2026-09-02";"Present";"";"19:17:00";6.97
1382;274;"2026-09-03";"Absent";"09:20:00";"18:09:00";8.68
1383;274;"2026-09-04";"Present";"";"18:22:00";11.42
1384;274;"2026-09-05";"Absent";"10:39:00";"18:45:00";9.1
1385;274;"2026-09-06";"Absent";"09:23:00";"16:12:00";6.82
1386;274;"2026-09-07";"Present";"10:48:00";"";8.4
1387;274;"2026-09-08";"Present";"08:16:00";"19:43:00";8.95
1388;274;"2026-09-09";"Absent";"08:06:00";"19:57:00";7.83
1389;274;"2026-09-10";"Present";"09:01:00";"19:10:00";9.73
1390;274;"2026-09-11";"Present";"10:18:00";"18:16:00";7.78
1391;274;"2026-09-12";"Present";"08:06:00";"18:56:00";7.2
1392;274;"2026-09-13";"Absent";"10:49:00";"19:32:00";8.72
1393;274;"2026-09-14";"Absent";"09:40:00";"17:34:00";7.9
1394;274;"2026-09-15";"Present";"10:06:00";"";9.72
1395;274;"2026-09-16";"Present";"09:18:00";"17:38:00";9.15
1396;274;"2026-09-17";"Present";"08:39:00";"16:59:00";11.42
1397;274;"2026-09-18";"Present";"10:50:00";"19:49:00";6.28
1398;274;"2026-09-19";"Present";"";"";10.22
1399;274;"2026-09-20";"Present";"10:09:00";"19:04:00";6.25
1400;274;"2026-09-21";"Present";"";"16:44:00";7.27
1401;275;"2026-09-02";"Work From Home";"10:28:00";"17:41:00";7.95
1402;275;"2026-09-03";"Absent";"";"17:46:00";9.62
1403;275;"2026-09-04";"Present";"10:05:00";"";11.67
1404;275;"2026-09-05";"Present";"08:53:00";"17:04:00";8.18
1405;275;"2026-09-06";"Present";"08:15:00";"";0.0
1406;275;"2026-09-07";"Present";"08:34:00";"18:59:00";11.27
1407;275;"2026-09-08";"Absent";"10:23:00";"";0.0
1408;275;"2026-09-09";"Present";"08:59:00";"17:54:00";7.95
1409;275;"2026-09-10";"Present";"08:07:00";"";8.35
1410;275;"2026-09-11";"Present";"";"17:27:00";7.25
1411;275;"2026-09-12";"Present";"08:36:00";"17:43:00";9.12
1412;275;"2026-09-13";"Present";"09:20:00";"16:00:00";10.6
1413;275;"2026-09-14";"Present";"09:19:00";"";8.72
1414;275;"2026-09-15";"Present";"08:59:00";"16:29:00";10.58
1415;275;"2026-09-16";"Present";"09:55:00";"17:26:00";7.52
1416;275;"2026-09-17";"Work From Home";"10:59:00";"16:01:00";5.03
1417;275;"2026-09-18";"Present";"10:41:00";"18:44:00";8.05
1418;275;"2026-09-19";"Present";"";"16:43:00";10.02
1419;275;"2026-09-20";"Present";"08:13:00";"18:42:00";11.07
1420;275;"2026-09-21";"Present";"08:58:00";"19:51:00";8.1
1421;291;"2026-09-02";"Present";"10:13:00";"";7.12
1422;291;"2026-09-03";"Present";"09:42:00";"18:30:00";9.22
1423;291;"2026-09-04";"Present";"10:58:00";"16:35:00";8.22
1424;291;"2026-09-05";"Present";"08:02:00";"";0.0
1425;291;"2026-09-06";"Present";"09:15:00";"16:00:00";5.87
1426;291;"2026-09-07";"Present";"09:06:00";"17:21:00";8.25
1427;291;"2026-09-08";"Present";"08:52:00";"";7.78
1428;291;"2026-09-09";"Present";"08:41:00";"19:38:00";8.6
1429;291;"2026-09-10";"Present";"09:06:00";"17:26:00";10.17
1430;291;"2026-09-11";"Present";"";"";0.0
1431;291;"2026-09-12";"Absent";"";"";0.0
1432;291;"2026-09-13";"Absent";"";"16:03:00";0.0
1433;291;"2026-09-14";"Present";"08:57:00";"";0.0
1434;291;"2026-09-15";"Present";"09:27:00";"17:31:00";9.48
1435;291;"2026-09-16";"Present";"08:06:00";"16:20:00";6.9
1436;291;"2026-09-17";"Present";"09:06:00";"16:31:00";8.3
1437;291;"2026-09-18";"Present";"09:10:00";"17:06:00";10.33
1438;291;"2026-09-19";"Work From Home";"";"17:19:00";8.02
1439;291;"2026-09-20";"Present";"09:47:00";"18:01:00";10.17
1440;291;"2026-09-21";"Present";"";"17:18:00";10.18
1441;346;"2026-09-02";"Present";"09:25:00";"18:01:00";10.63
1442;346;"2026-09-03";"Present";"08:21:00";"";7.33
1443;346;"2026-09-04";"Present";"10:55:00";"";10.85
1444;346;"2026-09-05";"Present";"09:52:00";"16:00:00";7.85
1445;346;"2026-09-06";"Present";"08:49:00";"19:36:00";9.82
1446;346;"2026-09-07";"Present";"09:52:00";"16:36:00";6.95
1447;346;"2026-09-08";"Present";"09:54:00";"";8.42
1448;346;"2026-09-09";"Absent";"09:30:00";"17:50:00";8.33
1449;346;"2026-09-10";"Present";"10:53:00";"18:56:00";8.05
1450;346;"2026-09-11";"Present";"";"18:06:00";7.3
1451;346;"2026-09-12";"Present";"09:36:00";"";7.17
1452;346;"2026-09-13";"Absent";"08:54:00";"";8.68
1453;346;"2026-09-14";"Present";"10:12:00";"19:16:00";8.98
1454;346;"2026-09-15";"Present";"08:06:00";"19:38:00";6.68
1455;346;"2026-09-16";"Present";"08:18:00";"";8.4
1456;346;"2026-09-17";"Absent";"";"";5.58
1457;346;"2026-09-18";"Present";"09:01:00";"";0.0
1458;346;"2026-09-19";"Present";"10:55:00";"19:32:00";11.43
1459;346;"2026-09-20";"Present";"10:45:00";"16:55:00";6.17
1460;346;"2026-09-21";"Present";"08:43:00";"";7.58
1461;350;"2026-09-02";"Present";"10:03:00";"18:32:00";8.48
1462;350;"2026-09-03";"Present";"08:00:00";"19:07:00";6.48
1463;350;"2026-09-04";"Present";"09:46:00";"18:10:00";7.07
1464;350;"2026-09-05";"Absent";"10:45:00";"19:49:00";7.58
1465;350;"2026-09-06";"Present";"08:15:00";"18:14:00";5.67
1466;350;"2026-09-07";"Present";"08:03:00";"16:24:00";10.18
1467;350;"2026-09-08";"Present";"09:33:00";"16:11:00";6.63
1468;350;"2026-09-09";"Present";"";"";7.52
1469;350;"2026-09-10";"Present";"10:07:00";"16:37:00";6.37
1470;350;"2026-09-11";"Absent";"09:35:00";"";9.85
1471;350;"2026-09-12";"Present";"09:37:00";"17:10:00";8.83
1472;350;"2026-09-13";"Present";"";"18:37:00";6.22
1473;350;"2026-09-14";"Present";"";"18:46:00";11.38
1474;350;"2026-09-15";"Present";"08:52:00";"18:56:00";6.1
1475;350;"2026-09-16";"Present";"09:34:00";"";0.0
1476;350;"2026-09-17";"Present";"08:07:00";"18:42:00";10.58
1477;350;"2026-09-18";"Present";"";"17:56:00";0.0
1478;350;"2026-09-19";"Work From Home";"08:45:00";"17:32:00";8.78
1479;350;"2026-09-20";"Present";"08:19:00";"18:48:00";8.78
1480;350;"2026-09-21";"Absent";"08:44:00";"19:24:00";7.33
1481;368;"2026-09-02";"Present";"08:02:00";"19:51:00";8.72
1482;368;"2026-09-03";"Present";"08:58:00";"";5.97
1483;368;"2026-09-04";"Present";"";"17:24:00";0.0
1484;368;"2026-09-05";"Absent";"08:52:00";"19:59:00";9.13
1485;368;"2026-09-06";"Absent";"10:00:00";"16:30:00";11.0
1486;368;"2026-09-07";"Present";"10:47:00";"";0.0
1487;368;"2026-09-08";"Present";"";"18:59:00";6.63
1488;368;"2026-09-09";"Present";"09:51:00";"17:02:00";7.18
1489;368;"2026-09-10";"Present";"";"16:59:00";8.0
1490;368;"2026-09-11";"Present";"09:34:00";"";9.15
1491;368;"2026-09-12";"Present";"08:08:00";"19:57:00";10.18
1492;368;"2026-09-13";"Present";"08:27:00";"17:11:00";5.65
1493;368;"2026-09-14";"Present";"10:20:00";"18:41:00";8.35
1494;368;"2026-09-15";"Present";"08:28:00";"";8.25
1495;368;"2026-09-16";"Present";"09:36:00";"17:36:00";8.0
1496;368;"2026-09-17";"Present";"08:36:00";"";8.9
1497;368;"2026-09-18";"Present";"10:25:00";"17:44:00";7.32
1498;368;"2026-09-19";"Present";"";"18:57:00";0.0
1499;368;"2026-09-20";"Present";"";"17:30:00";9.73
1500;368;"2026-09-21";"Present";"09:15:00";"18:03:00";8.92
1501;373;"2026-09-02";"Present";"";"16:05:00";0.0
1502;373;"2026-09-03";"Present";"10:33:00";"18:03:00";8.3
1503;373;"2026-09-04";"Present";"09:35:00";"17:46:00";8.18
1504;373;"2026-09-05";"Absent";"09:44:00";"";7.0
1505;373;"2026-09-06";"Present";"09:58:00";"19:53:00";7.63
1506;373;"2026-09-07";"Present";"10:22:00";"18:01:00";10.58
1507;373;"2026-09-08";"Present";"10:00:00";"19:41:00";9.42
1508;373;"2026-09-09";"Absent";"08:25:00";"19:50:00";8.0
1509;373;"2026-09-10";"Present";"10:27:00";"";10.67
1510;373;"2026-09-11";"Present";"08:38:00";"";0.0
1511;373;"2026-09-12";"Work From Home";"10:59:00";"18:10:00";7.18
1512;373;"2026-09-13";"Present";"08:42:00";"";8.78
1513;373;"2026-09-14";"Present";"08:00:00";"16:03:00";8.12
1514;373;"2026-09-15";"Present";"10:18:00";"19:17:00";8.98
1515;373;"2026-09-16";"Present";"";"18:33:00";0.0
1516;373;"2026-09-17";"Absent";"";"19:15:00";7.43
1517;373;"2026-09-18";"Present";"10:00:00";"";7.78
1518;373;"2026-09-19";"Present";"10:56:00";"17:04:00";8.75
1519;373;"2026-09-20";"Present";"10:38:00";"16:37:00";5.98
1520;373;"2026-09-21";"Present";"09:41:00";"17:35:00";7.9
1521;383;"2026-09-02";"Present";"08:56:00";"16:54:00";6.05
1522;383;"2026-09-03";"Present";"10:59:00";"18:23:00";7.4
1523;383;"2026-09-04";"Absent";"09:37:00";"";0.0
1524;383;"2026-09-05";"Present";"09:26:00";"";6.62
1525;383;"2026-09-06";"Present";"10:20:00";"17:08:00";6.8
1526;383;"2026-09-07";"Present";"08:01:00";"";0.0
1527;383;"2026-09-08";"Present";"08:03:00";"17:31:00";9.47
1528;383;"2026-09-09";"Present";"";"";8.5
1529;383;"2026-09-10";"Absent";"10:58:00";"17:50:00";6.87
1530;383;"2026-09-11";"Present";"";"";7.38
1531;383;"2026-09-12";"Absent";"09:50:00";"17:04:00";7.23
1532;383;"2026-09-13";"Present";"09:58:00";"19:51:00";9.88
1533;383;"2026-09-14";"Absent";"10:47:00";"16:12:00";5.42
1534;383;"2026-09-15";"Absent";"";"17:21:00";8.67
1535;383;"2026-09-16";"Present";"";"19:09:00";10.03
1536;383;"2026-09-17";"Present";"";"";8.33
1537;383;"2026-09-18";"Present";"";"19:33:00";10.72
1538;383;"2026-09-19";"Present";"09:39:00";"16:16:00";7.83
1539;383;"2026-09-20";"Present";"08:56:00";"16:07:00";9.15
1540;383;"2026-09-21";"Present";"09:13:00";"18:21:00";7.75
1541;422;"2026-09-02";"Present";"08:42:00";"17:21:00";7.13
1542;422;"2026-09-03";"Present";"08:44:00";"18:34:00";9.38
1543;422;"2026-09-04";"Absent";"09:14:00";"17:44:00";8.5
1544;422;"2026-09-05";"Present";"09:39:00";"19:13:00";9.57
1545;422;"2026-09-06";"On Leave";"08:18:00";"";8.62
1546;422;"2026-09-07";"Present";"";"";0.0
1547;422;"2026-09-08";"Present";"08:11:00";"";0.0
1548;422;"2026-09-09";"Present";"09:56:00";"18:59:00";9.72
1549;422;"2026-09-10";"Present";"";"";9.18
1550;422;"2026-09-11";"Present";"";"18:30:00";7.18
1551;422;"2026-09-12";"Present";"10:52:00";"17:46:00";8.07
1552;422;"2026-09-13";"Present";"";"16:19:00";9.25
1553;422;"2026-09-14";"Present";"10:52:00";"";9.7
1554;422;"2026-09-15";"Present";"09:00:00";"18:03:00";10.35
1555;422;"2026-09-16";"Present";"10:20:00";"19:26:00";6.92
1556;422;"2026-09-17";"Absent";"09:31:00";"19:07:00";9.6
1557;422;"2026-09-18";"Present";"09:17:00";"";0.0
1558;422;"2026-09-19";"Absent";"09:58:00";"19:58:00";10.5
1559;422;"2026-09-20";"Absent";"10:34:00";"";10.33
1560;422;"2026-09-21";"Absent";"08:46:00";"16:47:00";9.37
1561;464;"2026-09-02";"Present";"09:55:00";"16:54:00";8.93
1562;464;"2026-09-03";"Present";"";"";8.53
1563;464;"2026-09-04";"Absent";"10:31:00";"";6.98
1564;464;"2026-09-05";"Absent";"08:21:00";"19:25:00";9.52
1565;464;"2026-09-06";"Present";"09:08:00";"19:10:00";10.03
1566;464;"2026-09-07";"Present";"";"17:20:00";6.43
1567;464;"2026-09-08";"Present";"";"";7.62
1568;464;"2026-09-09";"Present";"";"19:12:00";9.28
1569;464;"2026-09-10";"Present";"08:34:00";"";10.08
1570;464;"2026-09-11";"Present";"10:18:00";"17:42:00";8.2
1571;464;"2026-09-12";"Absent";"09:38:00";"19:04:00";9.43
1572;464;"2026-09-13";"Present";"09:13:00";"18:33:00";7.92
1573;464;"2026-09-14";"Present";"10:05:00";"19:46:00";8.67
1574;464;"2026-09-15";"Present";"10:21:00";"16:23:00";6.03
1575;464;"2026-09-16";"Present";"10:01:00";"16:43:00";11.15
1576;464;"2026-09-17";"Present";"08:19:00";"17:26:00";9.12
1577;464;"2026-09-18";"Present";"10:28:00";"17:14:00";9.22
1578;464;"2026-09-19";"Present";"10:41:00";"17:04:00";10.3
1579;464;"2026-09-20";"Present";"10:57:00";"17:24:00";7.77
1580;464;"2026-09-21";"Present";"08:54:00";"17:35:00";8.12
1581;465;"2026-09-02";"Present";"10:39:00";"18:29:00";6.92
1582;465;"2026-09-03";"Present";"08:33:00";"18:48:00";9.08
1583;465;"2026-09-04";"Present";"08:47:00";"18:45:00";9.97
1584;465;"2026-09-05";"Present";"08:09:00";"19:17:00";10.2
1585;465;"2026-09-06";"Present";"08:12:00";"";6.97
1586;465;"2026-09-07";"Present";"09:48:00";"18:09:00";10.0
1587;465;"2026-09-08";"Absent";"10:10:00";"16:09:00";7.9
1588;465;"2026-09-09";"Present";"10:08:00";"17:19:00";8.0
1589;465;"2026-09-10";"Present";"";"19:52:00";8.27
1590;465;"2026-09-11";"Present";"09:59:00";"17:11:00";8.63
1591;465;"2026-09-12";"Present";"09:18:00";"17:08:00";7.38
1592;465;"2026-09-13";"Present";"";"";0.0
1593;465;"2026-09-14";"Present";"09:53:00";"17:10:00";7.28
1594;465;"2026-09-15";"Present";"08:26:00";"16:35:00";8.32
1595;465;"2026-09-16";"Absent";"09:54:00";"";8.53
1596;465;"2026-09-17";"Present";"10:27:00";"";0.0
1597;465;"2026-09-18";"Present";"";"19:13:00";8.83
1598;465;"2026-09-19";"Absent";"10:34:00";"17:59:00";7.3
1599;465;"2026-09-20";"Present";"10:49:00";"16:16:00";8.75
1600;465;"2026-09-21";"Present";"08:41:00";"18:24:00";8.75
1601;466;"2026-09-02";"Present";"08:17:00";"";8.55
1602;466;"2026-09-03";"Present";"10:57:00";"17:22:00";7.45
1603;466;"2026-09-04";"Absent";"09:22:00";"19:01:00";8.57
1604;466;"2026-09-05";"Present";"10:45:00";"";11.77
1605;466;"2026-09-06";"Present";"";"";9.22
1606;466;"2026-09-07";"Present";"08:05:00";"19:58:00";7.83
1607;466;"2026-09-08";"Present";"10:15:00";"";9.22
1608;466;"2026-09-09";"Present";"10:09:00";"18:21:00";7.25
1609;466;"2026-09-10";"Present";"08:50:00";"16:48:00";8.07
1610;466;"2026-09-11";"Present";"09:22:00";"";6.58
1611;466;"2026-09-12";"Present";"10:35:00";"16:26:00";7.68
1612;466;"2026-09-13";"Present";"08:02:00";"16:19:00";8.57
1613;466;"2026-09-14";"Absent";"10:00:00";"";11.48
1614;466;"2026-09-15";"Present";"";"";8.35
1615;466;"2026-09-16";"Present";"10:01:00";"19:35:00";6.45
1616;466;"2026-09-17";"Present";"10:17:00";"";6.92
1617;466;"2026-09-18";"Present";"08:06:00";"19:49:00";8.87
1618;466;"2026-09-19";"Absent";"";"";7.1
1619;466;"2026-09-20";"Present";"10:32:00";"19:50:00";6.43
1620;466;"2026-09-21";"Present";"10:59:00";"17:04:00";8.55
1621;488;"2026-09-02";"Present";"10:58:00";"16:00:00";5.03
1622;488;"2026-09-03";"Absent";"09:37:00";"19:50:00";7.6
1623;488;"2026-09-04";"Present";"09:03:00";"";7.63
1624;488;"2026-09-05";"Absent";"08:45:00";"16:24:00";5.95
1625;488;"2026-09-06";"Absent";"10:17:00";"18:22:00";8.08
1626;488;"2026-09-07";"Present";"09:43:00";"";6.58
1627;488;"2026-09-08";"Present";"";"18:45:00";8.88
1628;488;"2026-09-09";"Present";"";"17:54:00";6.93
1629;488;"2026-09-10";"Present";"09:45:00";"16:50:00";9.35
1630;488;"2026-09-11";"Absent";"10:11:00";"";5.15
1631;488;"2026-09-12";"Present";"08:49:00";"18:56:00";7.98
1632;488;"2026-09-13";"Work From Home";"";"16:03:00";8.48
1633;488;"2026-09-14";"Present";"10:46:00";"18:23:00";7.62
1634;488;"2026-09-15";"Present";"";"19:17:00";7.68
1635;488;"2026-09-16";"Absent";"08:27:00";"17:31:00";5.7
1636;488;"2026-09-17";"Present";"09:04:00";"16:20:00";8.5
1637;488;"2026-09-18";"Present";"08:03:00";"17:46:00";7.62
1638;488;"2026-09-19";"Present";"";"16:35:00";7.68
1639;488;"2026-09-20";"Present";"10:46:00";"16:23:00";6.98
1640;488;"2026-09-21";"Present";"10:17:00";"16:01:00";6.05
1641;514;"2026-09-02";"Present";"08:46:00";"17:13:00";8.45
1642;514;"2026-09-03";"Present";"08:36:00";"";7.0
1643;514;"2026-09-04";"Absent";"10:06:00";"19:02:00";8.33
1644;514;"2026-09-05";"Present";"08:43:00";"19:05:00";10.37
1645;514;"2026-09-06";"Work From Home";"09:32:00";"";0.0
1646;514;"2026-09-07";"Absent";"";"18:57:00";0.0
1647;514;"2026-09-08";"Present";"";"18:10:00";5.72
1648;514;"2026-09-09";"Work From Home";"";"16:08:00";5.58
1649;514;"2026-09-10";"Present";"10:39:00";"18:44:00";8.08
1650;514;"2026-09-11";"Present";"08:41:00";"";8.82
1651;514;"2026-09-12";"Present";"08:10:00";"";5.47
1652;514;"2026-09-13";"Absent";"10:13:00";"19:36:00";10.28
1653;514;"2026-09-14";"Present";"10:45:00";"";10.22
1654;514;"2026-09-15";"Present";"09:20:00";"19:18:00";8.15
1655;514;"2026-09-16";"Present";"08:31:00";"18:54:00";10.38
1656;514;"2026-09-17";"Present";"";"";0.0
1657;514;"2026-09-18";"Present";"";"19:12:00";9.93
1658;514;"2026-09-19";"Present";"09:09:00";"16:56:00";9.67
1659;514;"2026-09-20";"Present";"08:54:00";"";8.33
1660;514;"2026-09-21";"Absent";"09:56:00";"18:17:00";7.5
1661;1031;"2026-09-02";"Present";"";"16:15:00";8.05
1662;1031;"2026-09-03";"Work From Home";"";"16:17:00";7.45
1663;1031;"2026-09-04";"Present";"10:08:00";"";8.18
1664;1031;"2026-09-05";"Present";"";"17:23:00";7.63
1665;1031;"2026-09-06";"Present";"08:36:00";"18:30:00";6.78
1666;1031;"2026-09-07";"Present";"";"19:50:00";11.05
1667;1031;"2026-09-08";"Present";"";"19:36:00";9.68
1668;1031;"2026-09-09";"Present";"";"16:08:00";8.63
1669;1031;"2026-09-10";"Present";"10:23:00";"19:23:00";9.1
1670;1031;"2026-09-11";"Absent";"09:35:00";"17:33:00";10.4
1671;1031;"2026-09-12";"Present";"10:48:00";"";0.0
1672;1031;"2026-09-13";"Present";"";"19:19:00";8.12
1673;1031;"2026-09-14";"Present";"";"17:11:00";0.0
1674;1031;"2026-09-15";"Absent";"10:25:00";"";0.0
1675;1031;"2026-09-16";"Present";"";"18:02:00";8.08
1676;1031;"2026-09-17";"Present";"10:25:00";"17:23:00";6.97
1677;1031;"2026-09-18";"Absent";"10:27:00";"16:31:00";6.07
1678;1031;"2026-09-19";"Work From Home";"";"";0.0
1679;1031;"2026-09-20";"Present";"09:54:00";"16:52:00";6.97
1680;1031;"2026-09-21";"Present";"";"18:44:00";8.75
1681;1034;"2026-09-02";"Present";"08:19:00";"19:07:00";10.8
1682;1034;"2026-09-03";"Present";"10:15:00";"16:16:00";6.88
1683;1034;"2026-09-04";"Present";"09:29:00";"17:30:00";10.2
1684;1034;"2026-09-05";"Present";"08:22:00";"16:14:00";7.77
1685;1034;"2026-09-06";"Absent";"";"16:40:00";0.0
1686;1034;"2026-09-07";"Present";"08:51:00";"17:15:00";8.87
1687;1034;"2026-09-08";"Work From Home";"10:25:00";"18:26:00";7.25
1688;1034;"2026-09-09";"Present";"10:45:00";"";7.05
1689;1034;"2026-09-10";"Absent";"";"17:27:00";7.47
1690;1034;"2026-09-11";"Absent";"";"19:58:00";5.43
1691;1034;"2026-09-12";"Present";"09:57:00";"19:01:00";9.17
1692;1034;"2026-09-13";"Present";"08:42:00";"18:52:00";10.17
1693;1034;"2026-09-14";"Absent";"";"19:23:00";6.62
1694;1034;"2026-09-15";"Present";"";"19:56:00";0.0
1695;1034;"2026-09-16";"Present";"08:45:00";"18:33:00";7.92
1696;1034;"2026-09-17";"Present";"09:59:00";"18:42:00";10.2
1697;1034;"2026-09-18";"Absent";"";"";8.02
1698;1034;"2026-09-19";"Absent";"";"19:07:00";0.0
1699;1034;"2026-09-20";"Present";"09:52:00";"";8.52
1700;1034;"2026-09-21";"Present";"09:14:00";"16:06:00";7.95
1701;1037;"2026-09-02";"Present";"10:51:00";"17:09:00";6.3
1702;1037;"2026-09-03";"Present";"10:05:00";"";0.0
1703;1037;"2026-09-04";"Present";"10:47:00";"16:12:00";7.4
1704;1037;"2026-09-05";"Work From Home";"08:52:00";"";10.13
1705;1037;"2026-09-06";"Present";"";"16:44:00";10.63
1706;1037;"2026-09-07";"Absent";"10:13:00";"16:03:00";9.28
1707;1037;"2026-09-08";"Present";"08:37:00";"18:24:00";9.78
1708;1037;"2026-09-09";"Present";"09:03:00";"16:55:00";7.25
1709;1037;"2026-09-10";"Present";"10:11:00";"16:27:00";6.27
1710;1037;"2026-09-11";"Absent";"08:09:00";"17:22:00";9.22
1711;1037;"2026-09-12";"Present";"08:38:00";"";7.87
1712;1037;"2026-09-13";"Present";"10:58:00";"19:09:00";8.18
1713;1037;"2026-09-14";"Present";"";"";0.0
1714;1037;"2026-09-15";"Present";"09:55:00";"17:23:00";7.47
1715;1037;"2026-09-16";"Absent";"";"19:05:00";10.35
1716;1037;"2026-09-17";"Work From Home";"09:00:00";"19:20:00";8.0
1717;1037;"2026-09-18";"Absent";"08:05:00";"19:01:00";9.07
1718;1037;"2026-09-19";"Present";"10:27:00";"18:26:00";7.75
1719;1037;"2026-09-20";"Present";"09:36:00";"17:50:00";11.35
1720;1037;"2026-09-21";"Present";"10:52:00";"";9.7
1721;1;"2026-09-02";"Present";"10:25:00";"16:51:00";9.58
1722;1;"2026-09-03";"Absent";"10:09:00";"19:39:00";8.42
1723;1;"2026-09-04";"Present";"09:18:00";"";7.85
1724;1;"2026-09-05";"Present";"";"";10.8
1725;1;"2026-09-06";"Present";"08:41:00";"19:23:00";8.92
1726;1;"2026-09-07";"Present";"09:16:00";"18:43:00";5.72
1727;1;"2026-09-08";"Absent";"08:51:00";"16:35:00";7.73
1728;1;"2026-09-09";"Present";"08:17:00";"16:30:00";10.43
1729;1;"2026-09-10";"Absent";"08:49:00";"19:56:00";7.5
1730;1;"2026-09-11";"Absent";"10:13:00";"18:20:00";7.72
1731;1;"2026-09-12";"Absent";"08:28:00";"19:49:00";10.02
1732;1;"2026-09-13";"Absent";"";"18:31:00";0.0
1733;1;"2026-09-14";"Present";"08:19:00";"19:53:00";9.88
1734;1;"2026-09-15";"Absent";"";"16:36:00";6.5
1735;1;"2026-09-16";"Absent";"10:56:00";"18:26:00";10.92
1736;1;"2026-09-17";"Present";"08:29:00";"16:33:00";11.35
1737;1;"2026-09-18";"Present";"";"";6.92
1738;1;"2026-09-19";"Present";"08:40:00";"17:07:00";8.45
1739;1;"2026-09-20";"Present";"";"";9.1
1740;1;"2026-09-21";"Present";"10:04:00";"16:24:00";7.17
1741;10;"2026-09-02";"Present";"08:01:00";"19:13:00";11.2
1742;10;"2026-09-03";"Absent";"08:18:00";"";7.75
1743;10;"2026-09-04";"Present";"10:07:00";"";7.87
1744;10;"2026-09-05";"Present";"10:33:00";"17:52:00";7.32
1745;10;"2026-09-06";"Present";"09:34:00";"19:35:00";9.72
1746;10;"2026-09-07";"Absent";"";"18:15:00";8.62
1747;10;"2026-09-08";"Present";"10:01:00";"";10.15
1748;10;"2026-09-09";"Present";"";"19:24:00";6.48
1749;10;"2026-09-10";"Absent";"09:08:00";"19:36:00";9.37
1750;10;"2026-09-11";"Present";"08:07:00";"17:53:00";9.77
1751;10;"2026-09-12";"Absent";"10:05:00";"";7.27
1752;10;"2026-09-13";"Work From Home";"10:41:00";"19:23:00";8.73
1753;10;"2026-09-14";"Present";"";"16:10:00";8.35
1754;10;"2026-09-15";"Present";"09:06:00";"19:20:00";9.15
1755;10;"2026-09-16";"Present";"09:15:00";"18:56:00";9.83
1756;10;"2026-09-17";"Absent";"10:49:00";"16:54:00";6.08
1757;10;"2026-09-18";"Present";"";"18:06:00";0.0
1758;10;"2026-09-19";"Present";"";"16:53:00";8.28
1759;10;"2026-09-20";"Absent";"10:05:00";"";6.92
1760;10;"2026-09-21";"Present";"09:59:00";"18:53:00";9.48
1761;25;"2026-09-02";"Present";"08:46:00";"17:06:00";6.47
1762;25;"2026-09-03";"Present";"10:27:00";"";8.53
1763;25;"2026-09-04";"Present";"";"16:54:00";8.72
1764;25;"2026-09-05";"Present";"";"16:09:00";10.68
1765;25;"2026-09-06";"Absent";"10:08:00";"";0.0
1766;25;"2026-09-07";"Present";"09:02:00";"";8.02
1767;25;"2026-09-08";"Present";"";"19:20:00";10.1
1768;25;"2026-09-09";"Present";"";"17:13:00";0.0
1769;25;"2026-09-10";"Absent";"08:24:00";"16:46:00";8.55
1770;25;"2026-09-11";"Work From Home";"10:21:00";"16:13:00";7.98
1771;25;"2026-09-12";"Present";"08:18:00";"";9.82
1772;25;"2026-09-13";"Present";"08:29:00";"16:54:00";8.42
1773;25;"2026-09-14";"Present";"09:57:00";"";10.22
1774;25;"2026-09-15";"Present";"08:51:00";"16:19:00";8.47
1775;25;"2026-09-16";"Absent";"10:08:00";"16:32:00";7.17
1776;25;"2026-09-17";"Present";"";"17:55:00";6.75
1777;25;"2026-09-18";"Present";"";"";0.0
1778;25;"2026-09-19";"Present";"09:08:00";"";8.05
1779;25;"2026-09-20";"Present";"10:51:00";"";8.25
1780;25;"2026-09-21";"Absent";"08:00:00";"18:47:00";6.05
1781;27;"2026-09-02";"Present";"10:18:00";"17:09:00";10.65
1782;27;"2026-09-03";"Present";"";"19:15:00";9.77
1783;27;"2026-09-04";"Absent";"08:43:00";"";0.0
1784;27;"2026-09-05";"Present";"08:37:00";"18:27:00";10.17
1785;27;"2026-09-06";"Work From Home";"";"18:11:00";0.0
1786;27;"2026-09-07";"Work From Home";"10:13:00";"17:45:00";6.87
1787;27;"2026-09-08";"Present";"08:54:00";"19:48:00";9.08
1788;27;"2026-09-09";"Absent";"10:49:00";"";8.08
1789;27;"2026-09-10";"Present";"09:13:00";"16:27:00";9.85
1790;27;"2026-09-11";"Present";"";"19:49:00";8.13
1791;27;"2026-09-12";"Present";"";"18:20:00";8.17
1792;27;"2026-09-13";"Present";"09:18:00";"16:25:00";5.53
1793;27;"2026-09-14";"Absent";"09:00:00";"17:26:00";8.43
1794;27;"2026-09-15";"Absent";"09:51:00";"";8.88
1795;27;"2026-09-16";"Present";"09:40:00";"19:36:00";8.98
1796;27;"2026-09-17";"Present";"10:02:00";"19:39:00";9.62
1797;27;"2026-09-18";"Absent";"";"18:19:00";9.05
1798;27;"2026-09-19";"Present";"09:22:00";"19:21:00";9.03
1799;27;"2026-09-20";"Present";"08:15:00";"17:30:00";8.15
1800;27;"2026-09-21";"Present";"08:11:00";"18:53:00";5.48
1801;37;"2026-09-02";"Absent";"09:07:00";"17:15:00";8.43
1802;37;"2026-09-03";"Absent";"";"18:06:00";9.35
1803;37;"2026-09-04";"Present";"08:34:00";"";8.25
1804;37;"2026-09-05";"Absent";"";"17:55:00";7.68
1805;37;"2026-09-06";"Absent";"09:23:00";"18:37:00";5.72
1806;37;"2026-09-07";"Work From Home";"09:51:00";"16:20:00";8.25
1807;37;"2026-09-08";"Absent";"08:15:00";"18:22:00";9.17
1808;37;"2026-09-09";"Absent";"09:07:00";"18:59:00";9.87
1809;37;"2026-09-10";"Present";"10:59:00";"19:45:00";8.13
1810;37;"2026-09-11";"Absent";"09:54:00";"";0.0
1811;37;"2026-09-12";"Absent";"";"";9.7
1812;37;"2026-09-13";"Present";"09:10:00";"18:32:00";9.73
1813;37;"2026-09-14";"Present";"10:39:00";"";6.05
1814;37;"2026-09-15";"Present";"";"16:32:00";6.18
1815;37;"2026-09-16";"Work From Home";"08:57:00";"";6.47
1816;37;"2026-09-17";"Absent";"08:27:00";"17:54:00";9.37
1817;37;"2026-09-18";"Absent";"09:18:00";"16:19:00";10.13
1818;37;"2026-09-19";"Absent";"10:50:00";"16:18:00";11.53
1819;37;"2026-09-20";"Present";"";"18:11:00";9.68
1820;37;"2026-09-21";"Absent";"10:27:00";"17:45:00";7.65
1821;57;"2026-09-02";"Present";"09:38:00";"";8.47
1822;57;"2026-09-03";"Present";"10:26:00";"18:44:00";8.3
1823;57;"2026-09-04";"Present";"10:35:00";"18:24:00";7.82
1824;57;"2026-09-05";"Present";"08:09:00";"17:05:00";11.82
1825;57;"2026-09-06";"Present";"10:45:00";"";5.98
1826;57;"2026-09-07";"Work From Home";"10:09:00";"17:07:00";6.7
1827;57;"2026-09-08";"Absent";"";"17:30:00";8.68
1828;57;"2026-09-09";"Present";"09:01:00";"16:57:00";7.93
1829;57;"2026-09-10";"Absent";"";"18:30:00";8.48
1830;57;"2026-09-11";"Present";"09:56:00";"17:39:00";10.3
1831;57;"2026-09-12";"Present";"09:52:00";"18:19:00";9.1
1832;57;"2026-09-13";"Present";"08:03:00";"17:50:00";9.78
1833;57;"2026-09-14";"Present";"09:48:00";"19:47:00";9.65
1834;57;"2026-09-15";"Absent";"08:18:00";"16:43:00";8.62
1835;57;"2026-09-16";"Present";"08:58:00";"17:36:00";8.63
1836;57;"2026-09-17";"Present";"";"19:13:00";6.82
1837;57;"2026-09-18";"Absent";"09:02:00";"18:45:00";7.85
1838;57;"2026-09-19";"Present";"09:30:00";"";5.43
1839;57;"2026-09-20";"Present";"10:49:00";"16:10:00";8.55
1840;57;"2026-09-21";"Present";"";"19:26:00";0.0
1841;90;"2026-09-02";"Present";"10:17:00";"18:28:00";9.2
1842;90;"2026-09-03";"Absent";"";"17:44:00";0.0
1843;90;"2026-09-04";"Work From Home";"10:40:00";"";8.67
1844;90;"2026-09-05";"Present";"";"18:26:00";10.17
1845;90;"2026-09-06";"Present";"";"";9.53
1846;90;"2026-09-07";"Present";"";"19:07:00";8.63
1847;90;"2026-09-08";"Present";"";"17:22:00";7.82
1848;90;"2026-09-09";"Absent";"";"";0.0
1849;90;"2026-09-10";"Present";"10:47:00";"16:48:00";8.7
1850;90;"2026-09-11";"Present";"09:28:00";"";8.6
1851;90;"2026-09-12";"Present";"09:30:00";"16:33:00";8.57
1852;90;"2026-09-13";"Present";"10:55:00";"18:44:00";9.37
1853;90;"2026-09-14";"Absent";"08:46:00";"16:33:00";7.67
1854;90;"2026-09-15";"Absent";"10:33:00";"19:52:00";8.1
1855;90;"2026-09-16";"Present";"10:33:00";"18:57:00";10.3
1856;90;"2026-09-17";"Present";"10:30:00";"17:11:00";6.68
1857;90;"2026-09-18";"Present";"10:28:00";"";8.35
1858;90;"2026-09-19";"Present";"09:40:00";"18:17:00";7.35
1859;90;"2026-09-20";"Present";"";"18:35:00";8.5
1860;90;"2026-09-21";"Present";"09:20:00";"16:06:00";10.88
1861;96;"2026-09-02";"Present";"";"19:15:00";8.18
1862;96;"2026-09-03";"Present";"10:15:00";"18:59:00";7.15
1863;96;"2026-09-04";"Absent";"";"16:06:00";7.52
1864;96;"2026-09-05";"Present";"09:25:00";"19:37:00";9.73
1865;96;"2026-09-06";"Present";"10:25:00";"19:33:00";10.23
1866;96;"2026-09-07";"Work From Home";"10:33:00";"19:20:00";8.07
1867;96;"2026-09-08";"Present";"08:49:00";"16:50:00";8.02
1868;96;"2026-09-09";"Present";"";"19:53:00";9.23
1869;96;"2026-09-10";"Absent";"10:30:00";"";8.78
1870;96;"2026-09-11";"Present";"";"19:20:00";10.18
1871;96;"2026-09-12";"Present";"09:54:00";"18:30:00";7.28
1872;96;"2026-09-13";"Present";"09:43:00";"19:44:00";10.02
1873;96;"2026-09-14";"Present";"09:40:00";"16:26:00";6.77
1874;96;"2026-09-15";"Present";"08:50:00";"18:23:00";8.1
1875;96;"2026-09-16";"Present";"09:12:00";"17:40:00";8.57
1876;96;"2026-09-17";"Absent";"";"18:17:00";6.63
1877;96;"2026-09-18";"Present";"08:09:00";"19:13:00";8.68
1878;96;"2026-09-19";"Present";"10:20:00";"17:23:00";9.98
1879;96;"2026-09-20";"Present";"";"16:39:00";9.1
1880;96;"2026-09-21";"Present";"";"18:05:00";11.13
1881;103;"2026-09-02";"Present";"10:17:00";"";0.0
1882;103;"2026-09-03";"Present";"";"18:40:00";8.55
1883;103;"2026-09-04";"Absent";"08:46:00";"19:35:00";8.43
1884;103;"2026-09-05";"Present";"";"19:30:00";9.53
1885;103;"2026-09-06";"Absent";"10:54:00";"17:01:00";6.12
1886;103;"2026-09-07";"Present";"10:50:00";"";0.0
1887;103;"2026-09-08";"Absent";"08:12:00";"16:42:00";8.78
1888;103;"2026-09-09";"Present";"09:17:00";"";9.78
1889;103;"2026-09-10";"Present";"09:03:00";"16:36:00";7.55
1890;103;"2026-09-11";"Present";"09:16:00";"17:01:00";7.75
1891;103;"2026-09-12";"Present";"10:01:00";"17:29:00";7.12
1892;103;"2026-09-13";"Present";"10:18:00";"19:17:00";9.33
1893;103;"2026-09-14";"Absent";"";"";5.82
1894;103;"2026-09-15";"Present";"";"19:00:00";8.73
1895;103;"2026-09-16";"Present";"";"19:16:00";8.32
1896;103;"2026-09-17";"Present";"09:26:00";"17:28:00";10.18
1897;103;"2026-09-18";"Present";"10:31:00";"18:37:00";8.43
1898;103;"2026-09-19";"Absent";"";"17:23:00";0.0
1899;103;"2026-09-20";"Present";"";"17:17:00";10.35
1900;103;"2026-09-21";"Absent";"10:12:00";"16:07:00";10.55
1901;116;"2026-09-02";"Present";"10:56:00";"17:54:00";9.13
1902;116;"2026-09-03";"Present";"";"";7.02
1903;116;"2026-09-04";"Present";"10:36:00";"16:17:00";8.43
1904;116;"2026-09-05";"Present";"";"19:13:00";10.43
1905;116;"2026-09-06";"Present";"09:15:00";"19:28:00";9.7
1906;116;"2026-09-07";"Present";"10:47:00";"16:15:00";5.47
1907;116;"2026-09-08";"Present";"10:39:00";"16:42:00";6.3
1908;116;"2026-09-09";"Absent";"09:41:00";"";0.0
1909;116;"2026-09-10";"Present";"08:28:00";"17:06:00";10.6
1910;116;"2026-09-11";"Present";"10:09:00";"19:43:00";10.12
1911;116;"2026-09-12";"Present";"08:05:00";"16:22:00";8.28
1912;116;"2026-09-13";"Absent";"";"19:59:00";8.93
1913;116;"2026-09-14";"Absent";"09:03:00";"17:54:00";7.7
1914;116;"2026-09-15";"Present";"09:57:00";"";9.48
1915;116;"2026-09-16";"Present";"10:29:00";"";0.0
1916;116;"2026-09-17";"Present";"08:50:00";"17:36:00";8.77
1917;116;"2026-09-18";"Present";"";"19:30:00";7.47
1918;116;"2026-09-19";"Present";"09:29:00";"";10.52
1919;116;"2026-09-20";"Present";"";"";7.97
1920;116;"2026-09-21";"Present";"09:53:00";"19:51:00";9.97
1921;119;"2026-09-02";"Present";"10:42:00";"16:05:00";9.63
1922;119;"2026-09-03";"Present";"09:30:00";"17:34:00";9.6
1923;119;"2026-09-04";"Absent";"";"17:42:00";8.78
1924;119;"2026-09-05";"Present";"09:25:00";"16:07:00";6.7
1925;119;"2026-09-06";"Present";"09:14:00";"17:49:00";6.63
1926;119;"2026-09-07";"Absent";"10:19:00";"17:58:00";7.65
1927;119;"2026-09-08";"Present";"";"18:48:00";9.25
1928;119;"2026-09-09";"Present";"09:58:00";"18:11:00";7.45
1929;119;"2026-09-10";"Absent";"10:56:00";"18:26:00";7.57
1930;119;"2026-09-11";"Present";"09:52:00";"";0.0
1931;119;"2026-09-12";"Present";"10:41:00";"19:43:00";6.97
1932;119;"2026-09-13";"Present";"";"18:50:00";7.18
1933;119;"2026-09-14";"Present";"10:47:00";"17:49:00";7.03
1934;119;"2026-09-15";"Present";"09:40:00";"17:25:00";6.33
1935;119;"2026-09-16";"Present";"";"16:23:00";8.37
1936;119;"2026-09-17";"Present";"08:37:00";"16:11:00";7.57
1937;119;"2026-09-18";"Present";"08:43:00";"";11.55
1938;119;"2026-09-19";"Present";"08:59:00";"17:41:00";9.72
1939;119;"2026-09-20";"Present";"08:44:00";"";7.57
1940;119;"2026-09-21";"Present";"10:33:00";"";8.98
1941;137;"2026-09-02";"Present";"";"17:02:00";7.18
1942;137;"2026-09-03";"Present";"10:01:00";"17:40:00";10.3
1943;137;"2026-09-04";"Absent";"09:44:00";"17:05:00";8.17
1944;137;"2026-09-05";"Work From Home";"10:50:00";"16:38:00";9.18
1945;137;"2026-09-06";"Present";"";"18:48:00";9.82
1946;137;"2026-09-07";"Absent";"09:39:00";"18:10:00";11.75
1947;137;"2026-09-08";"Present";"10:57:00";"";0.0
1948;137;"2026-09-09";"Present";"08:27:00";"";0.0
1949;137;"2026-09-10";"Present";"09:28:00";"16:08:00";7.82
1950;137;"2026-09-11";"Present";"09:39:00";"16:05:00";8.07
1951;137;"2026-09-12";"Present";"09:39:00";"18:21:00";7.82
1952;137;"2026-09-13";"Present";"";"";9.67
1953;137;"2026-09-14";"Present";"09:13:00";"17:41:00";7.7
1954;137;"2026-09-15";"Present";"08:30:00";"18:00:00";6.88
1955;137;"2026-09-16";"Absent";"10:03:00";"18:30:00";8.45
1956;137;"2026-09-17";"Present";"";"19:33:00";9.92
1957;137;"2026-09-18";"Present";"10:39:00";"18:49:00";7.55
1958;137;"2026-09-19";"Present";"08:24:00";"";5.97
1959;137;"2026-09-20";"Present";"08:47:00";"19:09:00";10.37
1960;137;"2026-09-21";"Present";"10:53:00";"18:21:00";6.12
1961;139;"2026-09-02";"Absent";"08:45:00";"17:00:00";8.25
1962;139;"2026-09-03";"Work From Home";"08:20:00";"";0.0
1963;139;"2026-09-04";"Present";"08:42:00";"17:15:00";8.55
1964;139;"2026-09-05";"Absent";"10:51:00";"18:18:00";9.58
1965;139;"2026-09-06";"Present";"10:32:00";"17:45:00";7.07
1966;139;"2026-09-07";"Present";"09:55:00";"";7.53
1967;139;"2026-09-08";"Present";"";"16:53:00";7.17
1968;139;"2026-09-09";"Present";"09:22:00";"19:01:00";9.15
1969;139;"2026-09-10";"Present";"10:17:00";"18:10:00";8.28
1970;139;"2026-09-11";"Present";"10:18:00";"17:02:00";6.73
1971;139;"2026-09-12";"Present";"09:21:00";"18:39:00";9.68
1972;139;"2026-09-13";"Absent";"";"";9.42
1973;139;"2026-09-14";"Present";"09:01:00";"";10.35
1974;139;"2026-09-15";"Present";"08:16:00";"";10.57
1975;139;"2026-09-16";"Absent";"10:35:00";"";8.8
1976;139;"2026-09-17";"Absent";"";"17:23:00";0.0
1977;139;"2026-09-18";"Present";"08:57:00";"";9.25
1978;139;"2026-09-19";"Present";"09:36:00";"16:05:00";9.92
1979;139;"2026-09-20";"Present";"09:30:00";"";0.0
1980;139;"2026-09-21";"Present";"";"";9.13
1981;153;"2026-09-02";"Absent";"08:33:00";"17:45:00";9.2
1982;153;"2026-09-03";"Work From Home";"08:00:00";"18:13:00";11.55
1983;153;"2026-09-04";"Absent";"09:11:00";"17:46:00";9.38
1984;153;"2026-09-05";"Absent";"09:48:00";"19:24:00";10.47
1985;153;"2026-09-06";"Present";"10:15:00";"18:36:00";8.35
1986;153;"2026-09-07";"Present";"08:53:00";"16:10:00";8.12
1987;153;"2026-09-08";"Present";"10:08:00";"18:40:00";8.52
1988;153;"2026-09-09";"Present";"";"19:43:00";9.92
1989;153;"2026-09-10";"Present";"10:54:00";"18:55:00";9.62
1990;153;"2026-09-11";"Present";"08:38:00";"19:54:00";11.27
1991;153;"2026-09-12";"Present";"";"17:44:00";8.25
1992;153;"2026-09-13";"Present";"08:40:00";"16:04:00";7.4
1993;153;"2026-09-14";"Present";"08:37:00";"17:26:00";8.82
1994;153;"2026-09-15";"Absent";"";"18:50:00";8.37
1995;153;"2026-09-16";"Present";"10:51:00";"16:51:00";6.0
1996;153;"2026-09-17";"Present";"10:38:00";"19:37:00";7.48
1997;153;"2026-09-18";"Present";"";"19:20:00";9.25
1998;153;"2026-09-19";"Present";"";"18:24:00";10.97
1999;153;"2026-09-20";"Present";"10:11:00";"16:52:00";6.68
2000;153;"2026-09-21";"Absent";"09:52:00";"19:32:00";5.13
2001;175;"2026-09-02";"Present";"09:28:00";"19:52:00";10.07
2002;175;"2026-09-03";"Present";"";"19:14:00";0.0
2003;175;"2026-09-04";"Present";"";"17:58:00";9.02
2004;175;"2026-09-05";"Present";"08:02:00";"18:34:00";10.53
2005;175;"2026-09-06";"Present";"";"17:20:00";7.62
2006;175;"2026-09-07";"Present";"10:25:00";"19:04:00";10.02
2007;175;"2026-09-08";"Present";"09:23:00";"16:23:00";6.95
2008;175;"2026-09-09";"Present";"08:30:00";"";9.37
2009;175;"2026-09-10";"Absent";"08:52:00";"19:22:00";9.43
2010;175;"2026-09-11";"Present";"09:57:00";"16:13:00";8.88
2011;175;"2026-09-12";"Absent";"08:18:00";"16:55:00";6.33
2012;175;"2026-09-13";"Present";"08:30:00";"16:44:00";5.73
2013;175;"2026-09-14";"Absent";"";"16:07:00";10.32
2014;175;"2026-09-15";"Present";"10:48:00";"";5.93
2015;175;"2026-09-16";"Work From Home";"08:40:00";"17:27:00";8.78
2016;175;"2026-09-17";"Absent";"08:26:00";"18:37:00";6.25
2017;175;"2026-09-18";"Present";"10:03:00";"17:41:00";8.25
2018;175;"2026-09-19";"Present";"10:19:00";"16:32:00";10.33
2019;175;"2026-09-20";"Present";"10:14:00";"16:14:00";6.0
2020;175;"2026-09-21";"Present";"09:28:00";"";0.0
2021;185;"2026-09-02";"Absent";"10:44:00";"";7.23
2022;185;"2026-09-03";"Present";"08:45:00";"18:13:00";6.48
2023;185;"2026-09-04";"Present";"10:17:00";"16:52:00";8.92
2024;185;"2026-09-05";"Present";"08:39:00";"";9.67
2025;185;"2026-09-06";"Present";"10:29:00";"";9.1
2026;185;"2026-09-07";"Absent";"09:26:00";"18:15:00";7.48
2027;185;"2026-09-08";"Present";"";"";5.92
2028;185;"2026-09-09";"Present";"09:53:00";"16:42:00";6.82
2029;185;"2026-09-10";"Present";"10:05:00";"17:52:00";9.12
2030;185;"2026-09-11";"Present";"";"18:44:00";0.0
2031;185;"2026-09-12";"Present";"09:31:00";"16:17:00";7.03
2032;185;"2026-09-13";"Present";"";"16:33:00";6.08
2033;185;"2026-09-14";"Present";"08:10:00";"18:23:00";11.62
2034;185;"2026-09-15";"Present";"";"19:50:00";7.67
2035;185;"2026-09-16";"Present";"";"19:54:00";7.1
2036;185;"2026-09-17";"Absent";"08:48:00";"17:47:00";8.98
2037;185;"2026-09-18";"Present";"09:15:00";"17:19:00";10.63
2038;185;"2026-09-19";"Present";"";"18:45:00";6.9
2039;185;"2026-09-20";"Absent";"09:30:00";"19:40:00";10.17
2040;185;"2026-09-21";"Present";"10:23:00";"18:11:00";6.22
2041;218;"2026-09-02";"Present";"10:01:00";"";10.25
2042;218;"2026-09-03";"Present";"08:13:00";"17:51:00";9.13
2043;218;"2026-09-04";"Present";"08:39:00";"18:08:00";7.48
2044;218;"2026-09-05";"Present";"08:04:00";"19:37:00";8.83
2045;218;"2026-09-06";"Present";"";"18:15:00";10.45
2046;218;"2026-09-07";"Absent";"08:19:00";"18:06:00";8.82
2047;218;"2026-09-08";"Present";"10:54:00";"";5.28
2048;218;"2026-09-09";"Present";"10:56:00";"17:57:00";8.33
2049;218;"2026-09-10";"Absent";"10:26:00";"18:06:00";8.85
2050;218;"2026-09-11";"Present";"10:36:00";"16:47:00";7.13
2051;218;"2026-09-12";"Present";"";"19:28:00";9.25
2052;218;"2026-09-13";"Absent";"09:02:00";"";7.98
2053;218;"2026-09-14";"Absent";"10:08:00";"18:20:00";8.2
2054;218;"2026-09-15";"Present";"08:11:00";"19:43:00";11.53
2055;218;"2026-09-16";"Present";"09:44:00";"18:20:00";7.78
2056;218;"2026-09-17";"Present";"10:24:00";"18:15:00";6.82
2057;218;"2026-09-18";"Work From Home";"09:26:00";"16:22:00";8.22
2058;218;"2026-09-19";"Work From Home";"09:30:00";"19:37:00";7.3
2059;218;"2026-09-20";"Absent";"10:28:00";"16:18:00";5.83
2060;218;"2026-09-21";"Present";"10:54:00";"16:33:00";7.25
2061;285;"2026-09-02";"Present";"";"18:55:00";0.0
2062;285;"2026-09-03";"Present";"10:21:00";"17:09:00";6.8
2063;285;"2026-09-04";"Absent";"09:04:00";"16:22:00";7.9
2064;285;"2026-09-05";"Present";"08:39:00";"";9.62
2065;285;"2026-09-06";"Absent";"09:37:00";"";9.78
2066;285;"2026-09-07";"Present";"";"19:40:00";10.67
2067;285;"2026-09-08";"Present";"10:06:00";"";7.4
2068;285;"2026-09-09";"Present";"10:55:00";"19:44:00";9.72
2069;285;"2026-09-10";"Present";"09:16:00";"16:12:00";8.13
2070;285;"2026-09-11";"Present";"09:47:00";"17:42:00";8.88
2071;285;"2026-09-12";"Present";"08:17:00";"18:32:00";8.1
2072;285;"2026-09-13";"Present";"10:24:00";"19:55:00";9.52
2073;285;"2026-09-14";"Work From Home";"";"";8.7
2074;285;"2026-09-15";"Present";"09:32:00";"18:06:00";8.57
2075;285;"2026-09-16";"Present";"09:05:00";"";7.88
2076;285;"2026-09-17";"Present";"10:36:00";"19:09:00";10.43
2077;285;"2026-09-18";"Present";"09:48:00";"19:57:00";8.88
2078;285;"2026-09-19";"Present";"09:07:00";"16:33:00";9.47
2079;285;"2026-09-20";"Absent";"08:55:00";"16:05:00";8.12
2080;285;"2026-09-21";"Present";"08:16:00";"17:35:00";9.32
2081;311;"2026-09-02";"Present";"10:08:00";"16:52:00";9.18
2082;311;"2026-09-03";"Present";"09:08:00";"17:43:00";7.5
2083;311;"2026-09-04";"Present";"10:35:00";"18:41:00";11.17
2084;311;"2026-09-05";"Present";"10:22:00";"";8.18
2085;311;"2026-09-06";"Present";"";"18:12:00";5.67
2086;311;"2026-09-07";"Work From Home";"10:13:00";"19:25:00";5.3
2087;311;"2026-09-08";"Present";"10:11:00";"16:19:00";8.92
2088;311;"2026-09-09";"Present";"08:14:00";"17:48:00";9.8
2089;311;"2026-09-10";"Present";"";"";9.97
2090;311;"2026-09-11";"Present";"08:17:00";"17:45:00";8.73
2091;311;"2026-09-12";"Present";"10:29:00";"16:25:00";7.1
2092;311;"2026-09-13";"Present";"10:08:00";"17:56:00";7.32
2093;311;"2026-09-14";"Present";"08:08:00";"17:13:00";6.22
2094;311;"2026-09-15";"Present";"";"";5.62
2095;311;"2026-09-16";"Present";"";"16:34:00";6.03
2096;311;"2026-09-17";"Present";"";"16:55:00";10.28
2097;311;"2026-09-18";"Absent";"09:02:00";"17:18:00";9.73
2098;311;"2026-09-19";"Work From Home";"09:40:00";"19:07:00";9.45
2099;311;"2026-09-20";"Absent";"09:28:00";"";8.13
2100;311;"2026-09-21";"Absent";"";"";0.0
2101;320;"2026-09-02";"Absent";"10:32:00";"19:00:00";8.38
2102;320;"2026-09-03";"Present";"08:13:00";"";9.63
2103;320;"2026-09-04";"Present";"08:32:00";"";0.0
2104;320;"2026-09-05";"Present";"09:21:00";"19:31:00";8.07
2105;320;"2026-09-06";"Present";"09:07:00";"19:18:00";8.4
2106;320;"2026-09-07";"Present";"";"16:11:00";9.13
2107;320;"2026-09-08";"Absent";"10:37:00";"18:49:00";8.2
2108;320;"2026-09-09";"Present";"10:18:00";"19:16:00";8.33
2109;320;"2026-09-10";"Present";"08:15:00";"17:46:00";8.63
2110;320;"2026-09-11";"Present";"10:32:00";"18:30:00";7.97
2111;320;"2026-09-12";"Present";"09:53:00";"18:26:00";6.77
2112;320;"2026-09-13";"Present";"08:48:00";"19:13:00";6.75
2113;320;"2026-09-14";"Present";"08:21:00";"17:40:00";10.0
2114;320;"2026-09-15";"Present";"10:24:00";"17:20:00";11.07
2115;320;"2026-09-16";"Present";"09:23:00";"18:49:00";7.38
2116;320;"2026-09-17";"Present";"";"16:51:00";0.0
2117;320;"2026-09-18";"Present";"10:46:00";"";6.18
2118;320;"2026-09-19";"Present";"08:01:00";"";0.0
2119;320;"2026-09-20";"Present";"09:55:00";"17:07:00";8.87
2120;320;"2026-09-21";"Present";"10:10:00";"18:05:00";7.92
2121;325;"2026-09-02";"Present";"10:30:00";"";0.0
2122;325;"2026-09-03";"Present";"09:24:00";"";7.25
2123;325;"2026-09-04";"Absent";"";"";8.53
2124;325;"2026-09-05";"Present";"10:37:00";"16:53:00";6.27
2125;325;"2026-09-06";"Present";"08:59:00";"16:02:00";8.58
2126;325;"2026-09-07";"Present";"08:54:00";"18:05:00";9.18
2127;325;"2026-09-08";"Present";"10:58:00";"18:55:00";6.33
2128;325;"2026-09-09";"Absent";"";"19:50:00";9.67
2129;325;"2026-09-10";"Present";"08:15:00";"17:04:00";10.52
2130;325;"2026-09-11";"Present";"09:24:00";"18:26:00";8.75
2131;325;"2026-09-12";"Present";"";"";6.43
2132;325;"2026-09-13";"Present";"10:14:00";"";8.52
2133;325;"2026-09-14";"Present";"09:41:00";"19:43:00";9.6
2134;325;"2026-09-15";"Present";"10:32:00";"18:56:00";8.4
2135;325;"2026-09-16";"Present";"09:55:00";"18:01:00";8.1
2136;325;"2026-09-17";"Present";"10:52:00";"18:33:00";8.95
2137;325;"2026-09-18";"Work From Home";"10:30:00";"17:32:00";8.27
2138;325;"2026-09-19";"Present";"08:05:00";"17:18:00";9.22
2139;325;"2026-09-20";"Present";"10:46:00";"16:01:00";5.25
2140;325;"2026-09-21";"Present";"09:16:00";"16:07:00";8.47
2141;332;"2026-09-02";"Present";"08:12:00";"";6.6
2142;332;"2026-09-03";"Present";"10:37:00";"18:21:00";11.13
2143;332;"2026-09-04";"Present";"";"";7.35
2144;332;"2026-09-05";"Present";"";"18:59:00";9.87
2145;332;"2026-09-06";"Present";"09:16:00";"18:10:00";6.62
2146;332;"2026-09-07";"Present";"";"16:13:00";7.62
2147;332;"2026-09-08";"Present";"08:37:00";"19:31:00";10.9
2148;332;"2026-09-09";"Present";"08:38:00";"17:54:00";6.03
2149;332;"2026-09-10";"Absent";"08:36:00";"16:47:00";9.25
2150;332;"2026-09-11";"Absent";"10:54:00";"18:52:00";7.97
2151;332;"2026-09-12";"Present";"08:00:00";"";10.08
2152;332;"2026-09-13";"Present";"09:56:00";"";5.58
2153;332;"2026-09-14";"Present";"";"16:19:00";5.7
2154;332;"2026-09-15";"Absent";"09:55:00";"";0.0
2155;332;"2026-09-16";"Present";"08:16:00";"19:51:00";9.58
2156;332;"2026-09-17";"Present";"08:28:00";"16:01:00";9.45
2157;332;"2026-09-18";"Present";"09:06:00";"17:19:00";7.87
2158;332;"2026-09-19";"Absent";"09:34:00";"18:46:00";8.65
2159;332;"2026-09-20";"Absent";"09:56:00";"17:23:00";5.35
2160;332;"2026-09-21";"Present";"08:44:00";"";11.05
2161;339;"2026-09-02";"Present";"10:11:00";"17:02:00";8.33
2162;339;"2026-09-03";"Present";"09:29:00";"";6.65
2163;339;"2026-09-04";"Present";"09:15:00";"18:49:00";9.62
2164;339;"2026-09-05";"Absent";"08:40:00";"";0.0
2165;339;"2026-09-06";"Present";"09:13:00";"16:02:00";6.82
2166;339;"2026-09-07";"Present";"";"";10.25
2167;339;"2026-09-08";"Present";"";"";9.75
2168;339;"2026-09-09";"Present";"";"16:05:00";10.97
2169;339;"2026-09-10";"Present";"10:36:00";"";0.0
2170;339;"2026-09-11";"Present";"09:40:00";"17:12:00";8.67
2171;339;"2026-09-12";"Present";"08:07:00";"18:49:00";7.17
2172;339;"2026-09-13";"Present";"09:48:00";"17:53:00";10.58
2173;339;"2026-09-14";"Present";"";"";0.0
2174;339;"2026-09-15";"Present";"09:56:00";"16:09:00";9.58
2175;339;"2026-09-16";"Present";"09:06:00";"";11.52
2176;339;"2026-09-17";"Present";"10:15:00";"19:28:00";8.6
2177;339;"2026-09-18";"Absent";"09:37:00";"16:46:00";7.15
2178;339;"2026-09-19";"Absent";"09:40:00";"17:45:00";8.08
2179;339;"2026-09-20";"Work From Home";"08:24:00";"19:59:00";9.0
2180;339;"2026-09-21";"Present";"08:41:00";"16:40:00";7.98
2181;345;"2026-09-02";"Present";"08:41:00";"19:18:00";9.22
2182;345;"2026-09-03";"Present";"08:09:00";"19:05:00";10.42
2183;345;"2026-09-04";"Present";"08:00:00";"16:32:00";7.97
2184;345;"2026-09-05";"Present";"10:26:00";"18:03:00";10.0
2185;345;"2026-09-06";"Present";"10:31:00";"19:09:00";7.5
2186;345;"2026-09-07";"Present";"09:59:00";"19:16:00";9.28
2187;345;"2026-09-08";"Present";"10:25:00";"16:22:00";7.27
2188;345;"2026-09-09";"Present";"";"16:15:00";8.65
2189;345;"2026-09-10";"Absent";"09:30:00";"18:29:00";8.63
2190;345;"2026-09-11";"Work From Home";"08:53:00";"";7.57
2191;345;"2026-09-12";"Present";"10:15:00";"";8.88
2192;345;"2026-09-13";"Present";"10:01:00";"";7.95
2193;345;"2026-09-14";"Absent";"08:41:00";"19:46:00";8.63
2194;345;"2026-09-15";"Present";"10:56:00";"";7.13
2195;345;"2026-09-16";"Present";"09:54:00";"17:23:00";7.48
2196;345;"2026-09-17";"Present";"";"18:44:00";10.48
2197;345;"2026-09-18";"Absent";"10:58:00";"17:48:00";7.75
2198;345;"2026-09-19";"Present";"10:02:00";"18:45:00";8.72
2199;345;"2026-09-20";"Present";"";"";5.85
2200;345;"2026-09-21";"Work From Home";"08:00:00";"";8.48
2201;353;"2026-09-02";"Present";"09:26:00";"19:35:00";10.97
2202;353;"2026-09-03";"Present";"08:25:00";"16:57:00";6.03
2203;353;"2026-09-04";"Present";"08:28:00";"19:16:00";5.35
2204;353;"2026-09-05";"Present";"08:36:00";"";7.53
2205;353;"2026-09-06";"Present";"09:31:00";"18:10:00";8.65
2206;353;"2026-09-07";"Present";"10:37:00";"";10.37
2207;353;"2026-09-08";"Absent";"09:59:00";"";8.02
2208;353;"2026-09-09";"Present";"08:14:00";"17:54:00";10.13
2209;353;"2026-09-10";"Absent";"08:22:00";"16:28:00";8.1
2210;353;"2026-09-11";"Work From Home";"10:31:00";"";0.0
2211;353;"2026-09-12";"Present";"09:25:00";"17:52:00";8.45
2212;353;"2026-09-13";"Absent";"08:35:00";"19:45:00";6.13
2213;353;"2026-09-14";"Present";"";"17:04:00";7.22
2214;353;"2026-09-15";"Absent";"";"";9.38
2215;353;"2026-09-16";"Present";"10:43:00";"";6.58
2216;353;"2026-09-17";"Present";"";"";7.57
2217;353;"2026-09-18";"Present";"09:10:00";"";8.92
2218;353;"2026-09-19";"Present";"08:30:00";"17:56:00";9.6
2219;353;"2026-09-20";"Present";"10:16:00";"";9.0
2220;353;"2026-09-21";"Present";"09:07:00";"18:42:00";9.58
2221;357;"2026-09-02";"Present";"09:50:00";"";9.03
2222;357;"2026-09-03";"Present";"10:50:00";"18:58:00";7.13
2223;357;"2026-09-04";"Present";"08:48:00";"18:37:00";9.08
2224;357;"2026-09-05";"Present";"09:55:00";"";11.02
2225;357;"2026-09-06";"Absent";"10:39:00";"18:44:00";8.78
2226;357;"2026-09-07";"Present";"08:40:00";"";7.35
2227;357;"2026-09-08";"Present";"08:47:00";"18:52:00";8.43
2228;357;"2026-09-09";"Present";"";"18:14:00";6.07
2229;357;"2026-09-10";"Present";"10:01:00";"19:56:00";9.38
2230;357;"2026-09-11";"Absent";"";"17:46:00";7.48
2231;357;"2026-09-12";"Work From Home";"";"";0.0
2232;357;"2026-09-13";"Work From Home";"10:59:00";"17:33:00";9.85
2233;357;"2026-09-14";"Present";"09:12:00";"16:22:00";7.82
2234;357;"2026-09-15";"Present";"08:05:00";"18:39:00";9.02
2235;357;"2026-09-16";"Present";"09:47:00";"19:22:00";9.58
2236;357;"2026-09-17";"Present";"09:43:00";"17:35:00";7.18
2237;357;"2026-09-18";"Absent";"08:47:00";"";0.0
2238;357;"2026-09-19";"Absent";"10:02:00";"17:13:00";7.18
2239;357;"2026-09-20";"Present";"09:17:00";"";0.0
2240;357;"2026-09-21";"Present";"10:37:00";"16:36:00";5.98
2241;407;"2026-09-02";"Present";"10:58:00";"16:26:00";8.8
2242;407;"2026-09-03";"Present";"09:22:00";"18:27:00";7.47
2243;407;"2026-09-04";"Absent";"";"";0.0
2244;407;"2026-09-05";"Present";"09:20:00";"16:52:00";10.43
2245;407;"2026-09-06";"Present";"08:54:00";"17:13:00";8.22
2246;407;"2026-09-07";"Present";"";"18:43:00";0.0
2247;407;"2026-09-08";"Present";"09:56:00";"19:05:00";8.52
2248;407;"2026-09-09";"Absent";"10:22:00";"18:54:00";8.53
2249;407;"2026-09-10";"Present";"";"";8.52
2250;407;"2026-09-11";"Present";"10:34:00";"";9.67
2251;407;"2026-09-12";"Present";"08:24:00";"";5.73
2252;407;"2026-09-13";"Absent";"10:25:00";"16:42:00";7.67
2253;407;"2026-09-14";"Absent";"10:18:00";"17:32:00";7.0
2254;407;"2026-09-15";"Present";"";"19:15:00";6.48
2255;407;"2026-09-16";"Present";"";"19:03:00";10.62
2256;407;"2026-09-17";"Present";"10:42:00";"16:25:00";5.72
2257;407;"2026-09-18";"Present";"08:16:00";"";8.85
2258;407;"2026-09-19";"Present";"08:54:00";"18:32:00";11.1
2259;407;"2026-09-20";"Present";"10:16:00";"16:48:00";7.13
2260;407;"2026-09-21";"Present";"";"19:32:00";0.0
2261;418;"2026-09-02";"Present";"";"16:15:00";10.92
2262;418;"2026-09-03";"Present";"08:31:00";"19:32:00";11.02
2263;418;"2026-09-04";"Absent";"09:35:00";"17:17:00";8.7
2264;418;"2026-09-05";"Present";"";"";7.7
2265;418;"2026-09-06";"Present";"09:31:00";"18:48:00";9.73
2266;418;"2026-09-07";"Absent";"";"16:29:00";11.6
2267;418;"2026-09-08";"Present";"08:27:00";"16:30:00";8.05
2268;418;"2026-09-09";"Present";"09:25:00";"";0.0
2269;418;"2026-09-10";"Present";"09:39:00";"";0.0
2270;418;"2026-09-11";"Present";"10:06:00";"";11.07
2271;418;"2026-09-12";"Present";"";"";8.03
2272;418;"2026-09-13";"Present";"09:31:00";"";8.48
2273;418;"2026-09-14";"Present";"10:06:00";"16:08:00";10.47
2274;418;"2026-09-15";"Present";"09:01:00";"18:55:00";10.02
2275;418;"2026-09-16";"Present";"09:33:00";"18:30:00";10.42
2276;418;"2026-09-17";"Present";"09:03:00";"";5.65
2277;418;"2026-09-18";"Present";"08:05:00";"17:02:00";8.95
2278;418;"2026-09-19";"Present";"09:06:00";"";0.0
2279;418;"2026-09-20";"Present";"";"16:11:00";6.37
2280;418;"2026-09-21";"Absent";"09:55:00";"16:19:00";9.18
2281;430;"2026-09-02";"Present";"08:48:00";"17:35:00";10.4
2282;430;"2026-09-03";"Present";"08:01:00";"18:24:00";9.38
2283;430;"2026-09-04";"Present";"09:19:00";"16:33:00";7.23
2284;430;"2026-09-05";"Present";"10:09:00";"";7.77
2285;430;"2026-09-06";"Present";"10:37:00";"16:02:00";9.82
2286;430;"2026-09-07";"Present";"09:36:00";"19:47:00";8.93
2287;430;"2026-09-08";"Present";"09:00:00";"19:55:00";10.92
2288;430;"2026-09-09";"Absent";"10:28:00";"";6.73
2289;430;"2026-09-10";"Absent";"";"16:09:00";9.18
2290;430;"2026-09-11";"Present";"08:36:00";"16:43:00";8.52
2291;430;"2026-09-12";"Absent";"09:12:00";"19:26:00";8.17
2292;430;"2026-09-13";"Present";"08:42:00";"";11.08
2293;430;"2026-09-14";"Present";"10:57:00";"";8.0
2294;430;"2026-09-15";"Absent";"09:35:00";"16:30:00";8.62
2295;430;"2026-09-16";"Present";"10:30:00";"19:16:00";8.77
2296;430;"2026-09-17";"Present";"10:43:00";"";0.0
2297;430;"2026-09-18";"Present";"08:57:00";"";9.1
2298;430;"2026-09-19";"Present";"10:42:00";"";7.45
2299;430;"2026-09-20";"Present";"09:45:00";"18:20:00";9.03
2300;430;"2026-09-21";"Present";"10:17:00";"19:40:00";9.17
2301;433;"2026-09-02";"Present";"";"16:29:00";9.03
2302;433;"2026-09-03";"Present";"09:24:00";"";0.0
2303;433;"2026-09-04";"Present";"09:16:00";"18:00:00";6.2
2304;433;"2026-09-05";"Present";"08:24:00";"17:17:00";10.38
2305;433;"2026-09-06";"Present";"08:51:00";"";10.62
2306;433;"2026-09-07";"Present";"08:58:00";"19:20:00";9.35
2307;433;"2026-09-08";"Absent";"10:01:00";"16:11:00";6.17
2308;433;"2026-09-09";"Present";"10:40:00";"";9.08
2309;433;"2026-09-10";"Present";"";"18:28:00";7.25
2310;433;"2026-09-11";"Present";"10:24:00";"17:21:00";9.62
2311;433;"2026-09-12";"Present";"08:49:00";"16:54:00";8.08
2312;433;"2026-09-13";"Present";"09:10:00";"17:54:00";6.08
2313;433;"2026-09-14";"Present";"10:38:00";"";0.0
2314;433;"2026-09-15";"Present";"";"19:14:00";10.17
2315;433;"2026-09-16";"Present";"";"17:45:00";0.0
2316;433;"2026-09-17";"Present";"";"18:39:00";9.35
2317;433;"2026-09-18";"Present";"10:41:00";"";8.0
2318;433;"2026-09-19";"Present";"09:58:00";"16:23:00";7.22
2319;433;"2026-09-20";"Present";"09:47:00";"17:54:00";9.67
2320;433;"2026-09-21";"Absent";"09:40:00";"18:13:00";6.07
2321;439;"2026-09-02";"Absent";"09:16:00";"";8.57
2322;439;"2026-09-03";"Present";"08:49:00";"";10.42
2323;439;"2026-09-04";"Absent";"08:53:00";"17:02:00";8.15
2324;439;"2026-09-05";"Present";"08:35:00";"16:35:00";8.0
2325;439;"2026-09-06";"Present";"";"19:15:00";9.28
2326;439;"2026-09-07";"Present";"08:16:00";"";0.0
2327;439;"2026-09-08";"Present";"10:09:00";"";0.0
2328;439;"2026-09-09";"Present";"";"18:52:00";7.7
2329;439;"2026-09-10";"Absent";"08:30:00";"";10.73
2330;439;"2026-09-11";"Present";"08:59:00";"16:16:00";9.25
2331;439;"2026-09-12";"Absent";"";"16:56:00";7.2
2332;439;"2026-09-13";"Present";"";"16:21:00";8.28
2333;439;"2026-09-14";"Present";"10:33:00";"17:56:00";9.67
2334;439;"2026-09-15";"Present";"";"16:10:00";6.4
2335;439;"2026-09-16";"Absent";"09:50:00";"17:16:00";7.43
2336;439;"2026-09-17";"Present";"08:35:00";"19:15:00";9.48
2337;439;"2026-09-18";"Absent";"";"18:39:00";6.0
2338;439;"2026-09-19";"Absent";"10:54:00";"18:13:00";7.67
2339;439;"2026-09-20";"Present";"08:34:00";"17:23:00";6.48
2340;439;"2026-09-21";"Present";"";"19:14:00";0.0
2341;453;"2026-09-02";"Present";"08:33:00";"18:46:00";6.53
2342;453;"2026-09-03";"Present";"08:29:00";"18:56:00";8.3
2343;453;"2026-09-04";"Present";"10:50:00";"18:46:00";8.83
2344;453;"2026-09-05";"Absent";"08:46:00";"16:48:00";8.03
2345;453;"2026-09-06";"Present";"10:55:00";"19:45:00";8.83
2346;453;"2026-09-07";"Present";"09:32:00";"17:23:00";6.22
2347;453;"2026-09-08";"Work From Home";"";"19:19:00";0.0
2348;453;"2026-09-09";"Present";"10:22:00";"16:23:00";8.08
2349;453;"2026-09-10";"Present";"10:26:00";"17:19:00";9.4
2350;453;"2026-09-11";"Present";"";"17:46:00";9.07
2351;453;"2026-09-12";"Present";"";"17:53:00";5.87
2352;453;"2026-09-13";"Work From Home";"";"16:59:00";6.68
2353;453;"2026-09-14";"Present";"09:53:00";"";0.0
2354;453;"2026-09-15";"Present";"08:31:00";"18:57:00";8.73
2355;453;"2026-09-16";"Present";"10:44:00";"16:45:00";10.73
2356;453;"2026-09-17";"Present";"";"";7.88
2357;453;"2026-09-18";"Present";"09:05:00";"";9.37
2358;453;"2026-09-19";"Present";"09:37:00";"17:20:00";8.53
2359;453;"2026-09-20";"Absent";"09:59:00";"";0.0
2360;453;"2026-09-21";"Absent";"09:11:00";"16:30:00";7.32
2361;461;"2026-09-02";"Present";"";"19:17:00";9.23
2362;461;"2026-09-03";"Present";"08:16:00";"17:39:00";10.13
2363;461;"2026-09-04";"Present";"";"18:35:00";10.93
2364;461;"2026-09-05";"Absent";"09:51:00";"18:06:00";8.57
2365;461;"2026-09-06";"Absent";"09:03:00";"16:13:00";7.17
2366;461;"2026-09-07";"Present";"10:58:00";"17:46:00";8.57
2367;461;"2026-09-08";"Present";"09:12:00";"19:08:00";6.07
2368;461;"2026-09-09";"Present";"";"";0.0
2369;461;"2026-09-10";"Present";"08:25:00";"17:38:00";9.22
2370;461;"2026-09-11";"Present";"";"16:39:00";0.0
2371;461;"2026-09-12";"Present";"08:13:00";"";7.5
2372;461;"2026-09-13";"Present";"10:59:00";"18:30:00";7.8
2373;461;"2026-09-14";"Present";"10:10:00";"17:15:00";7.08
2374;461;"2026-09-15";"Present";"08:38:00";"";8.25
2375;461;"2026-09-16";"Present";"10:20:00";"18:16:00";7.93
2376;461;"2026-09-17";"Present";"08:42:00";"19:26:00";10.73
2377;461;"2026-09-18";"Present";"";"19:11:00";7.72
2378;461;"2026-09-19";"Present";"10:59:00";"17:28:00";10.3
2379;461;"2026-09-20";"Present";"09:19:00";"17:08:00";7.82
2380;461;"2026-09-21";"Absent";"10:29:00";"";11.72
2381;462;"2026-09-02";"Present";"08:45:00";"";7.63
2382;462;"2026-09-03";"Absent";"10:12:00";"19:28:00";8.75
2383;462;"2026-09-04";"Present";"";"17:21:00";8.93
2384;462;"2026-09-05";"Present";"";"19:52:00";0.0
2385;462;"2026-09-06";"Absent";"09:01:00";"16:28:00";9.58
2386;462;"2026-09-07";"Absent";"09:37:00";"16:47:00";8.45
2387;462;"2026-09-08";"Present";"10:56:00";"19:44:00";7.27
2388;462;"2026-09-09";"Present";"";"18:38:00";9.63
2389;462;"2026-09-10";"Present";"10:31:00";"17:11:00";6.67
2390;462;"2026-09-11";"Present";"09:46:00";"16:37:00";7.62
2391;462;"2026-09-12";"Present";"08:30:00";"18:23:00";8.0
2392;462;"2026-09-13";"Present";"08:41:00";"19:36:00";8.92
2393;462;"2026-09-14";"Absent";"08:16:00";"18:49:00";6.63
2394;462;"2026-09-15";"Present";"08:20:00";"16:31:00";11.18
2395;462;"2026-09-16";"Absent";"10:13:00";"19:41:00";10.68
2396;462;"2026-09-17";"Present";"";"18:16:00";6.8
2397;462;"2026-09-18";"Present";"08:42:00";"";8.48
2398;462;"2026-09-19";"Present";"09:06:00";"";10.15
2399;462;"2026-09-20";"Present";"09:19:00";"19:28:00";10.2
2400;462;"2026-09-21";"Present";"";"18:05:00";9.37
2401;480;"2026-09-02";"Absent";"08:56:00";"";8.28
2402;480;"2026-09-03";"Present";"09:49:00";"16:02:00";6.55
2403;480;"2026-09-04";"Present";"09:29:00";"";6.05
2404;480;"2026-09-05";"Present";"09:53:00";"16:15:00";6.37
2405;480;"2026-09-06";"Absent";"10:34:00";"18:29:00";7.87
2406;480;"2026-09-07";"Present";"09:50:00";"16:19:00";8.42
2407;480;"2026-09-08";"Absent";"09:57:00";"17:52:00";9.78
2408;480;"2026-09-09";"Present";"10:55:00";"18:31:00";7.6
2409;480;"2026-09-10";"Present";"10:25:00";"19:59:00";9.57
2410;480;"2026-09-11";"Absent";"10:58:00";"16:17:00";8.05
2411;480;"2026-09-12";"Present";"10:45:00";"16:34:00";8.65
2412;480;"2026-09-13";"Present";"08:20:00";"17:50:00";8.42
2413;480;"2026-09-14";"Present";"08:36:00";"";6.18
2414;480;"2026-09-15";"Present";"08:48:00";"17:05:00";7.6
2415;480;"2026-09-16";"Present";"08:16:00";"17:41:00";8.35
2416;480;"2026-09-17";"Present";"09:34:00";"19:40:00";7.8
2417;480;"2026-09-18";"Present";"08:40:00";"17:53:00";10.57
2418;480;"2026-09-19";"Present";"08:19:00";"16:32:00";9.48
2419;480;"2026-09-20";"Present";"09:27:00";"17:19:00";8.63
2420;480;"2026-09-21";"Present";"09:49:00";"17:37:00";7.85
2421;502;"2026-09-02";"Present";"10:48:00";"16:28:00";9.53
2422;502;"2026-09-03";"Present";"";"18:11:00";10.4
2423;502;"2026-09-04";"Present";"09:34:00";"";0.0
2424;502;"2026-09-05";"Present";"";"19:08:00";7.28
2425;502;"2026-09-06";"Absent";"";"19:05:00";9.52
2426;502;"2026-09-07";"Present";"10:39:00";"19:40:00";6.55
2427;502;"2026-09-08";"Absent";"";"18:15:00";10.55
2428;502;"2026-09-09";"Absent";"08:57:00";"19:37:00";9.5
2429;502;"2026-09-10";"Present";"10:48:00";"18:53:00";8.08
2430;502;"2026-09-11";"Present";"09:36:00";"";6.68
2431;502;"2026-09-12";"Present";"";"17:33:00";0.0
2432;502;"2026-09-13";"Present";"09:15:00";"";0.0
2433;502;"2026-09-14";"Absent";"09:11:00";"19:55:00";10.73
2434;502;"2026-09-15";"Present";"10:13:00";"17:51:00";7.63
2435;502;"2026-09-16";"Present";"10:35:00";"18:41:00";10.02
2436;502;"2026-09-17";"Present";"08:53:00";"";9.82
2437;502;"2026-09-18";"Present";"10:16:00";"16:37:00";8.37
2438;502;"2026-09-19";"Present";"08:31:00";"";10.52
2439;502;"2026-09-20";"Present";"";"17:01:00";10.48
2440;502;"2026-09-21";"Present";"09:02:00";"16:50:00";7.27
2441;505;"2026-09-02";"Present";"09:18:00";"17:43:00";6.48
2442;505;"2026-09-03";"Present";"10:00:00";"19:23:00";8.15
2443;505;"2026-09-04";"Present";"10:22:00";"19:17:00";8.92
2444;505;"2026-09-05";"Present";"";"18:34:00";0.0
2445;505;"2026-09-06";"Absent";"10:19:00";"";6.05
2446;505;"2026-09-07";"Present";"09:40:00";"18:40:00";9.18
2447;505;"2026-09-08";"Present";"10:00:00";"";9.97
2448;505;"2026-09-09";"Present";"";"";0.0
2449;505;"2026-09-10";"Present";"";"18:40:00";7.45
2450;505;"2026-09-11";"Present";"09:22:00";"17:10:00";7.3
2451;505;"2026-09-12";"Present";"09:39:00";"18:19:00";8.85
2452;505;"2026-09-13";"Present";"10:54:00";"18:18:00";7.4
2453;505;"2026-09-14";"Present";"09:53:00";"16:59:00";7.1
2454;505;"2026-09-15";"Absent";"08:06:00";"18:01:00";10.85
2455;505;"2026-09-16";"Absent";"09:24:00";"";8.97
2456;505;"2026-09-17";"Present";"10:21:00";"";0.0
2457;505;"2026-09-18";"Present";"08:27:00";"";0.0
2458;505;"2026-09-19";"Absent";"08:10:00";"18:39:00";8.82
2459;505;"2026-09-20";"Present";"10:51:00";"17:46:00";10.5
2460;505;"2026-09-21";"Present";"10:46:00";"16:47:00";6.02
2461;510;"2026-09-02";"Absent";"";"19:47:00";6.58
2462;510;"2026-09-03";"Absent";"08:45:00";"";6.02
2463;510;"2026-09-04";"Present";"10:37:00";"17:45:00";7.13
2464;510;"2026-09-05";"Present";"09:29:00";"";0.0
2465;510;"2026-09-06";"Present";"10:58:00";"16:16:00";9.2
2466;510;"2026-09-07";"Present";"08:12:00";"18:24:00";5.92
2467;510;"2026-09-08";"Present";"10:06:00";"16:17:00";8.25
2468;510;"2026-09-09";"Present";"";"18:42:00";9.95
2469;510;"2026-09-10";"Present";"10:36:00";"19:39:00";10.23
2470;510;"2026-09-11";"Absent";"09:31:00";"17:22:00";7.85
2471;510;"2026-09-12";"Present";"";"16:06:00";8.08
2472;510;"2026-09-13";"Absent";"10:20:00";"";0.0
2473;510;"2026-09-14";"Present";"10:00:00";"19:14:00";9.35
2474;510;"2026-09-15";"Absent";"";"";6.48
2475;510;"2026-09-16";"Present";"08:28:00";"16:33:00";5.6
2476;510;"2026-09-17";"Present";"10:31:00";"";0.0
2477;510;"2026-09-18";"Work From Home";"10:02:00";"17:20:00";9.5
2478;510;"2026-09-19";"Present";"10:37:00";"16:37:00";6.0
2479;510;"2026-09-20";"Present";"09:55:00";"19:51:00";9.93
2480;510;"2026-09-21";"Present";"09:22:00";"18:41:00";11.22
2481;515;"2026-09-02";"Present";"08:29:00";"19:08:00";7.33
2482;515;"2026-09-03";"Present";"10:01:00";"19:14:00";10.1
2483;515;"2026-09-04";"Present";"10:46:00";"16:10:00";9.6
2484;515;"2026-09-05";"Work From Home";"10:40:00";"18:15:00";7.9
2485;515;"2026-09-06";"Present";"08:55:00";"";7.82
2486;515;"2026-09-07";"Present";"08:02:00";"19:47:00";7.43
2487;515;"2026-09-08";"Present";"09:37:00";"18:54:00";10.62
2488;515;"2026-09-09";"Absent";"";"18:00:00";10.62
2489;515;"2026-09-10";"Absent";"09:05:00";"18:03:00";8.97
2490;515;"2026-09-11";"Present";"";"16:21:00";7.78
2491;515;"2026-09-12";"Present";"09:29:00";"";7.97
2492;515;"2026-09-13";"Absent";"08:41:00";"16:16:00";6.13
2493;515;"2026-09-14";"Present";"09:11:00";"18:41:00";9.12
2494;515;"2026-09-15";"Absent";"09:42:00";"17:13:00";8.38
2495;515;"2026-09-16";"Present";"";"17:35:00";0.0
2496;515;"2026-09-17";"Present";"10:27:00";"19:39:00";7.62
2497;515;"2026-09-18";"Absent";"10:55:00";"19:09:00";5.63
2498;515;"2026-09-19";"Absent";"08:24:00";"17:21:00";8.95
2499;515;"2026-09-20";"Present";"";"16:51:00";9.22
2500;515;"2026-09-21";"Present";"08:19:00";"17:36:00";7.53
2501;523;"2026-09-02";"Present";"10:17:00";"19:29:00";11.17
2502;523;"2026-09-03";"Present";"09:25:00";"16:39:00";9.3
2503;523;"2026-09-04";"Present";"";"17:21:00";0.0
2504;523;"2026-09-05";"Present";"10:56:00";"16:58:00";6.03
2505;523;"2026-09-06";"Present";"08:25:00";"19:04:00";9.15
2506;523;"2026-09-07";"Absent";"";"17:39:00";6.68
2507;523;"2026-09-08";"Present";"08:23:00";"";8.35
2508;523;"2026-09-09";"Present";"09:49:00";"";6.92
2509;523;"2026-09-10";"Present";"10:03:00";"17:46:00";7.18
2510;523;"2026-09-11";"Present";"10:18:00";"18:31:00";8.32
2511;523;"2026-09-12";"Present";"09:07:00";"17:06:00";7.08
2512;523;"2026-09-13";"Present";"";"19:23:00";8.8
2513;523;"2026-09-14";"Absent";"10:46:00";"17:50:00";7.07
2514;523;"2026-09-15";"Present";"10:30:00";"";6.1
2515;523;"2026-09-16";"Present";"09:56:00";"18:47:00";8.85
2516;523;"2026-09-17";"Present";"10:27:00";"16:38:00";6.18
2517;523;"2026-09-18";"Present";"09:58:00";"19:50:00";8.72
2518;523;"2026-09-19";"Present";"08:40:00";"17:05:00";9.17
2519;523;"2026-09-20";"Present";"10:23:00";"17:13:00";10.77
2520;523;"2026-09-21";"Present";"";"";9.15
2521;528;"2026-09-02";"Present";"09:54:00";"";5.17
2522;528;"2026-09-03";"Absent";"09:19:00";"16:11:00";6.87
2523;528;"2026-09-04";"Present";"";"18:46:00";11.58
2524;528;"2026-09-05";"Present";"08:56:00";"16:41:00";5.52
2525;528;"2026-09-06";"Present";"10:15:00";"";0.0
2526;528;"2026-09-07";"Work From Home";"08:58:00";"16:52:00";10.87
2527;528;"2026-09-08";"Present";"10:12:00";"17:23:00";7.18
2528;528;"2026-09-09";"Absent";"";"16:34:00";0.0
2529;528;"2026-09-10";"Absent";"";"19:28:00";6.78
2530;528;"2026-09-11";"Absent";"10:20:00";"17:08:00";6.8
2531;528;"2026-09-12";"Absent";"08:58:00";"17:26:00";8.8
2532;528;"2026-09-13";"Present";"";"17:38:00";6.17
2533;528;"2026-09-14";"Present";"08:48:00";"19:35:00";8.97
2534;528;"2026-09-15";"Absent";"";"17:21:00";7.1
2535;528;"2026-09-16";"Present";"";"";0.0
2536;528;"2026-09-17";"Present";"08:03:00";"17:53:00";7.98
2537;528;"2026-09-18";"Present";"";"19:59:00";10.73
2538;528;"2026-09-19";"Absent";"10:57:00";"19:04:00";8.12
2539;528;"2026-09-20";"Present";"08:36:00";"19:44:00";7.47
2540;528;"2026-09-21";"Present";"09:39:00";"";10.83
2541;531;"2026-09-02";"Work From Home";"08:06:00";"";6.83
2542;531;"2026-09-03";"Present";"08:07:00";"";10.5
2543;531;"2026-09-04";"Absent";"";"17:06:00";0.0
2544;531;"2026-09-05";"Absent";"";"17:30:00";6.47
2545;531;"2026-09-06";"Absent";"10:29:00";"";0.0
2546;531;"2026-09-07";"Present";"08:03:00";"19:08:00";8.37
2547;531;"2026-09-08";"Present";"";"16:05:00";6.77
2548;531;"2026-09-09";"Present";"08:05:00";"17:07:00";9.6
2549;531;"2026-09-10";"Work From Home";"";"17:14:00";0.0
2550;531;"2026-09-11";"Present";"";"";0.0
2551;531;"2026-09-12";"Present";"";"16:16:00";0.0
2552;531;"2026-09-13";"Present";"";"17:11:00";0.0
2553;531;"2026-09-14";"Present";"10:35:00";"18:01:00";8.12
2554;531;"2026-09-15";"Absent";"";"19:33:00";0.0
2555;531;"2026-09-16";"Present";"";"";7.6
2556;531;"2026-09-17";"Absent";"08:28:00";"17:13:00";8.75
2557;531;"2026-09-18";"Present";"09:14:00";"17:43:00";8.9
2558;531;"2026-09-19";"Present";"10:37:00";"";7.02
2559;531;"2026-09-20";"Present";"";"17:22:00";0.0
2560;531;"2026-09-21";"Present";"10:50:00";"19:09:00";7.68
2561;533;"2026-09-02";"Absent";"09:02:00";"";9.63
2562;533;"2026-09-03";"Absent";"10:15:00";"16:42:00";11.33
2563;533;"2026-09-04";"Present";"10:21:00";"16:51:00";7.77
2564;533;"2026-09-05";"Present";"";"18:22:00";8.72
2565;533;"2026-09-06";"Present";"10:41:00";"";6.55
2566;533;"2026-09-07";"Present";"";"17:07:00";9.07
2567;533;"2026-09-08";"Absent";"08:47:00";"18:24:00";6.92
2568;533;"2026-09-09";"Present";"10:00:00";"17:55:00";7.92
2569;533;"2026-09-10";"Work From Home";"08:11:00";"18:44:00";10.55
2570;533;"2026-09-11";"Present";"";"18:51:00";9.9
2571;533;"2026-09-12";"Present";"10:23:00";"16:20:00";8.8
2572;533;"2026-09-13";"Present";"09:28:00";"17:35:00";6.9
2573;533;"2026-09-14";"Present";"";"17:17:00";6.5
2574;533;"2026-09-15";"Present";"09:04:00";"16:49:00";6.4
2575;533;"2026-09-16";"Present";"";"19:36:00";10.47
2576;533;"2026-09-17";"Present";"10:31:00";"";8.95
2577;533;"2026-09-18";"Present";"09:49:00";"16:04:00";10.02
2578;533;"2026-09-19";"Present";"10:54:00";"18:11:00";8.58
2579;533;"2026-09-20";"Absent";"09:09:00";"19:23:00";9.53
2580;533;"2026-09-21";"Absent";"09:11:00";"19:26:00";7.73
2581;34;"2026-09-02";"Present";"";"18:22:00";7.03
2582;34;"2026-09-03";"Present";"08:02:00";"19:29:00";8.92
2583;34;"2026-09-04";"Present";"10:23:00";"18:36:00";8.22
2584;34;"2026-09-05";"Present";"10:38:00";"";10.93
2585;34;"2026-09-06";"Present";"";"19:52:00";0.0
2586;34;"2026-09-07";"Present";"";"18:26:00";9.28
2587;34;"2026-09-08";"Present";"08:14:00";"19:57:00";6.9
2588;34;"2026-09-09";"Absent";"08:58:00";"18:39:00";8.52
2589;34;"2026-09-10";"Absent";"10:03:00";"";9.53
2590;34;"2026-09-11";"Present";"09:11:00";"17:32:00";8.92
2591;34;"2026-09-12";"Present";"08:51:00";"17:18:00";8.87
2592;34;"2026-09-13";"Absent";"10:54:00";"";10.08
2593;34;"2026-09-14";"Present";"09:55:00";"17:20:00";9.87
2594;34;"2026-09-15";"Present";"";"19:39:00";0.0
2595;34;"2026-09-16";"Present";"10:27:00";"19:37:00";9.82
2596;34;"2026-09-17";"Present";"09:40:00";"18:20:00";8.67
2597;34;"2026-09-18";"Work From Home";"10:35:00";"17:09:00";6.57
2598;34;"2026-09-19";"Present";"09:52:00";"17:22:00";8.95
2599;34;"2026-09-20";"Absent";"08:50:00";"19:49:00";8.18
2600;34;"2026-09-21";"Absent";"09:25:00";"19:34:00";7.18
2601;56;"2026-09-02";"Present";"10:10:00";"16:31:00";9.43
2602;56;"2026-09-03";"Present";"09:35:00";"19:29:00";9.85
2603;56;"2026-09-04";"Present";"08:32:00";"";0.0
2604;56;"2026-09-05";"Present";"10:17:00";"16:45:00";6.47
2605;56;"2026-09-06";"Present";"10:19:00";"17:00:00";10.27
2606;56;"2026-09-07";"Present";"09:18:00";"16:21:00";7.62
2607;56;"2026-09-08";"Present";"08:40:00";"18:37:00";9.95
2608;56;"2026-09-09";"Absent";"08:45:00";"17:03:00";8.3
2609;56;"2026-09-10";"Present";"09:44:00";"18:30:00";10.1
2610;56;"2026-09-11";"Absent";"09:30:00";"16:27:00";9.15
2611;56;"2026-09-12";"Present";"10:53:00";"17:54:00";9.35
2612;56;"2026-09-13";"Present";"09:26:00";"19:04:00";10.03
2613;56;"2026-09-14";"Absent";"08:29:00";"17:48:00";7.17
2614;56;"2026-09-15";"Present";"08:10:00";"17:56:00";9.77
2615;56;"2026-09-16";"Present";"09:51:00";"16:18:00";9.32
2616;56;"2026-09-17";"Present";"09:58:00";"19:16:00";5.15
2617;56;"2026-09-18";"Present";"09:26:00";"19:39:00";7.57
2618;56;"2026-09-19";"Present";"10:43:00";"16:50:00";6.12
2619;56;"2026-09-20";"Present";"09:29:00";"16:52:00";7.22
2620;56;"2026-09-21";"Present";"10:17:00";"19:45:00";9.47
2621;83;"2026-09-02";"Present";"";"17:13:00";8.65
2622;83;"2026-09-03";"Present";"08:55:00";"17:50:00";7.93
2623;83;"2026-09-04";"Work From Home";"";"19:17:00";6.98
2624;83;"2026-09-05";"Work From Home";"08:20:00";"18:16:00";9.93
2625;83;"2026-09-06";"Present";"10:33:00";"19:28:00";11.17
2626;83;"2026-09-07";"Present";"";"";0.0
2627;83;"2026-09-08";"Present";"08:56:00";"19:42:00";6.22
2628;83;"2026-09-09";"Absent";"10:34:00";"";0.0
2629;83;"2026-09-10";"Absent";"09:51:00";"16:14:00";6.38
2630;83;"2026-09-11";"Present";"10:19:00";"19:33:00";8.18
2631;83;"2026-09-12";"Present";"09:30:00";"17:36:00";8.78
2632;83;"2026-09-13";"Absent";"";"16:02:00";0.0
2633;83;"2026-09-14";"Present";"";"17:28:00";9.88
2634;83;"2026-09-15";"Present";"";"18:46:00";0.0
2635;83;"2026-09-16";"Present";"08:36:00";"19:52:00";9.0
2636;83;"2026-09-17";"Present";"";"18:24:00";7.53
2637;83;"2026-09-18";"Absent";"10:08:00";"";0.0
2638;83;"2026-09-19";"Present";"08:44:00";"17:22:00";8.63
2639;83;"2026-09-20";"Present";"09:53:00";"19:01:00";7.8
2640;83;"2026-09-21";"Present";"";"19:55:00";7.03
2641;115;"2026-09-02";"Present";"09:28:00";"17:05:00";9.93
2642;115;"2026-09-03";"Absent";"09:03:00";"";9.15
2643;115;"2026-09-04";"Present";"10:46:00";"";8.85
2644;115;"2026-09-05";"Present";"10:29:00";"18:24:00";7.92
2645;115;"2026-09-06";"Present";"09:29:00";"17:01:00";7.53
2646;115;"2026-09-07";"Absent";"10:00:00";"17:02:00";10.92
2647;115;"2026-09-08";"Present";"10:34:00";"19:00:00";9.8
2648;115;"2026-09-09";"Absent";"";"16:59:00";0.0
2649;115;"2026-09-10";"Absent";"09:56:00";"17:33:00";8.27
2650;115;"2026-09-11";"Present";"08:02:00";"17:30:00";8.28
2651;115;"2026-09-12";"Present";"10:40:00";"17:49:00";5.95
2652;115;"2026-09-13";"Present";"08:43:00";"17:12:00";8.48
2653;115;"2026-09-14";"Absent";"";"19:31:00";7.25
2654;115;"2026-09-15";"Absent";"10:12:00";"17:03:00";6.95
2655;115;"2026-09-16";"Absent";"10:06:00";"16:18:00";8.68
2656;115;"2026-09-17";"Present";"10:11:00";"17:54:00";9.4
2657;115;"2026-09-18";"Present";"";"";0.0
2658;115;"2026-09-19";"Present";"";"19:02:00";0.0
2659;115;"2026-09-20";"Present";"10:11:00";"";9.82
2660;115;"2026-09-21";"Present";"08:20:00";"17:21:00";9.02
2661;121;"2026-09-02";"Present";"09:08:00";"16:35:00";8.12
2662;121;"2026-09-03";"Absent";"10:04:00";"19:50:00";10.95
2663;121;"2026-09-04";"Present";"09:37:00";"19:06:00";9.48
2664;121;"2026-09-05";"Present";"09:03:00";"";8.25
2665;121;"2026-09-06";"Present";"10:21:00";"";0.0
2666;121;"2026-09-07";"Present";"09:31:00";"";9.32
2667;121;"2026-09-08";"Present";"09:07:00";"";0.0
2668;121;"2026-09-09";"Present";"";"18:51:00";8.53
2669;121;"2026-09-10";"Present";"08:52:00";"19:42:00";6.23
2670;121;"2026-09-11";"Absent";"08:07:00";"16:53:00";7.68
2671;121;"2026-09-12";"Present";"09:20:00";"";8.17
2672;121;"2026-09-13";"Absent";"09:56:00";"";0.0
2673;121;"2026-09-14";"Absent";"";"19:02:00";10.18
2674;121;"2026-09-15";"Present";"";"18:08:00";8.08
2675;121;"2026-09-16";"Present";"09:27:00";"16:29:00";7.03
2676;121;"2026-09-17";"Present";"09:17:00";"19:30:00";8.05
2677;121;"2026-09-18";"Present";"09:53:00";"16:01:00";9.7
2678;121;"2026-09-19";"Present";"";"16:53:00";0.0
2679;121;"2026-09-20";"Present";"10:20:00";"18:18:00";8.3
2680;121;"2026-09-21";"Present";"08:30:00";"17:05:00";7.33
2681;128;"2026-09-02";"Present";"";"18:32:00";0.0
2682;128;"2026-09-03";"Absent";"10:16:00";"";9.97
2683;128;"2026-09-04";"Present";"10:49:00";"18:32:00";7.72
2684;128;"2026-09-05";"Absent";"09:43:00";"19:27:00";8.32
2685;128;"2026-09-06";"Present";"09:12:00";"16:57:00";9.9
2686;128;"2026-09-07";"Absent";"";"18:09:00";9.23
2687;128;"2026-09-08";"Work From Home";"10:05:00";"18:14:00";10.08
2688;128;"2026-09-09";"Present";"10:54:00";"19:41:00";8.78
2689;128;"2026-09-10";"Present";"";"19:16:00";10.5
2690;128;"2026-09-11";"Present";"10:27:00";"16:29:00";8.73
2691;128;"2026-09-12";"Present";"10:03:00";"17:58:00";7.0
2692;128;"2026-09-13";"Absent";"10:00:00";"18:21:00";8.33
2693;128;"2026-09-14";"Present";"08:35:00";"";0.0
2694;128;"2026-09-15";"Present";"";"16:32:00";9.93
2695;128;"2026-09-16";"Absent";"09:25:00";"";8.1
2696;128;"2026-09-17";"Present";"";"";6.33
2697;128;"2026-09-18";"Absent";"08:01:00";"";7.52
2698;128;"2026-09-19";"Present";"";"19:47:00";7.7
2699;128;"2026-09-20";"Present";"09:46:00";"18:47:00";9.02
2700;128;"2026-09-21";"Present";"";"16:36:00";0.0
2701;136;"2026-09-02";"Absent";"10:15:00";"19:16:00";8.55
2702;136;"2026-09-03";"Present";"";"19:36:00";10.07
2703;136;"2026-09-04";"Present";"";"16:13:00";0.0
2704;136;"2026-09-05";"Present";"10:22:00";"16:18:00";11.15
2705;136;"2026-09-06";"Present";"09:30:00";"19:46:00";8.33
2706;136;"2026-09-07";"Present";"";"16:59:00";0.0
2707;136;"2026-09-08";"Present";"09:10:00";"19:48:00";5.87
2708;136;"2026-09-09";"Present";"10:05:00";"17:38:00";8.05
2709;136;"2026-09-10";"Present";"09:43:00";"";7.73
2710;136;"2026-09-11";"Present";"09:34:00";"17:25:00";7.85
2711;136;"2026-09-12";"Present";"08:24:00";"";7.88
2712;136;"2026-09-13";"Absent";"";"17:13:00";0.0
2713;136;"2026-09-14";"Absent";"08:17:00";"16:52:00";8.28
2714;136;"2026-09-15";"Present";"10:57:00";"17:40:00";6.67
2715;136;"2026-09-16";"Present";"";"16:37:00";9.9
2716;136;"2026-09-17";"Work From Home";"10:15:00";"";7.62
2717;136;"2026-09-18";"Present";"08:37:00";"19:53:00";11.27
2718;136;"2026-09-19";"Present";"";"18:16:00";7.2
2719;136;"2026-09-20";"Absent";"09:28:00";"18:00:00";9.27
2720;136;"2026-09-21";"Present";"";"16:24:00";9.62
2721;165;"2026-09-02";"Present";"08:17:00";"";7.82
2722;165;"2026-09-03";"Present";"09:50:00";"17:20:00";7.5
2723;165;"2026-09-04";"Present";"09:52:00";"17:55:00";8.7
2724;165;"2026-09-05";"Present";"";"19:37:00";5.52
2725;165;"2026-09-06";"Absent";"09:18:00";"16:19:00";10.52
2726;165;"2026-09-07";"Present";"08:25:00";"";8.58
2727;165;"2026-09-08";"Absent";"10:34:00";"16:19:00";10.23
2728;165;"2026-09-09";"Present";"09:59:00";"19:58:00";11.52
2729;165;"2026-09-10";"Present";"10:12:00";"19:52:00";8.6
2730;165;"2026-09-11";"Present";"08:31:00";"19:08:00";9.8
2731;165;"2026-09-12";"Absent";"";"17:54:00";9.47
2732;165;"2026-09-13";"Present";"";"19:30:00";9.93
2733;165;"2026-09-14";"Absent";"09:21:00";"19:03:00";9.7
2734;165;"2026-09-15";"Present";"";"16:25:00";0.0
2735;165;"2026-09-16";"Present";"";"16:45:00";8.32
2736;165;"2026-09-17";"Absent";"09:37:00";"";0.0
2737;165;"2026-09-18";"Absent";"";"17:51:00";7.2
2738;165;"2026-09-19";"Present";"";"17:16:00";7.27
2739;165;"2026-09-20";"Present";"09:26:00";"19:06:00";9.67
2740;165;"2026-09-21";"Absent";"08:04:00";"19:15:00";11.18
2741;193;"2026-09-02";"Present";"08:09:00";"";7.52
2742;193;"2026-09-03";"Present";"";"18:40:00";7.97
2743;193;"2026-09-04";"Absent";"09:44:00";"18:19:00";8.58
2744;193;"2026-09-05";"Present";"09:04:00";"";9.02
2745;193;"2026-09-06";"Present";"10:57:00";"";9.15
2746;193;"2026-09-07";"Present";"08:41:00";"16:45:00";10.8
2747;193;"2026-09-08";"Present";"08:05:00";"16:16:00";8.15
2748;193;"2026-09-09";"Present";"08:20:00";"";10.15
2749;193;"2026-09-10";"Present";"10:27:00";"16:31:00";9.43
2750;193;"2026-09-11";"Present";"";"16:32:00";9.33
2751;193;"2026-09-12";"Present";"10:44:00";"19:40:00";8.93
2752;193;"2026-09-13";"Present";"";"18:21:00";8.1
2753;193;"2026-09-14";"Present";"10:13:00";"";6.95
2754;193;"2026-09-15";"Absent";"10:32:00";"16:18:00";9.72
2755;193;"2026-09-16";"Present";"";"16:32:00";11.6
2756;193;"2026-09-17";"Present";"10:01:00";"";6.78
2757;193;"2026-09-18";"Present";"10:20:00";"";9.97
2758;193;"2026-09-19";"Present";"";"16:45:00";6.13
2759;193;"2026-09-20";"Absent";"08:01:00";"16:21:00";8.33
2760;193;"2026-09-21";"Present";"";"19:02:00";8.27
2761;194;"2026-09-02";"Absent";"10:45:00";"16:24:00";5.65
2762;194;"2026-09-03";"Present";"08:34:00";"19:47:00";9.63
2763;194;"2026-09-04";"Absent";"08:54:00";"18:37:00";6.95
2764;194;"2026-09-05";"Present";"09:06:00";"18:16:00";9.63
2765;194;"2026-09-06";"Present";"10:59:00";"16:11:00";5.55
2766;194;"2026-09-07";"Present";"08:47:00";"16:46:00";11.25
2767;194;"2026-09-08";"Present";"08:23:00";"";9.23
2768;194;"2026-09-09";"Absent";"10:18:00";"16:24:00";9.17
2769;194;"2026-09-10";"Present";"10:48:00";"16:51:00";8.43
2770;194;"2026-09-11";"Present";"09:39:00";"16:07:00";6.47
2771;194;"2026-09-12";"Absent";"";"19:22:00";9.15
2772;194;"2026-09-13";"Present";"10:56:00";"16:10:00";9.45
2773;194;"2026-09-14";"Absent";"09:42:00";"16:08:00";6.43
2774;194;"2026-09-15";"Absent";"09:51:00";"16:44:00";6.88
2775;194;"2026-09-16";"Present";"";"16:24:00";0.0
2776;194;"2026-09-17";"Absent";"09:37:00";"18:36:00";8.27
2777;194;"2026-09-18";"Present";"08:08:00";"18:44:00";10.6
2778;194;"2026-09-19";"Present";"10:12:00";"18:42:00";8.62
2779;194;"2026-09-20";"Present";"08:33:00";"16:22:00";6.28
2780;194;"2026-09-21";"Present";"10:12:00";"17:47:00";7.58
2781;216;"2026-09-02";"Absent";"08:48:00";"19:13:00";9.0
2782;216;"2026-09-03";"Present";"08:26:00";"";0.0
2783;216;"2026-09-04";"Present";"09:49:00";"";0.0
2784;216;"2026-09-05";"Present";"09:10:00";"19:39:00";7.78
2785;216;"2026-09-06";"Present";"08:52:00";"";6.7
2786;216;"2026-09-07";"Present";"08:09:00";"19:12:00";10.63
2787;216;"2026-09-08";"Absent";"";"17:54:00";8.85
2788;216;"2026-09-09";"Present";"10:08:00";"19:54:00";9.77
2789;216;"2026-09-10";"Present";"";"19:00:00";8.52
2790;216;"2026-09-11";"Present";"08:46:00";"18:54:00";8.72
2791;216;"2026-09-12";"Absent";"10:06:00";"";0.0
2792;216;"2026-09-13";"Present";"09:38:00";"17:03:00";6.33
2793;216;"2026-09-14";"Absent";"09:34:00";"16:56:00";8.15
2794;216;"2026-09-15";"Present";"";"18:23:00";8.8
2795;216;"2026-09-16";"Present";"09:43:00";"18:24:00";8.8
2796;216;"2026-09-17";"Present";"09:59:00";"17:46:00";7.78
2797;216;"2026-09-18";"Absent";"";"17:03:00";0.0
2798;216;"2026-09-19";"Absent";"";"17:16:00";7.57
2799;216;"2026-09-20";"Present";"09:20:00";"16:58:00";8.72
2800;216;"2026-09-21";"Present";"";"19:50:00";7.73
2801;227;"2026-09-02";"Present";"08:26:00";"";8.07
2802;227;"2026-09-03";"Present";"10:16:00";"17:28:00";9.3
2803;227;"2026-09-04";"Present";"09:42:00";"19:06:00";9.45
2804;227;"2026-09-05";"Absent";"10:00:00";"19:52:00";8.48
2805;227;"2026-09-06";"Present";"10:36:00";"18:20:00";7.73
2806;227;"2026-09-07";"Present";"08:56:00";"18:11:00";5.58
2807;227;"2026-09-08";"Absent";"";"17:46:00";9.47
2808;227;"2026-09-09";"Present";"";"16:31:00";7.42
2809;227;"2026-09-10";"Absent";"10:20:00";"16:07:00";10.25
2810;227;"2026-09-11";"Present";"10:40:00";"19:37:00";7.52
2811;227;"2026-09-12";"Work From Home";"08:40:00";"16:24:00";10.35
2812;227;"2026-09-13";"Absent";"10:58:00";"18:00:00";8.12
2813;227;"2026-09-14";"Absent";"10:45:00";"17:12:00";7.48
2814;227;"2026-09-15";"Present";"09:21:00";"18:57:00";9.78
2815;227;"2026-09-16";"Present";"10:15:00";"19:59:00";6.07
2816;227;"2026-09-17";"Present";"09:29:00";"16:56:00";7.52
2817;227;"2026-09-18";"Present";"";"17:24:00";7.32
2818;227;"2026-09-19";"Present";"";"18:56:00";10.05
2819;227;"2026-09-20";"Present";"09:19:00";"";7.47
2820;227;"2026-09-21";"Present";"10:10:00";"";7.78
2821;231;"2026-09-02";"Absent";"09:32:00";"16:38:00";7.1
2822;231;"2026-09-03";"Absent";"";"16:17:00";6.4
2823;231;"2026-09-04";"Present";"09:30:00";"19:39:00";10.15
2824;231;"2026-09-05";"Absent";"08:48:00";"16:32:00";8.1
2825;231;"2026-09-06";"Absent";"08:54:00";"18:08:00";9.23
2826;231;"2026-09-07";"Present";"10:52:00";"";8.67
2827;231;"2026-09-08";"Present";"09:31:00";"";10.13
2828;231;"2026-09-09";"Present";"09:59:00";"16:50:00";7.03
2829;231;"2026-09-10";"Present";"09:48:00";"17:10:00";7.37
2830;231;"2026-09-11";"Present";"";"16:08:00";6.75
2831;231;"2026-09-12";"Present";"09:08:00";"18:35:00";9.45
2832;231;"2026-09-13";"Absent";"09:00:00";"17:54:00";10.58
2833;231;"2026-09-14";"Present";"08:16:00";"19:46:00";11.5
2834;231;"2026-09-15";"Present";"09:07:00";"";5.98
2835;231;"2026-09-16";"Present";"09:56:00";"17:37:00";10.82
2836;231;"2026-09-17";"Present";"10:09:00";"";9.33
2837;231;"2026-09-18";"Present";"";"18:58:00";9.73
2838;231;"2026-09-19";"Present";"09:29:00";"17:20:00";8.77
2839;231;"2026-09-20";"Present";"08:16:00";"16:59:00";8.72
2840;231;"2026-09-21";"Absent";"09:21:00";"17:27:00";8.28
2841;246;"2026-09-02";"Present";"09:05:00";"";11.33
2842;246;"2026-09-03";"Present";"09:15:00";"16:29:00";7.23
2843;246;"2026-09-04";"Present";"";"";9.1
2844;246;"2026-09-05";"Present";"08:29:00";"18:49:00";8.53
2845;246;"2026-09-06";"Absent";"09:47:00";"19:46:00";7.18
2846;246;"2026-09-07";"Present";"09:59:00";"17:47:00";10.38
2847;246;"2026-09-08";"Present";"08:00:00";"17:37:00";7.57
2848;246;"2026-09-09";"Present";"08:43:00";"18:48:00";10.08
2849;246;"2026-09-10";"Present";"10:07:00";"18:28:00";9.5
2850;246;"2026-09-11";"Present";"08:40:00";"17:51:00";7.38
2851;246;"2026-09-12";"Present";"08:49:00";"16:06:00";6.83
2852;246;"2026-09-13";"Present";"";"";8.4
2853;246;"2026-09-14";"Present";"09:49:00";"18:36:00";8.78
2854;246;"2026-09-15";"Present";"10:48:00";"";8.08
2855;246;"2026-09-16";"Present";"";"";6.88
2856;246;"2026-09-17";"Present";"08:43:00";"19:33:00";10.83
2857;246;"2026-09-18";"Present";"09:24:00";"18:51:00";8.48
2858;246;"2026-09-19";"Present";"10:11:00";"17:25:00";7.62
2859;246;"2026-09-20";"Present";"";"16:08:00";8.07
2860;246;"2026-09-21";"Present";"08:29:00";"";5.55
2861;248;"2026-09-02";"Work From Home";"09:45:00";"";0.0
2862;248;"2026-09-03";"Present";"09:49:00";"";9.47
2863;248;"2026-09-04";"Present";"10:35:00";"";0.0
2864;248;"2026-09-05";"Present";"";"";0.0
2865;248;"2026-09-06";"Absent";"09:16:00";"19:24:00";9.13
2866;248;"2026-09-07";"Present";"09:39:00";"16:02:00";10.82
2867;248;"2026-09-08";"Present";"10:10:00";"18:15:00";8.08
2868;248;"2026-09-09";"Present";"08:27:00";"16:35:00";10.58
2869;248;"2026-09-10";"Present";"10:34:00";"";10.18
2870;248;"2026-09-11";"Present";"10:41:00";"";0.0
2871;248;"2026-09-12";"Present";"09:06:00";"17:55:00";11.82
2872;248;"2026-09-13";"Present";"08:41:00";"18:53:00";9.1
2873;248;"2026-09-14";"Present";"09:12:00";"18:37:00";8.95
2874;248;"2026-09-15";"Present";"09:08:00";"18:37:00";8.52
2875;248;"2026-09-16";"Present";"";"16:31:00";9.72
2876;248;"2026-09-17";"Present";"09:12:00";"17:11:00";10.95
2877;248;"2026-09-18";"Work From Home";"09:00:00";"19:53:00";10.88
2878;248;"2026-09-19";"Present";"10:36:00";"17:32:00";6.93
2879;248;"2026-09-20";"Present";"";"";0.0
2880;248;"2026-09-21";"Present";"";"17:13:00";9.77
2881;251;"2026-09-02";"Absent";"08:48:00";"19:06:00";5.67
2882;251;"2026-09-03";"Present";"09:15:00";"16:23:00";8.38
2883;251;"2026-09-04";"Present";"";"19:30:00";5.15
2884;251;"2026-09-05";"Present";"08:46:00";"18:53:00";6.92
2885;251;"2026-09-06";"Absent";"";"";9.17
2886;251;"2026-09-07";"Present";"08:21:00";"19:21:00";9.87
2887;251;"2026-09-08";"Absent";"09:18:00";"";10.35
2888;251;"2026-09-09";"Present";"";"19:35:00";8.15
2889;251;"2026-09-10";"Present";"09:42:00";"17:41:00";8.68
2890;251;"2026-09-11";"Absent";"10:57:00";"16:03:00";7.8
2891;251;"2026-09-12";"Present";"09:08:00";"";11.02
2892;251;"2026-09-13";"Present";"08:21:00";"18:32:00";11.42
2893;251;"2026-09-14";"Present";"09:30:00";"16:58:00";7.47
2894;251;"2026-09-15";"Present";"10:48:00";"17:17:00";8.78
2895;251;"2026-09-16";"Present";"09:05:00";"18:35:00";9.5
2896;251;"2026-09-17";"Present";"09:46:00";"19:17:00";9.52
2897;251;"2026-09-18";"Absent";"10:01:00";"17:52:00";9.88
2898;251;"2026-09-19";"Present";"09:51:00";"";9.33
2899;251;"2026-09-20";"Present";"08:16:00";"19:40:00";6.9
2900;251;"2026-09-21";"Present";"10:09:00";"";6.8
2901;256;"2026-09-02";"Present";"09:43:00";"17:47:00";8.07
2902;256;"2026-09-03";"Present";"08:26:00";"";0.0
2903;256;"2026-09-04";"Absent";"10:12:00";"";10.93
2904;256;"2026-09-05";"Present";"";"19:58:00";9.13
2905;256;"2026-09-06";"Present";"09:46:00";"19:33:00";9.78
2906;256;"2026-09-07";"Present";"10:18:00";"19:33:00";9.42
2907;256;"2026-09-08";"Absent";"09:57:00";"17:41:00";7.73
2908;256;"2026-09-09";"Present";"08:02:00";"17:55:00";6.17
2909;256;"2026-09-10";"Present";"10:00:00";"16:19:00";8.72
2910;256;"2026-09-11";"Work From Home";"";"";0.0
2911;256;"2026-09-12";"Absent";"10:04:00";"";10.3
2912;256;"2026-09-13";"Present";"";"";10.7
2913;256;"2026-09-14";"Present";"08:04:00";"18:14:00";6.7
2914;256;"2026-09-15";"Present";"09:23:00";"19:58:00";8.6
2915;256;"2026-09-16";"Present";"08:24:00";"17:44:00";6.97
2916;256;"2026-09-17";"Present";"10:38:00";"17:59:00";9.48
2917;256;"2026-09-18";"Absent";"10:26:00";"16:22:00";6.05
2918;256;"2026-09-19";"Absent";"10:18:00";"16:47:00";7.98
2919;256;"2026-09-20";"Absent";"09:23:00";"17:01:00";9.5
2920;256;"2026-09-21";"Present";"10:50:00";"18:54:00";8.73
2921;259;"2026-09-02";"Present";"";"19:41:00";0.0
2922;259;"2026-09-03";"Present";"10:21:00";"16:32:00";6.05
2923;259;"2026-09-04";"Present";"08:28:00";"19:19:00";5.65
2924;259;"2026-09-05";"Present";"08:41:00";"19:39:00";10.97
2925;259;"2026-09-06";"Present";"09:10:00";"18:12:00";6.67
2926;259;"2026-09-07";"Present";"10:14:00";"18:54:00";10.28
2927;259;"2026-09-08";"Absent";"09:31:00";"19:05:00";9.57
2928;259;"2026-09-09";"Absent";"08:21:00";"18:19:00";8.18
2929;259;"2026-09-10";"Absent";"08:47:00";"17:43:00";8.97
2930;259;"2026-09-11";"Present";"09:36:00";"19:35:00";9.63
2931;259;"2026-09-12";"Work From Home";"08:20:00";"18:15:00";11.6
2932;259;"2026-09-13";"Present";"09:41:00";"19:50:00";10.15
2933;259;"2026-09-14";"Present";"08:57:00";"";8.52
2934;259;"2026-09-15";"Present";"09:09:00";"17:08:00";7.98
2935;259;"2026-09-16";"Work From Home";"";"18:49:00";8.78
2936;259;"2026-09-17";"Present";"";"17:15:00";0.0
2937;259;"2026-09-18";"Absent";"10:21:00";"19:40:00";8.03
2938;259;"2026-09-19";"Absent";"10:18:00";"17:17:00";6.08
2939;259;"2026-09-20";"Present";"10:53:00";"";10.65
2940;259;"2026-09-21";"Present";"10:43:00";"18:46:00";7.78
2941;270;"2026-09-02";"Absent";"10:33:00";"18:08:00";9.87
2942;270;"2026-09-03";"Present";"";"";0.0
2943;270;"2026-09-04";"Present";"10:12:00";"17:13:00";7.02
2944;270;"2026-09-05";"Present";"";"";7.93
2945;270;"2026-09-06";"Present";"10:59:00";"19:01:00";6.97
2946;270;"2026-09-07";"Absent";"09:29:00";"18:42:00";7.93
2947;270;"2026-09-08";"Present";"10:20:00";"19:12:00";7.48
2948;270;"2026-09-09";"Present";"09:16:00";"17:54:00";9.7
2949;270;"2026-09-10";"Present";"10:29:00";"";8.88
2950;270;"2026-09-11";"Present";"08:31:00";"19:55:00";11.4
2951;270;"2026-09-12";"Present";"10:30:00";"18:21:00";7.85
2952;270;"2026-09-13";"Present";"09:41:00";"16:10:00";6.7
2953;270;"2026-09-14";"Absent";"10:35:00";"18:21:00";7.77
2954;270;"2026-09-15";"Present";"";"16:06:00";7.2
2955;270;"2026-09-16";"Present";"";"16:28:00";0.0
2956;270;"2026-09-17";"Present";"08:30:00";"18:52:00";10.07
2957;270;"2026-09-18";"Present";"09:00:00";"16:37:00";7.62
2958;270;"2026-09-19";"Present";"09:00:00";"16:58:00";7.97
2959;270;"2026-09-20";"Present";"09:11:00";"17:29:00";8.3
2960;270;"2026-09-21";"Work From Home";"10:03:00";"16:45:00";6.7
2961;290;"2026-09-02";"Present";"10:18:00";"19:41:00";9.38
2962;290;"2026-09-03";"Absent";"";"18:35:00";8.37
2963;290;"2026-09-04";"Present";"08:21:00";"17:06:00";8.37
2964;290;"2026-09-05";"Present";"10:09:00";"18:23:00";8.23
2965;290;"2026-09-06";"Present";"08:36:00";"16:05:00";7.48
2966;290;"2026-09-07";"Absent";"";"16:49:00";11.17
2967;290;"2026-09-08";"Present";"09:06:00";"";6.48
2968;290;"2026-09-09";"Present";"";"16:42:00";6.23
2969;290;"2026-09-10";"Present";"10:11:00";"17:01:00";8.92
2970;290;"2026-09-11";"Present";"10:31:00";"18:05:00";7.57
2971;290;"2026-09-12";"Absent";"10:59:00";"16:11:00";5.2
2972;290;"2026-09-13";"Absent";"09:52:00";"";10.75
2973;290;"2026-09-14";"Present";"10:10:00";"18:28:00";10.82
2974;290;"2026-09-15";"Work From Home";"09:53:00";"";6.33
2975;290;"2026-09-16";"Present";"09:11:00";"18:38:00";9.77
2976;290;"2026-09-17";"Present";"09:30:00";"";6.07
2977;290;"2026-09-18";"Present";"10:16:00";"19:26:00";9.17
2978;290;"2026-09-19";"Present";"08:33:00";"";8.9
2979;290;"2026-09-20";"Present";"";"19:12:00";9.17
2980;290;"2026-09-21";"Present";"10:01:00";"";7.63
2981;297;"2026-09-02";"Present";"09:10:00";"19:40:00";10.5
2982;297;"2026-09-03";"Absent";"09:10:00";"18:50:00";6.4
2983;297;"2026-09-04";"Present";"";"17:24:00";8.8
2984;297;"2026-09-05";"Present";"08:10:00";"19:30:00";11.33
2985;297;"2026-09-06";"Present";"10:55:00";"18:55:00";8.45
2986;297;"2026-09-07";"Present";"";"17:34:00";5.9
2987;297;"2026-09-08";"Present";"10:53:00";"";8.37
2988;297;"2026-09-09";"Absent";"10:14:00";"18:26:00";7.57
2989;297;"2026-09-10";"Present";"10:16:00";"";0.0
2990;297;"2026-09-11";"Work From Home";"10:08:00";"18:30:00";7.55
2991;297;"2026-09-12";"Absent";"09:08:00";"16:32:00";8.2
2992;297;"2026-09-13";"Absent";"08:44:00";"17:32:00";8.8
2993;297;"2026-09-14";"Absent";"10:38:00";"";0.0
2994;297;"2026-09-15";"Present";"10:21:00";"18:12:00";7.85
2995;297;"2026-09-16";"Present";"";"17:22:00";8.42
2996;297;"2026-09-17";"Absent";"08:40:00";"16:34:00";7.65
2997;297;"2026-09-18";"Present";"09:05:00";"18:38:00";8.6
2998;297;"2026-09-19";"Absent";"10:43:00";"";9.22
2999;297;"2026-09-20";"Present";"09:58:00";"19:19:00";9.68
3000;297;"2026-09-21";"Present";"10:05:00";"19:33:00";9.47
3001;301;"2026-09-02";"Present";"08:53:00";"";7.27
3002;301;"2026-09-03";"Present";"09:25:00";"16:51:00";7.53
3003;301;"2026-09-04";"Absent";"10:40:00";"16:44:00";8.93
3004;301;"2026-09-05";"Present";"";"19:17:00";8.05
3005;301;"2026-09-06";"Present";"10:42:00";"18:24:00";7.7
3006;301;"2026-09-07";"Work From Home";"";"17:48:00";0.0
3007;301;"2026-09-08";"Present";"08:02:00";"16:55:00";8.88
3008;301;"2026-09-09";"Present";"";"17:15:00";9.75
3009;301;"2026-09-10";"Present";"08:58:00";"19:30:00";6.63
3010;301;"2026-09-11";"Present";"";"19:49:00";0.0
3011;301;"2026-09-12";"Present";"09:49:00";"16:33:00";8.93
3012;301;"2026-09-13";"Present";"09:52:00";"19:45:00";9.37
3013;301;"2026-09-14";"Present";"08:13:00";"17:30:00";6.73
3014;301;"2026-09-15";"Present";"";"18:52:00";9.7
3015;301;"2026-09-16";"Present";"08:45:00";"19:23:00";8.7
3016;301;"2026-09-17";"Present";"09:24:00";"17:17:00";8.67
3017;301;"2026-09-18";"Absent";"";"18:41:00";8.13
3018;301;"2026-09-19";"Present";"08:42:00";"";9.12
3019;301;"2026-09-20";"Present";"10:18:00";"18:05:00";10.82
3020;301;"2026-09-21";"Present";"09:33:00";"";9.03
3021;306;"2026-09-02";"Present";"10:18:00";"16:46:00";6.62
3022;306;"2026-09-03";"Present";"10:07:00";"19:50:00";8.62
3023;306;"2026-09-04";"Present";"08:37:00";"19:10:00";7.73
3024;306;"2026-09-05";"Present";"08:40:00";"17:07:00";8.75
3025;306;"2026-09-06";"Present";"09:28:00";"19:43:00";9.53
3026;306;"2026-09-07";"Present";"08:52:00";"17:02:00";9.68
3027;306;"2026-09-08";"Work From Home";"10:41:00";"17:27:00";6.27
3028;306;"2026-09-09";"Present";"10:40:00";"";9.22
3029;306;"2026-09-10";"Present";"09:34:00";"18:22:00";8.67
3030;306;"2026-09-11";"Present";"08:13:00";"16:56:00";10.27
3031;306;"2026-09-12";"Present";"10:09:00";"17:35:00";8.83
3032;306;"2026-09-13";"Present";"";"";6.25
3033;306;"2026-09-14";"Absent";"10:16:00";"17:43:00";9.93
3034;306;"2026-09-15";"Absent";"08:31:00";"";10.0
3035;306;"2026-09-16";"Absent";"09:49:00";"16:46:00";8.25
3036;306;"2026-09-17";"Present";"09:24:00";"";9.12
3037;306;"2026-09-18";"Present";"08:38:00";"17:44:00";9.1
3038;306;"2026-09-19";"Absent";"10:19:00";"19:19:00";9.0
3039;306;"2026-09-20";"Present";"09:38:00";"19:14:00";8.65
3040;306;"2026-09-21";"Present";"08:41:00";"17:23:00";6.77
3041;308;"2026-09-02";"Present";"08:30:00";"16:50:00";7.35
3042;308;"2026-09-03";"Present";"08:51:00";"19:58:00";7.73
3043;308;"2026-09-04";"Present";"08:27:00";"";6.93
3044;308;"2026-09-05";"Present";"";"";9.47
3045;308;"2026-09-06";"Present";"10:33:00";"16:06:00";9.97
3046;308;"2026-09-07";"Absent";"09:19:00";"16:47:00";8.82
3047;308;"2026-09-08";"Absent";"10:54:00";"19:28:00";6.98
3048;308;"2026-09-09";"Present";"09:15:00";"17:25:00";8.17
3049;308;"2026-09-10";"Absent";"10:06:00";"";7.83
3050;308;"2026-09-11";"Present";"10:52:00";"";0.0
3051;308;"2026-09-12";"Present";"10:33:00";"19:02:00";7.22
3052;308;"2026-09-13";"Absent";"09:14:00";"";6.45
3053;308;"2026-09-14";"Present";"08:50:00";"";8.72
3054;308;"2026-09-15";"Present";"08:50:00";"";8.07
3055;308;"2026-09-16";"Present";"09:36:00";"18:07:00";8.5
3056;308;"2026-09-17";"Absent";"09:01:00";"";7.42
3057;308;"2026-09-18";"Present";"10:18:00";"18:15:00";6.98
3058;308;"2026-09-19";"Present";"08:35:00";"17:25:00";10.68
3059;308;"2026-09-20";"Present";"08:55:00";"18:00:00";9.08
3060;308;"2026-09-21";"Present";"10:02:00";"";9.68
3061;330;"2026-09-02";"Present";"";"18:42:00";0.0
3062;330;"2026-09-03";"Work From Home";"09:48:00";"";0.0
3063;330;"2026-09-04";"Present";"09:32:00";"19:43:00";10.18
3064;330;"2026-09-05";"Present";"08:14:00";"";6.88
3065;330;"2026-09-06";"Present";"10:53:00";"18:47:00";9.13
3066;330;"2026-09-07";"Absent";"08:50:00";"19:06:00";8.23
3067;330;"2026-09-08";"Absent";"08:19:00";"19:00:00";8.03
3068;330;"2026-09-09";"Present";"08:22:00";"";11.77
3069;330;"2026-09-10";"Present";"10:13:00";"16:02:00";5.82
3070;330;"2026-09-11";"Absent";"08:36:00";"19:06:00";10.5
3071;330;"2026-09-12";"Present";"";"18:34:00";0.0
3072;330;"2026-09-13";"Present";"09:06:00";"16:10:00";8.37
3073;330;"2026-09-14";"Present";"10:02:00";"";10.15
3074;330;"2026-09-15";"Present";"";"18:08:00";0.0
3075;330;"2026-09-16";"Absent";"08:01:00";"18:13:00";8.3
3076;330;"2026-09-17";"Present";"";"19:04:00";8.15
3077;330;"2026-09-18";"Present";"09:17:00";"16:26:00";8.55
3078;330;"2026-09-19";"Present";"09:30:00";"18:13:00";8.85
3079;330;"2026-09-20";"Present";"08:36:00";"";0.0
3080;330;"2026-09-21";"Present";"08:30:00";"17:13:00";8.72
3081;333;"2026-09-02";"Present";"";"17:20:00";10.68
3082;333;"2026-09-03";"Absent";"";"";9.37
3083;333;"2026-09-04";"Present";"10:42:00";"16:23:00";7.6
3084;333;"2026-09-05";"Present";"09:35:00";"";8.83
3085;333;"2026-09-06";"Present";"09:03:00";"19:10:00";11.53
3086;333;"2026-09-07";"Present";"08:50:00";"18:54:00";11.22
3087;333;"2026-09-08";"Present";"09:31:00";"19:19:00";9.8
3088;333;"2026-09-09";"Absent";"08:09:00";"19:46:00";6.28
3089;333;"2026-09-10";"Present";"10:24:00";"16:46:00";6.37
3090;333;"2026-09-11";"Present";"10:20:00";"16:30:00";8.22
3091;333;"2026-09-12";"Absent";"08:04:00";"18:00:00";8.7
3092;333;"2026-09-13";"Present";"09:42:00";"";9.8
3093;333;"2026-09-14";"Present";"09:34:00";"18:11:00";7.2
3094;333;"2026-09-15";"Present";"";"18:59:00";7.65
3095;333;"2026-09-16";"Present";"09:43:00";"";0.0
3096;333;"2026-09-17";"Present";"08:30:00";"19:28:00";8.47
3097;333;"2026-09-18";"Present";"";"16:39:00";0.0
3098;333;"2026-09-19";"Absent";"09:10:00";"";7.77
3099;333;"2026-09-20";"Present";"08:33:00";"17:27:00";8.82
3100;333;"2026-09-21";"Present";"08:31:00";"19:01:00";10.5
3101;342;"2026-09-02";"Absent";"10:19:00";"";10.57
3102;342;"2026-09-03";"Present";"08:08:00";"19:41:00";8.5
3103;342;"2026-09-04";"Present";"08:43:00";"17:20:00";8.62
3104;342;"2026-09-05";"Present";"10:06:00";"17:07:00";7.45
3105;342;"2026-09-06";"Absent";"";"18:26:00";10.73
3106;342;"2026-09-07";"Present";"10:55:00";"";0.0
3107;342;"2026-09-08";"Present";"08:35:00";"19:31:00";11.35
3108;342;"2026-09-09";"Present";"09:29:00";"18:08:00";10.22
3109;342;"2026-09-10";"Present";"09:24:00";"18:50:00";7.9
3110;342;"2026-09-11";"Present";"08:54:00";"16:03:00";7.87
3111;342;"2026-09-12";"Absent";"08:08:00";"18:11:00";10.05
3112;342;"2026-09-13";"Work From Home";"08:14:00";"17:09:00";8.92
3113;342;"2026-09-14";"Absent";"10:05:00";"17:22:00";7.28
3114;342;"2026-09-15";"Present";"09:36:00";"18:53:00";8.67
3115;342;"2026-09-16";"Present";"10:54:00";"19:04:00";9.38
3116;342;"2026-09-17";"Present";"10:14:00";"18:28:00";8.73
3117;342;"2026-09-18";"Present";"10:40:00";"18:15:00";6.73
3118;342;"2026-09-19";"Present";"09:17:00";"19:37:00";8.02
3119;342;"2026-09-20";"Present";"10:26:00";"18:46:00";6.82
3120;342;"2026-09-21";"Present";"09:19:00";"17:45:00";7.48
3121;347;"2026-09-02";"Absent";"10:51:00";"19:19:00";9.92
3122;347;"2026-09-03";"Present";"08:15:00";"17:41:00";9.43
3123;347;"2026-09-04";"Absent";"08:28:00";"";6.95
3124;347;"2026-09-05";"Absent";"08:48:00";"";7.22
3125;347;"2026-09-06";"Present";"";"18:03:00";11.25
3126;347;"2026-09-07";"Work From Home";"08:09:00";"19:36:00";7.52
3127;347;"2026-09-08";"Present";"09:37:00";"";10.18
3128;347;"2026-09-09";"Present";"10:39:00";"17:36:00";8.58
3129;347;"2026-09-10";"Present";"09:26:00";"19:07:00";6.08
3130;347;"2026-09-11";"Present";"";"19:49:00";5.68
3131;347;"2026-09-12";"Present";"09:29:00";"19:12:00";9.72
3132;347;"2026-09-13";"Absent";"09:19:00";"17:49:00";6.4
3133;347;"2026-09-14";"Present";"09:32:00";"16:52:00";7.33
3134;347;"2026-09-15";"Present";"";"17:46:00";0.0
3135;347;"2026-09-16";"Present";"08:27:00";"16:46:00";10.02
3136;347;"2026-09-17";"Present";"08:39:00";"18:58:00";5.68
3137;347;"2026-09-18";"Present";"08:22:00";"";0.0
3138;347;"2026-09-19";"Present";"10:59:00";"16:48:00";5.82
3139;347;"2026-09-20";"Present";"08:34:00";"";8.25
3140;347;"2026-09-21";"Absent";"08:15:00";"";10.45
3141;363;"2026-09-02";"Present";"08:57:00";"16:26:00";8.62
3142;363;"2026-09-03";"Absent";"10:56:00";"18:14:00";7.12
3143;363;"2026-09-04";"Absent";"08:37:00";"17:21:00";11.15
3144;363;"2026-09-05";"Present";"09:17:00";"";10.07
3145;363;"2026-09-06";"Present";"08:46:00";"";8.93
3146;363;"2026-09-07";"Present";"10:41:00";"19:02:00";10.63
3147;363;"2026-09-08";"Present";"10:33:00";"17:19:00";9.05
3148;363;"2026-09-09";"Present";"08:50:00";"18:18:00";9.47
3149;363;"2026-09-10";"Present";"08:40:00";"19:56:00";11.27
3150;363;"2026-09-11";"Absent";"";"19:06:00";7.15
3151;363;"2026-09-12";"Present";"08:08:00";"";0.0
3152;363;"2026-09-13";"Present";"08:48:00";"16:26:00";8.88
3153;363;"2026-09-14";"Present";"10:21:00";"16:57:00";6.6
3154;363;"2026-09-15";"Absent";"";"";9.93
3155;363;"2026-09-16";"Present";"09:44:00";"18:54:00";8.22
3156;363;"2026-09-17";"Present";"";"";8.07
3157;363;"2026-09-18";"Present";"08:58:00";"19:06:00";10.13
3158;363;"2026-09-19";"Present";"10:44:00";"16:46:00";6.03
3159;363;"2026-09-20";"Present";"10:38:00";"16:43:00";7.93
3160;363;"2026-09-21";"Present";"10:36:00";"17:44:00";8.55
3161;390;"2026-09-02";"Present";"09:32:00";"17:48:00";10.07
3162;390;"2026-09-03";"Absent";"09:26:00";"16:38:00";8.2
3163;390;"2026-09-04";"Present";"08:04:00";"";10.6
3164;390;"2026-09-05";"Present";"";"16:51:00";6.5
3165;390;"2026-09-06";"Present";"08:17:00";"16:45:00";10.02
3166;390;"2026-09-07";"Present";"08:17:00";"18:01:00";8.57
3167;390;"2026-09-08";"Present";"";"";10.13
3168;390;"2026-09-09";"Present";"09:27:00";"19:29:00";10.03
3169;390;"2026-09-10";"Present";"09:02:00";"18:44:00";9.32
3170;390;"2026-09-11";"Present";"09:38:00";"18:47:00";9.22
3171;390;"2026-09-12";"Present";"08:45:00";"17:28:00";11.2
3172;390;"2026-09-13";"Present";"10:28:00";"";0.0
3173;390;"2026-09-14";"Present";"10:56:00";"";6.02
3174;390;"2026-09-15";"Present";"";"19:36:00";8.68
3175;390;"2026-09-16";"Work From Home";"09:51:00";"16:48:00";9.28
3176;390;"2026-09-17";"Present";"10:39:00";"";7.35
3177;390;"2026-09-18";"Absent";"";"19:25:00";7.7
3178;390;"2026-09-19";"Present";"09:54:00";"18:21:00";8.45
3179;390;"2026-09-20";"Present";"08:22:00";"";9.92
3180;390;"2026-09-21";"Present";"09:50:00";"18:54:00";6.02
3181;392;"2026-09-02";"Absent";"08:34:00";"17:57:00";9.72
3182;392;"2026-09-03";"Present";"08:04:00";"16:44:00";7.4
3183;392;"2026-09-04";"Present";"08:12:00";"";11.77
3184;392;"2026-09-05";"Present";"09:01:00";"18:53:00";9.87
3185;392;"2026-09-06";"Present";"09:36:00";"16:09:00";7.98
3186;392;"2026-09-07";"Present";"09:03:00";"19:57:00";10.9
3187;392;"2026-09-08";"Absent";"10:15:00";"16:11:00";9.12
3188;392;"2026-09-09";"Present";"09:02:00";"19:58:00";9.38
3189;392;"2026-09-10";"Present";"09:46:00";"17:12:00";7.43
3190;392;"2026-09-11";"Absent";"08:18:00";"19:05:00";10.78
3191;392;"2026-09-12";"Present";"";"";9.2
3192;392;"2026-09-13";"Absent";"";"17:36:00";10.32
3193;392;"2026-09-14";"Present";"08:47:00";"18:43:00";9.38
3194;392;"2026-09-15";"Present";"";"19:47:00";11.33
3195;392;"2026-09-16";"Present";"";"17:42:00";7.82
3196;392;"2026-09-17";"Present";"08:28:00";"";8.85
3197;392;"2026-09-18";"Present";"";"17:06:00";11.37
3198;392;"2026-09-19";"Work From Home";"";"";9.17
3199;392;"2026-09-20";"Absent";"09:14:00";"";6.42
3200;392;"2026-09-21";"Present";"09:32:00";"";6.7
3201;419;"2026-09-02";"Present";"08:36:00";"17:06:00";8.52
3202;419;"2026-09-03";"Present";"09:24:00";"19:47:00";9.05
3203;419;"2026-09-04";"Present";"09:16:00";"17:26:00";8.98
3204;419;"2026-09-05";"Present";"08:21:00";"";6.3
3205;419;"2026-09-06";"Present";"";"19:54:00";6.67
3206;419;"2026-09-07";"Absent";"10:36:00";"";0.0
3207;419;"2026-09-08";"Present";"09:43:00";"18:51:00";10.97
3208;419;"2026-09-09";"Absent";"08:41:00";"19:19:00";5.57
3209;419;"2026-09-10";"Present";"08:53:00";"19:31:00";10.63
3210;419;"2026-09-11";"Work From Home";"";"18:20:00";5.68
3211;419;"2026-09-12";"Present";"08:58:00";"17:33:00";8.58
3212;419;"2026-09-13";"Present";"09:01:00";"";0.0
3213;419;"2026-09-14";"Present";"10:23:00";"18:17:00";9.07
3214;419;"2026-09-15";"Present";"09:46:00";"17:53:00";11.03
3215;419;"2026-09-16";"Present";"09:46:00";"";0.0
3216;419;"2026-09-17";"Present";"09:37:00";"";7.83
3217;419;"2026-09-18";"Present";"08:10:00";"";0.0
3218;419;"2026-09-19";"Absent";"10:48:00";"17:44:00";8.22
3219;419;"2026-09-20";"Present";"09:22:00";"18:06:00";8.5
3220;419;"2026-09-21";"Present";"";"17:18:00";9.02
3221;428;"2026-09-02";"Present";"09:59:00";"17:41:00";5.45
3222;428;"2026-09-03";"Present";"";"19:16:00";7.6
3223;428;"2026-09-04";"Present";"10:58:00";"17:49:00";8.98
3224;428;"2026-09-05";"Present";"10:53:00";"18:05:00";11.03
3225;428;"2026-09-06";"Present";"10:26:00";"";0.0
3226;428;"2026-09-07";"On Leave";"";"17:51:00";8.33
3227;428;"2026-09-08";"Present";"08:53:00";"";0.0
3228;428;"2026-09-09";"Present";"09:54:00";"";0.0
3229;428;"2026-09-10";"Present";"09:57:00";"19:36:00";6.58
3230;428;"2026-09-11";"Present";"";"16:03:00";9.82
3231;428;"2026-09-12";"Present";"";"18:47:00";9.0
3232;428;"2026-09-13";"Present";"08:18:00";"19:19:00";11.32
3233;428;"2026-09-14";"Present";"10:06:00";"18:08:00";9.22
3234;428;"2026-09-15";"Present";"";"16:56:00";6.85
3235;428;"2026-09-16";"Present";"09:00:00";"17:38:00";11.63
3236;428;"2026-09-17";"Absent";"";"";11.13
3237;428;"2026-09-18";"Present";"08:34:00";"18:33:00";8.37
3238;428;"2026-09-19";"Present";"10:59:00";"17:49:00";6.83
3239;428;"2026-09-20";"Present";"09:12:00";"18:46:00";5.92
3240;428;"2026-09-21";"Absent";"10:05:00";"18:27:00";8.02
3241;431;"2026-09-02";"Present";"08:43:00";"";0.0
3242;431;"2026-09-03";"Present";"10:41:00";"";10.45
3243;431;"2026-09-04";"Present";"";"18:01:00";9.95
3244;431;"2026-09-05";"Absent";"";"";0.0
3245;431;"2026-09-06";"Absent";"09:43:00";"19:27:00";9.73
3246;431;"2026-09-07";"Absent";"09:30:00";"17:48:00";9.38
3247;431;"2026-09-08";"Present";"10:35:00";"16:43:00";6.37
3248;431;"2026-09-09";"Absent";"09:35:00";"16:11:00";8.08
3249;431;"2026-09-10";"Present";"08:19:00";"";7.43
3250;431;"2026-09-11";"Present";"10:22:00";"18:59:00";7.92
3251;431;"2026-09-12";"Present";"09:50:00";"";10.88
3252;431;"2026-09-13";"Present";"10:55:00";"";6.15
3253;431;"2026-09-14";"Present";"08:09:00";"17:12:00";6.52
3254;431;"2026-09-15";"Present";"09:06:00";"";10.53
3255;431;"2026-09-16";"Present";"";"";8.58
3256;431;"2026-09-17";"Present";"08:04:00";"17:18:00";10.27
3257;431;"2026-09-18";"Present";"10:22:00";"16:25:00";7.08
3258;431;"2026-09-19";"Absent";"";"18:11:00";0.0
3259;431;"2026-09-20";"Absent";"08:58:00";"19:47:00";9.72
3260;431;"2026-09-21";"Present";"10:07:00";"17:44:00";5.93
3261;434;"2026-09-02";"Present";"10:46:00";"";7.02
3262;434;"2026-09-03";"Present";"";"16:46:00";9.38
3263;434;"2026-09-04";"Absent";"10:26:00";"17:36:00";7.17
3264;434;"2026-09-05";"Present";"10:29:00";"16:44:00";8.1
3265;434;"2026-09-06";"Present";"10:30:00";"16:49:00";7.95
3266;434;"2026-09-07";"Present";"08:49:00";"18:19:00";10.03
3267;434;"2026-09-08";"Present";"10:53:00";"17:22:00";6.48
3268;434;"2026-09-09";"Present";"09:46:00";"19:50:00";8.03
3269;434;"2026-09-10";"Absent";"";"18:40:00";8.32
3270;434;"2026-09-11";"Present";"09:11:00";"18:12:00";9.02
3271;434;"2026-09-12";"Present";"";"16:43:00";0.0
3272;434;"2026-09-13";"Present";"10:17:00";"17:42:00";9.85
3273;434;"2026-09-14";"Present";"09:54:00";"17:10:00";10.97
3274;434;"2026-09-15";"Present";"10:16:00";"";6.55
3275;434;"2026-09-16";"On Leave";"08:58:00";"16:56:00";6.5
3276;434;"2026-09-17";"Present";"10:12:00";"";9.7
3277;434;"2026-09-18";"Present";"10:37:00";"18:33:00";7.93
3278;434;"2026-09-19";"Present";"08:03:00";"17:51:00";8.68
3279;434;"2026-09-20";"Present";"";"16:17:00";0.0
3280;434;"2026-09-21";"Present";"10:26:00";"18:20:00";7.98
3281;455;"2026-09-02";"Present";"09:21:00";"17:44:00";8.38
3282;455;"2026-09-03";"Present";"10:37:00";"";0.0
3283;455;"2026-09-04";"Work From Home";"09:21:00";"19:07:00";10.43
3284;455;"2026-09-05";"Present";"10:15:00";"16:22:00";8.73
3285;455;"2026-09-06";"Present";"";"17:53:00";8.52
3286;455;"2026-09-07";"Absent";"";"";0.0
3287;455;"2026-09-08";"Present";"";"17:44:00";8.95
3288;455;"2026-09-09";"Present";"08:45:00";"19:34:00";10.82
3289;455;"2026-09-10";"Absent";"10:28:00";"19:56:00";8.28
3290;455;"2026-09-11";"Present";"09:51:00";"19:33:00";10.65
3291;455;"2026-09-12";"Present";"09:11:00";"19:19:00";10.13
3292;455;"2026-09-13";"Present";"09:27:00";"18:57:00";9.5
3293;455;"2026-09-14";"Absent";"10:26:00";"16:00:00";5.57
3294;455;"2026-09-15";"Present";"09:36:00";"17:57:00";10.72
3295;455;"2026-09-16";"Present";"10:52:00";"";0.0
3296;455;"2026-09-17";"Present";"08:36:00";"16:21:00";7.75
3297;455;"2026-09-18";"Present";"09:44:00";"";10.52
3298;455;"2026-09-19";"Present";"10:40:00";"17:28:00";6.08
3299;455;"2026-09-20";"Absent";"";"";7.53
3300;455;"2026-09-21";"Absent";"09:17:00";"18:45:00";9.47
3301;471;"2026-09-02";"Present";"";"19:43:00";0.0
3302;471;"2026-09-03";"Present";"10:02:00";"19:40:00";7.53
3303;471;"2026-09-04";"Absent";"08:38:00";"";9.95
3304;471;"2026-09-05";"Present";"08:58:00";"";0.0
3305;471;"2026-09-06";"Present";"";"18:05:00";5.38
3306;471;"2026-09-07";"Present";"";"";0.0
3307;471;"2026-09-08";"Present";"08:25:00";"";10.08
3308;471;"2026-09-09";"Absent";"10:09:00";"17:47:00";7.63
3309;471;"2026-09-10";"Present";"10:09:00";"19:32:00";9.38
3310;471;"2026-09-11";"Present";"10:09:00";"18:07:00";7.97
3311;471;"2026-09-12";"Absent";"09:27:00";"19:23:00";5.97
3312;471;"2026-09-13";"Work From Home";"";"";7.48
3313;471;"2026-09-14";"Present";"";"17:06:00";8.73
3314;471;"2026-09-15";"Present";"08:31:00";"17:29:00";11.6
3315;471;"2026-09-16";"Absent";"";"";9.68
3316;471;"2026-09-17";"Absent";"10:00:00";"17:07:00";7.12
3317;471;"2026-09-18";"Present";"";"18:52:00";6.65
3318;471;"2026-09-19";"Present";"10:03:00";"16:05:00";6.03
3319;471;"2026-09-20";"Present";"09:04:00";"";10.05
3320;471;"2026-09-21";"Absent";"08:43:00";"16:11:00";10.45
3321;477;"2026-09-02";"Present";"09:02:00";"";8.58
3322;477;"2026-09-03";"Present";"09:48:00";"16:38:00";10.05
3323;477;"2026-09-04";"Present";"08:42:00";"17:31:00";10.58
3324;477;"2026-09-05";"Absent";"";"18:42:00";8.62
3325;477;"2026-09-06";"Present";"08:48:00";"17:25:00";6.35
3326;477;"2026-09-07";"Present";"08:39:00";"";0.0
3327;477;"2026-09-08";"Present";"";"16:34:00";9.25
3328;477;"2026-09-09";"Absent";"09:44:00";"18:30:00";9.45
3329;477;"2026-09-10";"Present";"09:09:00";"";8.85
3330;477;"2026-09-11";"Work From Home";"";"16:30:00";8.13
3331;477;"2026-09-12";"Absent";"";"18:48:00";7.42
3332;477;"2026-09-13";"Present";"08:07:00";"18:31:00";9.97
3333;477;"2026-09-14";"Present";"08:28:00";"";7.07
3334;477;"2026-09-15";"Present";"10:18:00";"16:28:00";6.17
3335;477;"2026-09-16";"Present";"09:06:00";"16:35:00";6.55
3336;477;"2026-09-17";"Present";"10:23:00";"17:58:00";8.25
3337;477;"2026-09-18";"Present";"";"19:10:00";9.12
3338;477;"2026-09-19";"Present";"";"19:00:00";0.0
3339;477;"2026-09-20";"Present";"09:57:00";"17:00:00";7.82
3340;477;"2026-09-21";"Work From Home";"09:47:00";"16:51:00";9.65
3341;499;"2026-09-02";"Present";"08:33:00";"18:08:00";9.95
3342;499;"2026-09-03";"Present";"";"19:40:00";0.0
3343;499;"2026-09-04";"Present";"10:54:00";"19:10:00";8.27
3344;499;"2026-09-05";"Present";"10:13:00";"17:32:00";7.32
3345;499;"2026-09-06";"Present";"08:41:00";"";0.0
3346;499;"2026-09-07";"Present";"10:53:00";"17:00:00";7.1
3347;499;"2026-09-08";"Present";"10:36:00";"16:10:00";8.92
3348;499;"2026-09-09";"Absent";"09:34:00";"19:59:00";11.78
3349;499;"2026-09-10";"Present";"10:53:00";"17:26:00";10.57
3350;499;"2026-09-11";"Present";"09:41:00";"19:54:00";9.05
3351;499;"2026-09-12";"Present";"09:47:00";"17:11:00";10.18
3352;499;"2026-09-13";"Absent";"08:40:00";"17:05:00";9.28
3353;499;"2026-09-14";"Present";"";"18:24:00";8.83
3354;499;"2026-09-15";"Present";"09:16:00";"17:59:00";9.48
3355;499;"2026-09-16";"Present";"";"18:43:00";0.0
3356;499;"2026-09-17";"Absent";"09:59:00";"19:21:00";7.0
3357;499;"2026-09-18";"Present";"08:25:00";"17:08:00";9.9
3358;499;"2026-09-19";"Present";"10:32:00";"19:46:00";8.35
3359;499;"2026-09-20";"Present";"09:11:00";"18:02:00";7.72
3360;499;"2026-09-21";"Absent";"08:12:00";"18:10:00";7.08
3361;511;"2026-09-02";"Absent";"";"19:31:00";0.0
3362;511;"2026-09-03";"Present";"10:34:00";"18:49:00";7.38
3363;511;"2026-09-04";"Present";"10:40:00";"";9.78
3364;511;"2026-09-05";"Present";"10:28:00";"";9.68
3365;511;"2026-09-06";"Present";"08:31:00";"16:38:00";9.22
3366;511;"2026-09-07";"Absent";"";"17:11:00";0.0
3367;511;"2026-09-08";"Present";"08:56:00";"18:58:00";7.33
3368;511;"2026-09-09";"Absent";"";"18:23:00";9.97
3369;511;"2026-09-10";"Present";"08:57:00";"17:46:00";10.57
3370;511;"2026-09-11";"Present";"08:36:00";"17:27:00";6.2
3371;511;"2026-09-12";"Present";"10:23:00";"17:26:00";7.05
3372;511;"2026-09-13";"Present";"09:08:00";"17:22:00";8.23
3373;511;"2026-09-14";"Present";"08:20:00";"17:00:00";5.88
3374;511;"2026-09-15";"Present";"09:22:00";"17:17:00";7.95
3375;511;"2026-09-16";"Present";"10:56:00";"17:57:00";7.73
3376;511;"2026-09-17";"Present";"";"";6.12
3377;511;"2026-09-18";"Absent";"09:49:00";"19:36:00";8.68
3378;511;"2026-09-19";"Present";"";"16:27:00";0.0
3379;511;"2026-09-20";"Present";"10:00:00";"17:48:00";8.75
3380;511;"2026-09-21";"Present";"08:56:00";"19:58:00";8.25
3381;525;"2026-09-02";"Present";"09:20:00";"18:51:00";6.98
3382;525;"2026-09-03";"Present";"08:23:00";"";10.1
3383;525;"2026-09-04";"Present";"08:03:00";"";8.23
3384;525;"2026-09-05";"Present";"";"";9.8
3385;525;"2026-09-06";"Present";"09:09:00";"19:54:00";10.75
3386;525;"2026-09-07";"Present";"09:24:00";"";7.1
3387;525;"2026-09-08";"Present";"10:45:00";"";7.83
3388;525;"2026-09-09";"Absent";"";"";10.73
3389;525;"2026-09-10";"Present";"09:07:00";"17:19:00";9.02
3390;525;"2026-09-11";"Present";"10:02:00";"19:31:00";11.42
3391;525;"2026-09-12";"Present";"";"19:47:00";9.9
3392;525;"2026-09-13";"Absent";"";"16:12:00";9.75
3393;525;"2026-09-14";"Present";"10:22:00";"";0.0
3394;525;"2026-09-15";"Present";"09:32:00";"16:25:00";6.88
3395;525;"2026-09-16";"Present";"09:02:00";"16:42:00";7.67
3396;525;"2026-09-17";"Present";"08:57:00";"";8.45
3397;525;"2026-09-18";"Present";"09:52:00";"";9.52
3398;525;"2026-09-19";"Present";"10:34:00";"18:14:00";10.45
3399;525;"2026-09-20";"Work From Home";"09:44:00";"19:26:00";9.7
3400;525;"2026-09-21";"Present";"09:49:00";"16:06:00";9.45
3401;1024;"2026-09-02";"Present";"08:23:00";"19:46:00";11.38
3402;1024;"2026-09-03";"Absent";"";"16:26:00";0.0
3403;1024;"2026-09-04";"Absent";"09:09:00";"18:20:00";11.48
3404;1024;"2026-09-05";"Absent";"";"17:04:00";10.05
3405;1024;"2026-09-06";"Present";"10:59:00";"19:16:00";8.28
3406;1024;"2026-09-07";"Present";"10:01:00";"17:44:00";8.67
3407;1024;"2026-09-08";"Present";"10:22:00";"19:01:00";8.8
3408;1024;"2026-09-09";"Present";"";"16:08:00";9.77
3409;1024;"2026-09-10";"Present";"08:10:00";"19:19:00";9.18
3410;1024;"2026-09-11";"Present";"10:07:00";"16:45:00";7.18
3411;1024;"2026-09-12";"Present";"10:20:00";"16:49:00";6.48
3412;1024;"2026-09-13";"Present";"09:20:00";"17:06:00";7.77
3413;1024;"2026-09-14";"Absent";"09:32:00";"";7.9
3414;1024;"2026-09-15";"Absent";"09:02:00";"17:29:00";9.35
3415;1024;"2026-09-16";"Present";"09:03:00";"16:35:00";8.15
3416;1024;"2026-09-17";"Absent";"09:20:00";"";7.23
3417;1024;"2026-09-18";"Present";"08:56:00";"18:54:00";9.47
3418;1024;"2026-09-19";"Present";"08:07:00";"17:56:00";9.53
3419;1024;"2026-09-20";"Absent";"10:00:00";"16:30:00";6.5
3420;1024;"2026-09-21";"Work From Home";"10:41:00";"16:49:00";6.13
3421;1035;"2026-09-02";"Present";"10:02:00";"";10.6
3422;1035;"2026-09-03";"Present";"";"";9.75
3423;1035;"2026-09-04";"Present";"09:38:00";"17:11:00";7.07
3424;1035;"2026-09-05";"Present";"";"17:25:00";11.33
3425;1035;"2026-09-06";"Present";"10:04:00";"";0.0
3426;1035;"2026-09-07";"Present";"";"16:17:00";0.0
3427;1035;"2026-09-08";"Present";"08:20:00";"18:57:00";7.32
3428;1035;"2026-09-09";"Present";"08:08:00";"18:32:00";10.4
3429;1035;"2026-09-10";"Present";"08:25:00";"16:44:00";8.02
3430;1035;"2026-09-11";"Present";"10:27:00";"17:41:00";7.47
3431;1035;"2026-09-12";"Absent";"08:33:00";"18:24:00";9.85
3432;1035;"2026-09-13";"Absent";"10:10:00";"";8.57
3433;1035;"2026-09-14";"Present";"";"16:35:00";8.57
3434;1035;"2026-09-15";"Present";"10:08:00";"18:32:00";9.3
3435;1035;"2026-09-16";"Present";"10:41:00";"16:26:00";7.12
3436;1035;"2026-09-17";"Absent";"09:36:00";"18:06:00";8.98
3437;1035;"2026-09-18";"Present";"09:41:00";"18:06:00";7.85
3438;1035;"2026-09-19";"Present";"08:47:00";"16:28:00";11.63
3439;1035;"2026-09-20";"Present";"08:31:00";"16:38:00";7.65
3440;1035;"2026-09-21";"Present";"08:13:00";"18:13:00";8.93
3441;2;"2026-09-02";"Present";"09:07:00";"19:28:00";11.12
3442;2;"2026-09-03";"Present";"09:05:00";"18:01:00";8.85
3443;2;"2026-09-04";"Present";"10:32:00";"16:51:00";7.35
3444;2;"2026-09-05";"Present";"09:56:00";"19:20:00";6.53
3445;2;"2026-09-06";"Absent";"10:18:00";"16:24:00";6.1
3446;2;"2026-09-07";"Present";"09:36:00";"18:16:00";6.95
3447;2;"2026-09-08";"Present";"10:46:00";"18:56:00";10.93
3448;2;"2026-09-09";"Present";"09:23:00";"16:28:00";7.08
3449;2;"2026-09-10";"Present";"10:28:00";"16:10:00";9.92
3450;2;"2026-09-11";"Present";"";"16:22:00";8.88
3451;2;"2026-09-12";"Present";"";"19:40:00";0.0
3452;2;"2026-09-13";"Present";"08:26:00";"19:06:00";7.98
3453;2;"2026-09-14";"Work From Home";"09:24:00";"";6.47
3454;2;"2026-09-15";"Present";"10:25:00";"17:35:00";7.75
3455;2;"2026-09-16";"Present";"";"19:23:00";10.92
3456;2;"2026-09-17";"Present";"09:26:00";"19:20:00";9.53
3457;2;"2026-09-18";"Present";"10:22:00";"";9.27
3458;2;"2026-09-19";"Present";"10:50:00";"16:23:00";8.98
3459;2;"2026-09-20";"Present";"";"16:22:00";0.0
3460;2;"2026-09-21";"Absent";"10:30:00";"16:30:00";6.0
3461;8;"2026-09-02";"Present";"09:11:00";"";8.58
3462;8;"2026-09-03";"Present";"08:07:00";"19:25:00";11.3
3463;8;"2026-09-04";"Present";"10:31:00";"19:15:00";9.17
3464;8;"2026-09-05";"Present";"";"17:16:00";6.28
3465;8;"2026-09-06";"Present";"09:26:00";"17:09:00";9.03
3466;8;"2026-09-07";"Present";"";"19:40:00";8.28
3467;8;"2026-09-08";"Present";"10:21:00";"17:28:00";7.12
3468;8;"2026-09-09";"Present";"";"16:31:00";9.4
3469;8;"2026-09-10";"Present";"08:43:00";"19:04:00";10.35
3470;8;"2026-09-11";"Present";"";"16:57:00";6.07
3471;8;"2026-09-12";"Present";"";"17:45:00";8.15
3472;8;"2026-09-13";"Present";"10:20:00";"17:23:00";8.22
3473;8;"2026-09-14";"Absent";"09:49:00";"16:31:00";9.65
3474;8;"2026-09-15";"Present";"";"17:44:00";0.0
3475;8;"2026-09-16";"Absent";"09:40:00";"16:58:00";7.3
3476;8;"2026-09-17";"Absent";"09:17:00";"";8.03
3477;8;"2026-09-18";"Present";"08:27:00";"";10.75
3478;8;"2026-09-19";"Absent";"09:21:00";"17:49:00";9.18
3479;8;"2026-09-20";"Absent";"10:49:00";"18:40:00";9.27
3480;8;"2026-09-21";"Present";"09:37:00";"19:12:00";6.37
3481;24;"2026-09-02";"Present";"10:13:00";"19:59:00";7.88
3482;24;"2026-09-03";"Work From Home";"08:19:00";"16:23:00";8.07
3483;24;"2026-09-04";"Present";"10:54:00";"";0.0
3484;24;"2026-09-05";"Absent";"09:33:00";"16:14:00";6.57
3485;24;"2026-09-06";"Present";"09:25:00";"17:22:00";7.95
3486;24;"2026-09-07";"Present";"10:30:00";"18:05:00";9.05
3487;24;"2026-09-08";"Present";"08:22:00";"18:03:00";10.17
3488;24;"2026-09-09";"Present";"08:06:00";"18:45:00";10.13
3489;24;"2026-09-10";"Present";"10:34:00";"";0.0
3490;24;"2026-09-11";"Absent";"09:04:00";"";6.83
3491;24;"2026-09-12";"Absent";"10:33:00";"17:09:00";6.6
3492;24;"2026-09-13";"Present";"09:36:00";"17:49:00";10.75
3493;24;"2026-09-14";"Absent";"08:48:00";"18:23:00";7.23
3494;24;"2026-09-15";"Present";"";"17:04:00";8.82
3495;24;"2026-09-16";"Absent";"09:21:00";"16:09:00";9.4
3496;24;"2026-09-17";"Present";"08:14:00";"18:49:00";10.58
3497;24;"2026-09-18";"Present";"10:45:00";"18:00:00";7.23
3498;24;"2026-09-19";"Present";"09:56:00";"17:25:00";7.48
3499;24;"2026-09-20";"Present";"";"";6.82
3500;24;"2026-09-21";"Present";"08:13:00";"";10.53
3501;32;"2026-09-02";"Present";"10:43:00";"17:51:00";10.7
3502;32;"2026-09-03";"Present";"10:04:00";"16:14:00";7.62
3503;32;"2026-09-04";"Present";"09:39:00";"19:15:00";9.08
3504;32;"2026-09-05";"Present";"08:01:00";"18:03:00";8.58
3505;32;"2026-09-06";"Absent";"10:00:00";"18:17:00";6.12
3506;32;"2026-09-07";"Absent";"08:57:00";"";9.93
3507;32;"2026-09-08";"Present";"10:31:00";"19:38:00";9.12
3508;32;"2026-09-09";"Present";"10:43:00";"";10.55
3509;32;"2026-09-10";"Absent";"";"17:20:00";8.87
3510;32;"2026-09-11";"Absent";"";"18:10:00";8.58
3511;32;"2026-09-12";"Present";"";"";7.43
3512;32;"2026-09-13";"Present";"09:12:00";"19:48:00";7.97
3513;32;"2026-09-14";"Present";"";"18:31:00";8.77
3514;32;"2026-09-15";"Present";"08:44:00";"18:59:00";9.2
3515;32;"2026-09-16";"Present";"08:39:00";"17:41:00";9.03
3516;32;"2026-09-17";"Absent";"";"16:32:00";8.92
3517;32;"2026-09-18";"Present";"08:30:00";"17:51:00";9.17
3518;32;"2026-09-19";"Present";"10:14:00";"16:14:00";9.08
3519;32;"2026-09-20";"Present";"10:53:00";"18:56:00";7.07
3520;32;"2026-09-21";"Absent";"";"18:02:00";6.22
3521;48;"2026-09-02";"Present";"09:59:00";"18:49:00";8.47
3522;48;"2026-09-03";"Present";"09:16:00";"16:39:00";9.82
3523;48;"2026-09-04";"Present";"08:40:00";"";9.85
3524;48;"2026-09-05";"Present";"08:23:00";"";0.0
3525;48;"2026-09-06";"Absent";"";"19:20:00";0.0
3526;48;"2026-09-07";"Present";"10:29:00";"16:24:00";7.15
3527;48;"2026-09-08";"Absent";"10:23:00";"19:54:00";7.95
3528;48;"2026-09-09";"Present";"10:59:00";"";0.0
3529;48;"2026-09-10";"Present";"10:31:00";"18:36:00";5.78
3530;48;"2026-09-11";"Present";"10:27:00";"19:35:00";8.38
3531;48;"2026-09-12";"Absent";"09:43:00";"17:27:00";7.73
3532;48;"2026-09-13";"Work From Home";"09:16:00";"19:59:00";9.78
3533;48;"2026-09-14";"Present";"";"16:19:00";7.53
3534;48;"2026-09-15";"Present";"09:59:00";"";0.0
3535;48;"2026-09-16";"Present";"10:03:00";"16:04:00";9.75
3536;48;"2026-09-17";"Present";"08:55:00";"18:04:00";9.15
3537;48;"2026-09-18";"Present";"";"17:36:00";0.0
3538;48;"2026-09-19";"Present";"09:42:00";"19:19:00";9.62
3539;48;"2026-09-20";"Present";"10:43:00";"17:03:00";9.98
3540;48;"2026-09-21";"Present";"";"16:23:00";0.0
3541;59;"2026-09-02";"Absent";"08:02:00";"";0.0
3542;59;"2026-09-03";"Present";"09:18:00";"18:08:00";8.22
3543;59;"2026-09-04";"Present";"10:31:00";"";9.7
3544;59;"2026-09-05";"Present";"08:47:00";"";5.65
3545;59;"2026-09-06";"Present";"";"19:13:00";7.85
3546;59;"2026-09-07";"Present";"";"";7.47
3547;59;"2026-09-08";"Present";"";"";11.23
3548;59;"2026-09-09";"Present";"10:06:00";"18:16:00";11.42
3549;59;"2026-09-10";"Absent";"08:53:00";"17:35:00";8.7
3550;59;"2026-09-11";"Present";"09:20:00";"";5.93
3551;59;"2026-09-12";"Work From Home";"08:59:00";"17:53:00";8.08
3552;59;"2026-09-13";"Present";"10:51:00";"";8.23
3553;59;"2026-09-14";"Absent";"08:07:00";"18:14:00";9.92
3554;59;"2026-09-15";"Present";"";"";6.65
3555;59;"2026-09-16";"Absent";"08:56:00";"17:00:00";5.47
3556;59;"2026-09-17";"Present";"";"19:29:00";9.88
3557;59;"2026-09-18";"Absent";"08:29:00";"16:22:00";8.73
3558;59;"2026-09-19";"Present";"10:28:00";"17:56:00";10.12
3559;59;"2026-09-20";"Absent";"09:27:00";"18:32:00";10.93
3560;59;"2026-09-21";"Present";"10:50:00";"18:51:00";9.55
3561;78;"2026-09-02";"Present";"09:55:00";"";7.37
3562;78;"2026-09-03";"Absent";"";"19:19:00";9.65
3563;78;"2026-09-04";"Present";"";"17:25:00";9.27
3564;78;"2026-09-05";"Present";"08:49:00";"17:03:00";9.65
3565;78;"2026-09-06";"Present";"";"17:35:00";8.87
3566;78;"2026-09-07";"Present";"08:17:00";"16:43:00";8.43
3567;78;"2026-09-08";"Present";"";"18:21:00";5.73
3568;78;"2026-09-09";"Present";"10:41:00";"18:11:00";11.0
3569;78;"2026-09-10";"Present";"08:45:00";"19:57:00";7.02
3570;78;"2026-09-11";"Present";"09:59:00";"16:40:00";8.3
3571;78;"2026-09-12";"Absent";"09:59:00";"16:28:00";9.67
3572;78;"2026-09-13";"Present";"10:40:00";"";7.8
3573;78;"2026-09-14";"Present";"";"17:03:00";6.32
3574;78;"2026-09-15";"Absent";"10:07:00";"";8.65
3575;78;"2026-09-16";"Present";"08:09:00";"19:42:00";11.55
3576;78;"2026-09-17";"Present";"09:47:00";"17:02:00";8.72
3577;78;"2026-09-18";"Present";"09:51:00";"";10.68
3578;78;"2026-09-19";"Absent";"";"17:38:00";5.62
3579;78;"2026-09-20";"Present";"08:48:00";"18:52:00";7.38
3580;78;"2026-09-21";"Present";"09:41:00";"16:16:00";9.2
3581;109;"2026-09-02";"On Leave";"10:59:00";"";9.47
3582;109;"2026-09-03";"Present";"10:21:00";"16:32:00";6.18
3583;109;"2026-09-04";"Present";"";"";7.1
3584;109;"2026-09-05";"Present";"10:04:00";"16:14:00";6.17
3585;109;"2026-09-06";"Present";"08:01:00";"18:06:00";10.08
3586;109;"2026-09-07";"Work From Home";"08:05:00";"19:55:00";10.05
3587;109;"2026-09-08";"Absent";"";"18:59:00";0.0
3588;109;"2026-09-09";"Present";"10:07:00";"";10.22
3589;109;"2026-09-10";"Present";"09:27:00";"16:07:00";6.67
3590;109;"2026-09-11";"Absent";"08:15:00";"";11.05
3591;109;"2026-09-12";"Present";"";"16:03:00";9.47
3592;109;"2026-09-13";"Present";"";"17:40:00";9.17
3593;109;"2026-09-14";"Absent";"08:37:00";"18:57:00";8.98
3594;109;"2026-09-15";"Present";"";"16:12:00";10.73
3595;109;"2026-09-16";"Present";"";"16:02:00";8.1
3596;109;"2026-09-17";"Present";"08:56:00";"18:53:00";9.95
3597;109;"2026-09-18";"Present";"09:19:00";"16:36:00";6.38
3598;109;"2026-09-19";"Present";"10:02:00";"";10.82
3599;109;"2026-09-20";"Present";"09:40:00";"17:59:00";8.97
3600;109;"2026-09-21";"Present";"08:14:00";"19:38:00";6.43
3601;127;"2026-09-02";"Absent";"10:45:00";"";9.4
3602;127;"2026-09-03";"Present";"09:42:00";"16:49:00";7.12
3603;127;"2026-09-04";"Present";"10:42:00";"16:17:00";7.13
3604;127;"2026-09-05";"Absent";"08:50:00";"19:35:00";9.07
3605;127;"2026-09-06";"Present";"08:20:00";"16:10:00";6.65
3606;127;"2026-09-07";"Present";"10:41:00";"17:53:00";9.7
3607;127;"2026-09-08";"Absent";"09:18:00";"16:10:00";6.87
3608;127;"2026-09-09";"Present";"";"17:09:00";10.1
3609;127;"2026-09-10";"Absent";"08:39:00";"19:55:00";7.58
3610;127;"2026-09-11";"Present";"10:37:00";"17:50:00";7.22
3611;127;"2026-09-12";"Present";"09:46:00";"19:25:00";8.4
3612;127;"2026-09-13";"Present";"10:54:00";"";9.02
3613;127;"2026-09-14";"Present";"10:43:00";"";0.0
3614;127;"2026-09-15";"Present";"10:24:00";"";7.92
3615;127;"2026-09-16";"Present";"10:20:00";"17:36:00";7.27
3616;127;"2026-09-17";"Present";"08:33:00";"17:30:00";7.57
3617;127;"2026-09-18";"Present";"";"17:20:00";7.52
3618;127;"2026-09-19";"Present";"10:52:00";"16:03:00";8.28
3619;127;"2026-09-20";"Present";"09:24:00";"17:33:00";9.15
3620;127;"2026-09-21";"Present";"10:08:00";"16:39:00";11.47
3621;147;"2026-09-02";"Absent";"09:58:00";"18:08:00";8.17
3622;147;"2026-09-03";"Present";"09:32:00";"16:02:00";6.5
3623;147;"2026-09-04";"Present";"09:45:00";"18:41:00";9.13
3624;147;"2026-09-05";"Absent";"";"19:32:00";8.27
3625;147;"2026-09-06";"Present";"08:36:00";"18:14:00";9.92
3626;147;"2026-09-07";"Present";"08:18:00";"";0.0
3627;147;"2026-09-08";"Present";"10:49:00";"18:56:00";7.85
3628;147;"2026-09-09";"Absent";"";"16:08:00";0.0
3629;147;"2026-09-10";"Present";"10:47:00";"16:54:00";6.12
3630;147;"2026-09-11";"Present";"10:56:00";"19:42:00";9.08
3631;147;"2026-09-12";"Present";"09:18:00";"18:54:00";10.18
3632;147;"2026-09-13";"Present";"09:35:00";"19:42:00";6.72
3633;147;"2026-09-14";"Absent";"09:31:00";"16:13:00";11.58
3634;147;"2026-09-15";"Present";"10:30:00";"19:47:00";7.12
3635;147;"2026-09-16";"Absent";"09:48:00";"";0.0
3636;147;"2026-09-17";"Present";"10:54:00";"17:17:00";8.68
3637;147;"2026-09-18";"Present";"09:42:00";"16:38:00";10.15
3638;147;"2026-09-19";"Work From Home";"";"";0.0
3639;147;"2026-09-20";"Absent";"10:50:00";"18:43:00";7.88
3640;147;"2026-09-21";"Present";"10:32:00";"19:11:00";9.55
3641;149;"2026-09-02";"Present";"08:19:00";"";0.0
3642;149;"2026-09-03";"Present";"08:31:00";"";0.0
3643;149;"2026-09-04";"Present";"09:02:00";"";8.38
3644;149;"2026-09-05";"Absent";"10:34:00";"";9.03
3645;149;"2026-09-06";"Absent";"08:38:00";"16:01:00";7.38
3646;149;"2026-09-07";"Present";"10:13:00";"19:11:00";8.4
3647;149;"2026-09-08";"Present";"10:07:00";"";6.12
3648;149;"2026-09-09";"Present";"08:21:00";"17:42:00";9.57
3649;149;"2026-09-10";"Absent";"09:25:00";"17:08:00";8.1
3650;149;"2026-09-11";"Present";"";"18:06:00";8.87
3651;149;"2026-09-12";"Present";"10:21:00";"18:11:00";7.83
3652;149;"2026-09-13";"Present";"";"17:41:00";6.78
3653;149;"2026-09-14";"Present";"09:17:00";"19:53:00";7.43
3654;149;"2026-09-15";"Present";"10:57:00";"";0.0
3655;149;"2026-09-16";"Present";"09:24:00";"18:58:00";9.32
3656;149;"2026-09-17";"Present";"";"19:45:00";0.0
3657;149;"2026-09-18";"Present";"09:44:00";"16:33:00";6.27
3658;149;"2026-09-19";"Present";"09:56:00";"";8.93
3659;149;"2026-09-20";"Present";"09:42:00";"";0.0
3660;149;"2026-09-21";"Present";"";"";0.0
3661;161;"2026-09-02";"Present";"08:11:00";"18:42:00";8.63
3662;161;"2026-09-03";"Present";"10:08:00";"16:26:00";11.47
3663;161;"2026-09-04";"Present";"09:08:00";"18:03:00";9.77
3664;161;"2026-09-05";"Present";"09:38:00";"17:10:00";9.07
3665;161;"2026-09-06";"Present";"08:43:00";"17:57:00";8.63
3666;161;"2026-09-07";"Present";"";"17:16:00";6.78
3667;161;"2026-09-08";"Present";"";"18:51:00";8.52
3668;161;"2026-09-09";"Present";"08:35:00";"17:32:00";8.95
3669;161;"2026-09-10";"Present";"09:09:00";"19:09:00";7.97
3670;161;"2026-09-11";"Present";"09:59:00";"18:46:00";7.15
3671;161;"2026-09-12";"Absent";"09:22:00";"16:30:00";7.0
3672;161;"2026-09-13";"Present";"";"19:33:00";0.0
3673;161;"2026-09-14";"Present";"09:03:00";"17:34:00";6.27
3674;161;"2026-09-15";"Present";"";"";11.38
3675;161;"2026-09-16";"Present";"09:26:00";"18:59:00";9.62
3676;161;"2026-09-17";"Present";"08:38:00";"16:37:00";9.82
3677;161;"2026-09-18";"Present";"";"17:59:00";0.0
3678;161;"2026-09-19";"Absent";"10:25:00";"";8.67
3679;161;"2026-09-20";"Present";"";"18:02:00";9.05
3680;161;"2026-09-21";"Present";"08:43:00";"";0.0
3681;164;"2026-09-02";"Present";"09:30:00";"16:19:00";9.22
3682;164;"2026-09-03";"Present";"09:27:00";"19:21:00";8.62
3683;164;"2026-09-04";"Present";"08:52:00";"19:07:00";6.1
3684;164;"2026-09-05";"Absent";"09:28:00";"19:03:00";6.97
3685;164;"2026-09-06";"Present";"09:17:00";"";9.57
3686;164;"2026-09-07";"Present";"08:53:00";"18:36:00";6.23
3687;164;"2026-09-08";"Present";"09:01:00";"";10.95
3688;164;"2026-09-09";"Present";"09:37:00";"16:54:00";7.9
3689;164;"2026-09-10";"Absent";"08:50:00";"18:35:00";8.32
3690;164;"2026-09-11";"Absent";"08:44:00";"16:52:00";10.0
3691;164;"2026-09-12";"Present";"08:37:00";"18:46:00";10.15
3692;164;"2026-09-13";"Absent";"09:42:00";"17:32:00";9.55
3693;164;"2026-09-14";"Absent";"";"17:28:00";7.15
3694;164;"2026-09-15";"Present";"10:38:00";"18:47:00";9.67
3695;164;"2026-09-16";"Present";"10:46:00";"19:38:00";8.87
3696;164;"2026-09-17";"Absent";"08:37:00";"18:08:00";10.0
3697;164;"2026-09-18";"Present";"10:47:00";"";6.73
3698;164;"2026-09-19";"Present";"10:44:00";"18:45:00";9.9
3699;164;"2026-09-20";"Present";"10:04:00";"17:18:00";9.23
3700;164;"2026-09-21";"Present";"10:58:00";"17:34:00";6.6
3701;181;"2026-09-02";"Present";"10:35:00";"17:12:00";6.62
3702;181;"2026-09-03";"Present";"10:55:00";"17:04:00";6.67
3703;181;"2026-09-04";"Present";"08:46:00";"19:21:00";10.58
3704;181;"2026-09-05";"Present";"09:57:00";"17:16:00";9.92
3705;181;"2026-09-06";"Absent";"09:47:00";"16:20:00";9.55
3706;181;"2026-09-07";"Work From Home";"09:13:00";"16:10:00";9.62
3707;181;"2026-09-08";"Present";"08:36:00";"17:03:00";7.82
3708;181;"2026-09-09";"Present";"08:27:00";"";7.62
3709;181;"2026-09-10";"Present";"08:33:00";"16:59:00";7.97
3710;181;"2026-09-11";"Present";"08:03:00";"17:33:00";9.77
3711;181;"2026-09-12";"Present";"09:48:00";"16:51:00";7.42
3712;181;"2026-09-13";"Present";"08:08:00";"16:38:00";10.58
3713;181;"2026-09-14";"Present";"09:20:00";"19:10:00";7.82
3714;181;"2026-09-15";"Present";"10:17:00";"18:22:00";6.07
3715;181;"2026-09-16";"Present";"09:21:00";"17:43:00";10.43
3716;181;"2026-09-17";"Present";"08:49:00";"19:25:00";10.23
3717;181;"2026-09-18";"Work From Home";"10:39:00";"16:01:00";11.47
3718;181;"2026-09-19";"Present";"09:20:00";"";11.32
3719;181;"2026-09-20";"Present";"10:37:00";"16:40:00";6.9
3720;181;"2026-09-21";"Present";"09:07:00";"17:01:00";10.13
3721;244;"2026-09-02";"Present";"09:56:00";"18:12:00";8.27
3722;244;"2026-09-03";"Present";"";"";11.03
3723;244;"2026-09-04";"Absent";"10:33:00";"16:29:00";5.93
3724;244;"2026-09-05";"Present";"08:41:00";"17:44:00";8.87
3725;244;"2026-09-06";"Present";"";"19:11:00";7.63
3726;244;"2026-09-07";"Present";"09:19:00";"";6.2
3727;244;"2026-09-08";"Present";"09:57:00";"16:10:00";7.47
3728;244;"2026-09-09";"Present";"08:57:00";"16:56:00";10.5
3729;244;"2026-09-10";"Present";"";"17:38:00";11.05
3730;244;"2026-09-11";"Present";"";"16:35:00";7.52
3731;244;"2026-09-12";"Present";"09:51:00";"16:49:00";6.97
3732;244;"2026-09-13";"Absent";"08:02:00";"18:11:00";11.38
3733;244;"2026-09-14";"Present";"08:58:00";"17:47:00";10.27
3734;244;"2026-09-15";"Work From Home";"08:42:00";"";0.0
3735;244;"2026-09-16";"Present";"10:07:00";"19:18:00";6.78
3736;244;"2026-09-17";"Present";"09:41:00";"";8.93
3737;244;"2026-09-18";"Work From Home";"08:09:00";"18:32:00";5.93
3738;244;"2026-09-19";"Present";"";"16:44:00";0.0
3739;244;"2026-09-20";"Present";"10:50:00";"16:19:00";6.78
3740;244;"2026-09-21";"Present";"10:29:00";"17:35:00";7.1
3741;252;"2026-09-02";"Present";"09:46:00";"19:42:00";6.93
3742;252;"2026-09-03";"Present";"10:52:00";"17:02:00";8.62
3743;252;"2026-09-04";"Present";"09:32:00";"";10.4
3744;252;"2026-09-05";"Present";"";"";8.6
3745;252;"2026-09-06";"Present";"10:44:00";"";8.93
3746;252;"2026-09-07";"Present";"10:37:00";"";7.02
3747;252;"2026-09-08";"Present";"09:27:00";"16:34:00";9.55
3748;252;"2026-09-09";"Present";"08:16:00";"19:56:00";11.5
3749;252;"2026-09-10";"Present";"09:35:00";"17:30:00";7.92
3750;252;"2026-09-11";"Present";"09:51:00";"19:57:00";10.12
3751;252;"2026-09-12";"Present";"10:44:00";"";10.0
3752;252;"2026-09-13";"Absent";"09:16:00";"19:48:00";11.7
3753;252;"2026-09-14";"Present";"10:54:00";"";8.47
3754;252;"2026-09-15";"Present";"10:02:00";"18:54:00";8.87
3755;252;"2026-09-16";"Present";"10:08:00";"18:38:00";11.0
3756;252;"2026-09-17";"Absent";"10:04:00";"19:05:00";11.37
3757;252;"2026-09-18";"Present";"";"16:59:00";10.92
3758;252;"2026-09-19";"Present";"10:50:00";"16:47:00";7.7
3759;252;"2026-09-20";"Present";"08:09:00";"16:44:00";7.42
3760;252;"2026-09-21";"Present";"08:44:00";"18:24:00";10.65
3761;266;"2026-09-02";"Present";"";"16:45:00";10.07
3762;266;"2026-09-03";"Absent";"09:07:00";"17:42:00";8.7
3763;266;"2026-09-04";"Present";"09:11:00";"";9.13
3764;266;"2026-09-05";"Present";"10:42:00";"18:30:00";9.5
3765;266;"2026-09-06";"Present";"";"19:46:00";0.0
3766;266;"2026-09-07";"Present";"09:24:00";"19:39:00";9.23
3767;266;"2026-09-08";"Present";"";"19:35:00";10.13
3768;266;"2026-09-09";"Absent";"10:11:00";"19:09:00";10.58
3769;266;"2026-09-10";"Present";"10:05:00";"17:51:00";7.77
3770;266;"2026-09-11";"Present";"10:07:00";"19:22:00";8.65
3771;266;"2026-09-12";"Present";"09:03:00";"19:14:00";6.95
3772;266;"2026-09-13";"Present";"";"17:38:00";0.0
3773;266;"2026-09-14";"Present";"10:44:00";"";6.47
3774;266;"2026-09-15";"Present";"";"";7.03
3775;266;"2026-09-16";"Present";"10:23:00";"18:54:00";8.27
3776;266;"2026-09-17";"Present";"10:59:00";"19:10:00";8.18
3777;266;"2026-09-18";"Present";"09:41:00";"19:49:00";7.17
3778;266;"2026-09-19";"Present";"09:04:00";"17:58:00";10.32
3779;266;"2026-09-20";"Present";"08:36:00";"18:15:00";6.2
3780;266;"2026-09-21";"Present";"10:41:00";"19:48:00";9.48
3781;276;"2026-09-02";"Present";"09:16:00";"18:37:00";6.72
3782;276;"2026-09-03";"Present";"09:44:00";"16:50:00";10.6
3783;276;"2026-09-04";"Present";"09:13:00";"16:43:00";9.65
3784;276;"2026-09-05";"Absent";"10:58:00";"17:07:00";5.98
3785;276;"2026-09-06";"Present";"10:52:00";"17:53:00";8.33
3786;276;"2026-09-07";"Present";"08:46:00";"";10.52
3787;276;"2026-09-08";"Present";"10:40:00";"19:59:00";11.25
3788;276;"2026-09-09";"Work From Home";"09:01:00";"16:55:00";11.28
3789;276;"2026-09-10";"Work From Home";"09:49:00";"";8.45
3790;276;"2026-09-11";"Present";"09:54:00";"18:53:00";9.37
3791;276;"2026-09-12";"Absent";"09:59:00";"18:04:00";7.35
3792;276;"2026-09-13";"Work From Home";"08:27:00";"";0.0
3793;276;"2026-09-14";"Work From Home";"10:59:00";"16:51:00";5.87
3794;276;"2026-09-15";"Present";"09:58:00";"17:36:00";7.63
3795;276;"2026-09-16";"Present";"09:47:00";"17:38:00";7.48
3796;276;"2026-09-17";"Present";"";"";0.0
3797;276;"2026-09-18";"Absent";"";"";0.0
3798;276;"2026-09-19";"Present";"09:05:00";"";0.0
3799;276;"2026-09-20";"Present";"10:26:00";"18:19:00";9.7
3800;276;"2026-09-21";"Absent";"";"19:47:00";7.55
3801;281;"2026-09-02";"Present";"08:16:00";"18:11:00";7.75
3802;281;"2026-09-03";"Present";"08:18:00";"17:32:00";8.15
3803;281;"2026-09-04";"Present";"08:18:00";"18:41:00";8.22
3804;281;"2026-09-05";"Absent";"";"17:35:00";8.37
3805;281;"2026-09-06";"Present";"08:59:00";"17:03:00";8.07
3806;281;"2026-09-07";"Absent";"08:35:00";"18:54:00";11.17
3807;281;"2026-09-08";"Present";"10:24:00";"17:13:00";7.23
3808;281;"2026-09-09";"Present";"";"18:10:00";0.0
3809;281;"2026-09-10";"Present";"09:37:00";"";9.2
3810;281;"2026-09-11";"Present";"10:45:00";"";10.13
3811;281;"2026-09-12";"Present";"09:15:00";"16:39:00";7.22
3812;281;"2026-09-13";"Present";"08:58:00";"17:15:00";6.53
3813;281;"2026-09-14";"Absent";"10:08:00";"19:48:00";10.03
3814;281;"2026-09-15";"Present";"09:17:00";"19:45:00";7.87
3815;281;"2026-09-16";"Present";"";"";7.72
3816;281;"2026-09-17";"Absent";"09:00:00";"";9.27
3817;281;"2026-09-18";"Present";"10:06:00";"16:46:00";6.67
3818;281;"2026-09-19";"Present";"";"17:14:00";0.0
3819;281;"2026-09-20";"Present";"08:00:00";"19:00:00";8.0
3820;281;"2026-09-21";"Present";"10:08:00";"19:45:00";6.87
3821;283;"2026-09-02";"Present";"10:51:00";"";7.32
3822;283;"2026-09-03";"Present";"09:19:00";"18:29:00";9.17
3823;283;"2026-09-04";"Present";"";"16:40:00";0.0
3824;283;"2026-09-05";"Absent";"08:21:00";"";0.0
3825;283;"2026-09-06";"Present";"09:26:00";"";8.38
3826;283;"2026-09-07";"Present";"";"19:03:00";0.0
3827;283;"2026-09-08";"Present";"";"";9.57
3828;283;"2026-09-09";"Absent";"";"18:40:00";11.0
3829;283;"2026-09-10";"Absent";"09:46:00";"18:50:00";7.17
3830;283;"2026-09-11";"Present";"10:06:00";"";5.42
3831;283;"2026-09-12";"Absent";"09:22:00";"18:10:00";8.8
3832;283;"2026-09-13";"Present";"09:02:00";"";9.33
3833;283;"2026-09-14";"Present";"";"19:25:00";7.87
3834;283;"2026-09-15";"Absent";"10:04:00";"18:44:00";8.67
3835;283;"2026-09-16";"Present";"08:50:00";"16:18:00";8.97
3836;283;"2026-09-17";"Present";"08:16:00";"";6.25
3837;283;"2026-09-18";"Present";"08:21:00";"19:05:00";5.43
3838;283;"2026-09-19";"Work From Home";"08:39:00";"19:22:00";5.98
3839;283;"2026-09-20";"Present";"10:18:00";"18:51:00";7.92
3840;283;"2026-09-21";"Absent";"10:55:00";"17:34:00";7.87
3841;293;"2026-09-02";"Present";"08:39:00";"18:11:00";9.53
3842;293;"2026-09-03";"Present";"10:37:00";"16:11:00";6.03
3843;293;"2026-09-04";"Present";"10:30:00";"18:05:00";8.67
3844;293;"2026-09-05";"Present";"";"18:59:00";0.0
3845;293;"2026-09-06";"Present";"08:33:00";"";6.75
3846;293;"2026-09-07";"Present";"10:23:00";"";10.9
3847;293;"2026-09-08";"Absent";"09:22:00";"";5.43
3848;293;"2026-09-09";"Present";"09:49:00";"18:46:00";5.65
3849;293;"2026-09-10";"Present";"10:07:00";"18:59:00";10.28
3850;293;"2026-09-11";"Present";"10:54:00";"18:16:00";7.37
3851;293;"2026-09-12";"Work From Home";"08:40:00";"17:30:00";7.62
3852;293;"2026-09-13";"Present";"";"19:35:00";7.45
3853;293;"2026-09-14";"Absent";"09:21:00";"";0.0
3854;293;"2026-09-15";"Present";"08:43:00";"16:53:00";8.47
3855;293;"2026-09-16";"Present";"08:11:00";"17:04:00";7.9
3856;293;"2026-09-17";"Present";"10:41:00";"17:18:00";7.83
3857;293;"2026-09-18";"Present";"10:10:00";"19:42:00";8.1
3858;293;"2026-09-19";"Present";"09:54:00";"18:19:00";5.8
3859;293;"2026-09-20";"Present";"08:28:00";"";0.0
3860;293;"2026-09-21";"Absent";"08:19:00";"18:13:00";9.05
3861;294;"2026-09-02";"Absent";"10:17:00";"17:42:00";9.5
3862;294;"2026-09-03";"Absent";"09:20:00";"19:03:00";9.6
3863;294;"2026-09-04";"Present";"08:41:00";"";9.47
3864;294;"2026-09-05";"Present";"10:58:00";"19:27:00";9.33
3865;294;"2026-09-06";"Present";"08:44:00";"17:14:00";8.5
3866;294;"2026-09-07";"Present";"10:36:00";"17:07:00";8.35
3867;294;"2026-09-08";"Absent";"08:53:00";"17:15:00";6.53
3868;294;"2026-09-09";"Present";"10:25:00";"19:10:00";10.13
3869;294;"2026-09-10";"Absent";"10:03:00";"19:04:00";7.12
3870;294;"2026-09-11";"Present";"10:44:00";"17:12:00";10.27
3871;294;"2026-09-12";"Present";"08:36:00";"19:56:00";9.98
3872;294;"2026-09-13";"Absent";"10:19:00";"19:11:00";5.78
3873;294;"2026-09-14";"Absent";"";"";7.67
3874;294;"2026-09-15";"Present";"09:42:00";"18:49:00";8.1
3875;294;"2026-09-16";"Present";"";"19:48:00";7.55
3876;294;"2026-09-17";"Present";"10:42:00";"18:03:00";9.92
3877;294;"2026-09-18";"Present";"08:29:00";"17:10:00";8.68
3878;294;"2026-09-19";"Present";"10:20:00";"";0.0
3879;294;"2026-09-20";"Present";"09:33:00";"16:24:00";6.85
3880;294;"2026-09-21";"Present";"09:29:00";"16:21:00";7.75
3881;337;"2026-09-02";"Present";"10:25:00";"";9.52
3882;337;"2026-09-03";"Work From Home";"10:45:00";"19:27:00";8.7
3883;337;"2026-09-04";"Work From Home";"10:19:00";"";0.0
3884;337;"2026-09-05";"Present";"09:25:00";"17:04:00";10.95
3885;337;"2026-09-06";"Present";"08:52:00";"16:26:00";7.57
3886;337;"2026-09-07";"Present";"08:34:00";"19:31:00";10.95
3887;337;"2026-09-08";"Present";"10:45:00";"18:22:00";10.83
3888;337;"2026-09-09";"Present";"09:11:00";"19:45:00";5.75
3889;337;"2026-09-10";"Present";"08:28:00";"19:15:00";10.78
3890;337;"2026-09-11";"Present";"10:12:00";"19:09:00";8.78
3891;337;"2026-09-12";"Present";"08:52:00";"17:40:00";6.48
3892;337;"2026-09-13";"Present";"";"16:59:00";8.12
3893;337;"2026-09-14";"Present";"08:57:00";"16:41:00";7.73
3894;337;"2026-09-15";"Present";"10:08:00";"19:12:00";10.6
3895;337;"2026-09-16";"Present";"08:26:00";"";8.53
3896;337;"2026-09-17";"Present";"09:37:00";"16:34:00";8.55
3897;337;"2026-09-18";"Present";"09:20:00";"16:58:00";8.57
3898;337;"2026-09-19";"Present";"09:22:00";"";9.8
3899;337;"2026-09-20";"Present";"08:59:00";"17:13:00";8.23
3900;337;"2026-09-21";"Present";"10:58:00";"17:04:00";10.23
3901;381;"2026-09-02";"Present";"09:59:00";"";8.27
3902;381;"2026-09-03";"Absent";"";"17:54:00";9.53
3903;381;"2026-09-04";"Present";"08:41:00";"";7.35
3904;381;"2026-09-05";"Absent";"08:56:00";"19:24:00";8.48
3905;381;"2026-09-06";"Present";"08:09:00";"";11.67
3906;381;"2026-09-07";"Present";"08:54:00";"19:28:00";10.57
3907;381;"2026-09-08";"Present";"";"";8.22
3908;381;"2026-09-09";"Present";"10:15:00";"";8.23
3909;381;"2026-09-10";"Present";"10:31:00";"";8.38
3910;381;"2026-09-11";"Absent";"09:02:00";"17:18:00";9.82
3911;381;"2026-09-12";"Absent";"08:16:00";"19:57:00";10.83
3912;381;"2026-09-13";"Present";"09:21:00";"";10.25
3913;381;"2026-09-14";"Present";"09:48:00";"16:05:00";6.28
3914;381;"2026-09-15";"Present";"";"16:24:00";0.0
3915;381;"2026-09-16";"Present";"08:24:00";"18:34:00";10.17
3916;381;"2026-09-17";"Absent";"";"";7.97
3917;381;"2026-09-18";"Absent";"";"";0.0
3918;381;"2026-09-19";"Present";"08:44:00";"";0.0
3919;381;"2026-09-20";"Present";"";"18:23:00";8.27
3920;381;"2026-09-21";"Present";"08:45:00";"16:07:00";7.0
3921;384;"2026-09-02";"Present";"09:03:00";"17:33:00";9.17
3922;384;"2026-09-03";"Present";"10:36:00";"";0.0
3923;384;"2026-09-04";"Absent";"09:24:00";"16:27:00";8.08
3924;384;"2026-09-05";"Absent";"09:03:00";"18:17:00";9.28
3925;384;"2026-09-06";"Present";"08:20:00";"";10.65
3926;384;"2026-09-07";"Present";"10:31:00";"16:18:00";5.78
3927;384;"2026-09-08";"Present";"";"19:42:00";0.0
3928;384;"2026-09-09";"Absent";"09:35:00";"18:20:00";9.68
3929;384;"2026-09-10";"Present";"10:46:00";"17:41:00";10.2
3930;384;"2026-09-11";"Absent";"10:44:00";"";0.0
3931;384;"2026-09-12";"Present";"";"";6.72
3932;384;"2026-09-13";"Present";"09:17:00";"16:25:00";7.13
3933;384;"2026-09-14";"Present";"08:31:00";"19:13:00";10.03
3934;384;"2026-09-15";"Absent";"";"17:50:00";0.0
3935;384;"2026-09-16";"Absent";"";"";8.52
3936;384;"2026-09-17";"Present";"08:48:00";"";8.43
3937;384;"2026-09-18";"Present";"";"19:13:00";10.83
3938;384;"2026-09-19";"Present";"08:09:00";"16:12:00";8.17
3939;384;"2026-09-20";"Absent";"09:38:00";"18:31:00";8.88
3940;384;"2026-09-21";"Present";"08:41:00";"17:19:00";5.33
3941;406;"2026-09-02";"Present";"09:32:00";"19:46:00";7.18
3942;406;"2026-09-03";"Present";"08:23:00";"17:12:00";8.42
3943;406;"2026-09-04";"Present";"";"19:04:00";11.1
3944;406;"2026-09-05";"Present";"08:52:00";"16:45:00";7.62
3945;406;"2026-09-06";"Work From Home";"10:12:00";"18:33:00";8.92
3946;406;"2026-09-07";"Work From Home";"08:38:00";"17:34:00";9.67
3947;406;"2026-09-08";"Present";"08:31:00";"16:58:00";10.03
3948;406;"2026-09-09";"Absent";"10:31:00";"19:57:00";8.72
3949;406;"2026-09-10";"Present";"10:12:00";"";0.0
3950;406;"2026-09-11";"Present";"10:18:00";"19:49:00";6.53
3951;406;"2026-09-12";"Present";"10:58:00";"17:01:00";5.52
3952;406;"2026-09-13";"Present";"09:58:00";"16:56:00";8.97
3953;406;"2026-09-14";"Work From Home";"";"19:12:00";9.97
3954;406;"2026-09-15";"Present";"";"17:35:00";0.0
3955;406;"2026-09-16";"Present";"08:14:00";"";0.0
3956;406;"2026-09-17";"Absent";"09:16:00";"17:46:00";8.5
3957;406;"2026-09-18";"Absent";"09:29:00";"16:49:00";8.95
3958;406;"2026-09-19";"Present";"09:00:00";"16:27:00";6.4
3959;406;"2026-09-20";"Present";"";"18:56:00";7.73
3960;406;"2026-09-21";"Present";"10:28:00";"";7.83
3961;410;"2026-09-02";"Present";"10:29:00";"18:41:00";7.13
3962;410;"2026-09-03";"Present";"";"17:44:00";0.0
3963;410;"2026-09-04";"Work From Home";"08:31:00";"";8.78
3964;410;"2026-09-05";"Present";"09:47:00";"";7.7
3965;410;"2026-09-06";"Present";"08:50:00";"18:43:00";9.88
3966;410;"2026-09-07";"Present";"";"";7.7
3967;410;"2026-09-08";"Present";"10:52:00";"";8.55
3968;410;"2026-09-09";"Absent";"08:55:00";"17:57:00";6.43
3969;410;"2026-09-10";"Present";"09:48:00";"19:35:00";11.47
3970;410;"2026-09-11";"Absent";"";"";7.85
3971;410;"2026-09-12";"Present";"";"18:40:00";0.0
3972;410;"2026-09-13";"Present";"10:04:00";"17:00:00";6.93
3973;410;"2026-09-14";"Absent";"08:09:00";"16:57:00";6.15
3974;410;"2026-09-15";"Absent";"09:52:00";"19:30:00";7.38
3975;410;"2026-09-16";"Present";"";"18:40:00";10.07
3976;410;"2026-09-17";"Present";"10:20:00";"19:13:00";7.02
3977;410;"2026-09-18";"Absent";"08:18:00";"";10.53
3978;410;"2026-09-19";"Present";"08:16:00";"16:17:00";8.02
3979;410;"2026-09-20";"Present";"10:32:00";"";9.33
3980;410;"2026-09-21";"Absent";"";"19:56:00";0.0
3981;445;"2026-09-02";"Present";"08:01:00";"18:13:00";7.78
3982;445;"2026-09-03";"Present";"10:06:00";"17:38:00";8.1
3983;445;"2026-09-04";"Present";"09:27:00";"16:51:00";7.9
3984;445;"2026-09-05";"Present";"09:41:00";"18:44:00";11.92
3985;445;"2026-09-06";"Present";"09:54:00";"19:08:00";9.52
3986;445;"2026-09-07";"Present";"";"16:13:00";0.0
3987;445;"2026-09-08";"Present";"";"19:26:00";8.55
3988;445;"2026-09-09";"Absent";"09:31:00";"17:10:00";8.55
3989;445;"2026-09-10";"Present";"10:27:00";"17:33:00";7.1
3990;445;"2026-09-11";"Present";"10:46:00";"";7.07
3991;445;"2026-09-12";"Present";"";"16:04:00";0.0
3992;445;"2026-09-13";"Present";"";"16:03:00";9.12
3993;445;"2026-09-14";"Present";"10:14:00";"18:45:00";6.93
3994;445;"2026-09-15";"Present";"08:23:00";"";8.07
3995;445;"2026-09-16";"Present";"08:36:00";"16:32:00";8.72
3996;445;"2026-09-17";"Present";"09:24:00";"16:23:00";7.78
3997;445;"2026-09-18";"Absent";"";"19:16:00";8.62
3998;445;"2026-09-19";"Present";"";"16:12:00";9.48
3999;445;"2026-09-20";"Present";"";"18:44:00";8.88
4000;445;"2026-09-21";"Present";"08:07:00";"16:26:00";9.78
4001;463;"2026-09-02";"Present";"10:41:00";"16:20:00";7.12
4002;463;"2026-09-03";"Present";"08:40:00";"19:21:00";6.38
4003;463;"2026-09-04";"Work From Home";"10:42:00";"16:12:00";7.45
4004;463;"2026-09-05";"Present";"08:59:00";"";10.52
4005;463;"2026-09-06";"Absent";"09:45:00";"16:06:00";7.28
4006;463;"2026-09-07";"Present";"10:22:00";"18:38:00";7.3
4007;463;"2026-09-08";"Absent";"08:35:00";"18:20:00";8.1
4008;463;"2026-09-09";"Work From Home";"09:17:00";"";8.28
4009;463;"2026-09-10";"Present";"09:11:00";"19:13:00";10.62
4010;463;"2026-09-11";"Present";"09:56:00";"19:11:00";6.88
4011;463;"2026-09-12";"Absent";"08:48:00";"17:39:00";10.53
4012;463;"2026-09-13";"Present";"09:57:00";"16:23:00";6.43
4013;463;"2026-09-14";"Present";"08:19:00";"17:41:00";10.58
4014;463;"2026-09-15";"Absent";"10:02:00";"19:01:00";8.52
4015;463;"2026-09-16";"Absent";"08:15:00";"17:58:00";8.42
4016;463;"2026-09-17";"Absent";"";"19:03:00";6.83
4017;463;"2026-09-18";"Present";"10:07:00";"19:12:00";7.08
4018;463;"2026-09-19";"Present";"08:48:00";"";6.15
4019;463;"2026-09-20";"Present";"";"18:44:00";7.8
4020;463;"2026-09-21";"Absent";"10:48:00";"19:01:00";9.78
4021;492;"2026-09-02";"Present";"10:32:00";"17:46:00";10.57
4022;492;"2026-09-03";"Present";"";"";10.12
4023;492;"2026-09-04";"Absent";"10:49:00";"";0.0
4024;492;"2026-09-05";"Absent";"08:21:00";"";7.7
4025;492;"2026-09-06";"Present";"";"";10.07
4026;492;"2026-09-07";"Present";"10:47:00";"17:08:00";9.22
4027;492;"2026-09-08";"Present";"10:46:00";"19:46:00";9.0
4028;492;"2026-09-09";"Present";"08:41:00";"17:19:00";6.45
4029;492;"2026-09-10";"Present";"09:31:00";"19:54:00";9.38
4030;492;"2026-09-11";"Present";"09:22:00";"16:16:00";8.15
4031;492;"2026-09-12";"Absent";"09:44:00";"16:05:00";6.35
4032;492;"2026-09-13";"Present";"08:09:00";"18:14:00";11.62
4033;492;"2026-09-14";"Present";"";"";8.57
4034;492;"2026-09-15";"Present";"";"16:21:00";10.75
4035;492;"2026-09-16";"Absent";"10:11:00";"19:22:00";9.18
4036;492;"2026-09-17";"Present";"10:15:00";"17:31:00";8.48
4037;492;"2026-09-18";"Present";"08:07:00";"18:03:00";6.37
4038;492;"2026-09-19";"Present";"09:46:00";"";6.92
4039;492;"2026-09-20";"Present";"08:52:00";"";10.28
4040;492;"2026-09-21";"Present";"09:31:00";"19:19:00";9.45
4041;495;"2026-09-02";"Present";"10:47:00";"16:34:00";5.78
4042;495;"2026-09-03";"Present";"09:14:00";"17:26:00";8.2
4043;495;"2026-09-04";"Present";"";"19:22:00";6.83
4044;495;"2026-09-05";"Absent";"10:54:00";"17:10:00";6.27
4045;495;"2026-09-06";"Absent";"08:06:00";"19:38:00";8.0
4046;495;"2026-09-07";"Present";"";"18:39:00";7.12
4047;495;"2026-09-08";"Present";"10:50:00";"19:42:00";8.87
4048;495;"2026-09-09";"Present";"08:59:00";"17:13:00";7.55
4049;495;"2026-09-10";"Present";"09:12:00";"";0.0
4050;495;"2026-09-11";"Present";"";"18:10:00";0.0
4051;495;"2026-09-12";"Present";"";"17:36:00";11.5
4052;495;"2026-09-13";"Present";"";"19:01:00";6.28
4053;495;"2026-09-14";"Present";"09:40:00";"16:35:00";6.92
4054;495;"2026-09-15";"Present";"10:07:00";"19:18:00";9.18
4055;495;"2026-09-16";"Present";"08:40:00";"17:28:00";8.8
4056;495;"2026-09-17";"Present";"";"";6.98
4057;495;"2026-09-18";"Present";"09:43:00";"18:52:00";9.57
4058;495;"2026-09-19";"Absent";"10:24:00";"17:11:00";9.63
4059;495;"2026-09-20";"Present";"08:39:00";"19:56:00";8.02
4060;495;"2026-09-21";"Present";"";"";11.02
4061;522;"2026-09-02";"Present";"09:29:00";"17:53:00";7.17
4062;522;"2026-09-03";"Work From Home";"09:28:00";"16:25:00";6.95
4063;522;"2026-09-04";"Present";"";"16:16:00";8.82
4064;522;"2026-09-05";"Present";"10:18:00";"";7.95
4065;522;"2026-09-06";"Present";"09:59:00";"";6.93
4066;522;"2026-09-07";"Present";"";"17:28:00";0.0
4067;522;"2026-09-08";"Present";"";"18:03:00";8.57
4068;522;"2026-09-09";"Present";"08:18:00";"19:41:00";11.38
4069;522;"2026-09-10";"Present";"08:15:00";"17:43:00";6.02
4070;522;"2026-09-11";"Present";"09:25:00";"18:46:00";9.13
4071;522;"2026-09-12";"Present";"10:48:00";"18:56:00";6.92
4072;522;"2026-09-13";"Absent";"08:09:00";"19:29:00";11.33
4073;522;"2026-09-14";"Work From Home";"";"18:30:00";0.0
4074;522;"2026-09-15";"Present";"09:05:00";"";0.0
4075;522;"2026-09-16";"Absent";"";"17:19:00";8.6
4076;522;"2026-09-17";"Absent";"08:30:00";"19:08:00";11.3
4077;522;"2026-09-18";"Present";"";"";8.58
4078;522;"2026-09-19";"Absent";"08:12:00";"16:41:00";7.65
4079;522;"2026-09-20";"Present";"09:58:00";"18:23:00";9.03
4080;522;"2026-09-21";"Present";"08:08:00";"19:17:00";7.32
4081;1036;"2026-09-02";"Present";"09:53:00";"";0.0
4082;1036;"2026-09-03";"Present";"08:47:00";"19:44:00";10.95
4083;1036;"2026-09-04";"Present";"09:06:00";"17:36:00";7.7
4084;1036;"2026-09-05";"Present";"08:27:00";"18:54:00";6.28
4085;1036;"2026-09-06";"Present";"10:51:00";"";11.08
4086;1036;"2026-09-07";"Present";"08:40:00";"";8.25
4087;1036;"2026-09-08";"Present";"08:13:00";"19:25:00";6.97
4088;1036;"2026-09-09";"Present";"";"19:08:00";0.0
4089;1036;"2026-09-10";"Present";"09:16:00";"18:35:00";5.68
4090;1036;"2026-09-11";"Present";"10:40:00";"18:46:00";8.1
4091;1036;"2026-09-12";"Present";"10:43:00";"19:51:00";9.13
4092;1036;"2026-09-13";"Present";"10:30:00";"17:28:00";6.97
4093;1036;"2026-09-14";"Present";"10:36:00";"17:06:00";6.88
4094;1036;"2026-09-15";"Present";"10:14:00";"19:49:00";8.92
4095;1036;"2026-09-16";"Present";"08:39:00";"";7.82
4096;1036;"2026-09-17";"Present";"10:47:00";"19:44:00";6.92
4097;1036;"2026-09-18";"Work From Home";"09:24:00";"17:07:00";9.62
4098;1036;"2026-09-19";"Absent";"09:29:00";"17:18:00";6.15
4099;1036;"2026-09-20";"Absent";"08:48:00";"";6.57
4100;1036;"2026-09-21";"Present";"08:33:00";"16:48:00";8.45
4101;7;"2026-09-02";"Present";"10:55:00";"16:06:00";5.18
4102;7;"2026-09-03";"Present";"08:56:00";"";9.45
4103;7;"2026-09-04";"Work From Home";"";"";8.15
4104;7;"2026-09-05";"Present";"";"19:53:00";0.0
4105;7;"2026-09-06";"Present";"10:59:00";"16:14:00";5.25
4106;7;"2026-09-07";"Present";"10:32:00";"16:30:00";6.43
4107;7;"2026-09-08";"Present";"09:29:00";"17:06:00";6.53
4108;7;"2026-09-09";"Present";"";"16:44:00";8.27
4109;7;"2026-09-10";"Present";"09:51:00";"16:21:00";10.45
4110;7;"2026-09-11";"Present";"10:00:00";"19:12:00";9.08
4111;7;"2026-09-12";"Present";"08:56:00";"18:48:00";10.33
4112;7;"2026-09-13";"Present";"10:31:00";"18:00:00";7.33
4113;7;"2026-09-14";"Absent";"09:34:00";"18:57:00";9.2
4114;7;"2026-09-15";"Present";"10:12:00";"18:36:00";8.67
4115;7;"2026-09-16";"Present";"08:33:00";"17:55:00";9.73
4116;7;"2026-09-17";"Absent";"08:10:00";"19:57:00";10.55
4117;7;"2026-09-18";"Absent";"09:32:00";"";0.0
4118;7;"2026-09-19";"Present";"09:58:00";"";6.37
4119;7;"2026-09-20";"Absent";"10:05:00";"16:15:00";10.8
4120;7;"2026-09-21";"On Leave";"10:39:00";"18:35:00";8.88
4121;28;"2026-09-02";"Present";"10:12:00";"17:07:00";5.62
4122;28;"2026-09-03";"Present";"09:11:00";"17:04:00";8.83
4123;28;"2026-09-04";"Present";"10:48:00";"17:53:00";6.25
4124;28;"2026-09-05";"Present";"";"16:49:00";8.35
4125;28;"2026-09-06";"Present";"";"16:36:00";9.45
4126;28;"2026-09-07";"Present";"";"16:30:00";8.15
4127;28;"2026-09-08";"Present";"10:26:00";"19:49:00";7.45
4128;28;"2026-09-09";"Absent";"08:37:00";"";8.28
4129;28;"2026-09-10";"Present";"08:45:00";"16:45:00";10.33
4130;28;"2026-09-11";"Present";"10:36:00";"";11.43
4131;28;"2026-09-12";"Present";"08:37:00";"18:22:00";9.75
4132;28;"2026-09-13";"Present";"";"";8.33
4133;28;"2026-09-14";"Present";"10:39:00";"16:10:00";11.15
4134;28;"2026-09-15";"Present";"10:11:00";"18:04:00";6.83
4135;28;"2026-09-16";"Present";"09:41:00";"19:02:00";9.35
4136;28;"2026-09-17";"Present";"";"16:46:00";7.0
4137;28;"2026-09-18";"Absent";"";"";8.28
4138;28;"2026-09-19";"Present";"10:53:00";"18:35:00";7.7
4139;28;"2026-09-20";"Present";"08:40:00";"";9.92
4140;28;"2026-09-21";"Absent";"08:06:00";"16:43:00";9.45
4141;33;"2026-09-02";"Present";"09:27:00";"19:40:00";10.22
4142;33;"2026-09-03";"Present";"08:17:00";"";8.15
4143;33;"2026-09-04";"Present";"09:54:00";"";9.07
4144;33;"2026-09-05";"Absent";"";"18:33:00";8.22
4145;33;"2026-09-06";"Present";"";"19:23:00";8.88
4146;33;"2026-09-07";"Present";"";"17:12:00";7.15
4147;33;"2026-09-08";"Present";"08:15:00";"16:43:00";8.55
4148;33;"2026-09-09";"Absent";"08:28:00";"19:59:00";8.95
4149;33;"2026-09-10";"Present";"08:30:00";"19:18:00";6.88
4150;33;"2026-09-11";"Present";"10:29:00";"";8.73
4151;33;"2026-09-12";"Present";"08:57:00";"16:10:00";7.68
4152;33;"2026-09-13";"Present";"08:26:00";"18:29:00";5.18
4153;33;"2026-09-14";"Absent";"10:22:00";"19:33:00";6.78
4154;33;"2026-09-15";"Absent";"10:52:00";"16:52:00";11.62
4155;33;"2026-09-16";"Absent";"10:09:00";"17:10:00";8.97
4156;33;"2026-09-17";"Present";"10:41:00";"18:58:00";6.4
4157;33;"2026-09-18";"Present";"09:26:00";"16:40:00";8.38
4158;33;"2026-09-19";"Absent";"10:06:00";"17:43:00";7.62
4159;33;"2026-09-20";"Present";"08:20:00";"16:05:00";9.87
4160;33;"2026-09-21";"Present";"09:52:00";"";9.75
4161;38;"2026-09-02";"Present";"";"";7.18
4162;38;"2026-09-03";"Absent";"08:16:00";"";0.0
4163;38;"2026-09-04";"Present";"";"18:56:00";7.3
4164;38;"2026-09-05";"Absent";"10:42:00";"19:39:00";8.95
4165;38;"2026-09-06";"Present";"10:31:00";"";8.67
4166;38;"2026-09-07";"Present";"09:21:00";"16:19:00";7.1
4167;38;"2026-09-08";"Absent";"";"19:24:00";8.02
4168;38;"2026-09-09";"Present";"08:48:00";"";0.0
4169;38;"2026-09-10";"Present";"09:05:00";"19:04:00";9.98
4170;38;"2026-09-11";"Present";"08:44:00";"18:36:00";10.33
4171;38;"2026-09-12";"Present";"08:39:00";"18:49:00";10.07
4172;38;"2026-09-13";"Absent";"08:10:00";"19:41:00";6.53
4173;38;"2026-09-14";"Present";"10:12:00";"19:28:00";7.9
4174;38;"2026-09-15";"Absent";"09:02:00";"";0.0
4175;38;"2026-09-16";"Present";"";"";0.0
4176;38;"2026-09-17";"Present";"";"16:33:00";9.82
4177;38;"2026-09-18";"Present";"09:12:00";"19:32:00";7.37
4178;38;"2026-09-19";"Present";"09:02:00";"19:51:00";10.82
4179;38;"2026-09-20";"Present";"09:02:00";"16:09:00";9.1
4180;38;"2026-09-21";"Present";"09:45:00";"16:15:00";9.88
4181;58;"2026-09-02";"Present";"10:35:00";"19:17:00";9.77
4182;58;"2026-09-03";"Work From Home";"10:33:00";"18:51:00";10.02
4183;58;"2026-09-04";"Absent";"08:30:00";"17:13:00";11.22
4184;58;"2026-09-05";"Absent";"09:59:00";"18:02:00";7.32
4185;58;"2026-09-06";"Present";"10:49:00";"17:58:00";9.85
4186;58;"2026-09-07";"Present";"09:10:00";"19:51:00";9.73
4187;58;"2026-09-08";"Present";"08:40:00";"16:40:00";9.23
4188;58;"2026-09-09";"Present";"";"17:54:00";0.0
4189;58;"2026-09-10";"Present";"10:17:00";"";9.37
4190;58;"2026-09-11";"Absent";"08:56:00";"18:29:00";9.55
4191;58;"2026-09-12";"Absent";"08:30:00";"16:18:00";7.43
4192;58;"2026-09-13";"Absent";"10:50:00";"19:06:00";8.65
4193;58;"2026-09-14";"Absent";"09:34:00";"16:45:00";8.35
4194;58;"2026-09-15";"Present";"09:47:00";"17:35:00";7.17
4195;58;"2026-09-16";"Present";"";"19:40:00";7.62
4196;58;"2026-09-17";"Present";"09:07:00";"17:58:00";8.85
4197;58;"2026-09-18";"Present";"10:44:00";"19:02:00";5.97
4198;58;"2026-09-19";"Present";"08:05:00";"17:58:00";5.73
4199;58;"2026-09-20";"Present";"";"";0.0
4200;58;"2026-09-21";"Present";"10:07:00";"17:15:00";7.13
4201;69;"2026-09-02";"Present";"08:50:00";"16:51:00";6.9
4202;69;"2026-09-03";"Work From Home";"08:46:00";"19:38:00";10.87
4203;69;"2026-09-04";"Absent";"10:50:00";"";6.87
4204;69;"2026-09-05";"Present";"08:17:00";"";0.0
4205;69;"2026-09-06";"Present";"10:53:00";"19:02:00";7.3
4206;69;"2026-09-07";"Present";"08:55:00";"16:50:00";7.57
4207;69;"2026-09-08";"Present";"10:47:00";"";0.0
4208;69;"2026-09-09";"Present";"08:13:00";"19:51:00";10.53
4209;69;"2026-09-10";"Present";"10:47:00";"";8.75
4210;69;"2026-09-11";"Present";"";"18:47:00";0.0
4211;69;"2026-09-12";"Absent";"09:05:00";"17:29:00";6.17
4212;69;"2026-09-13";"Present";"08:28:00";"";6.57
4213;69;"2026-09-14";"Present";"10:03:00";"19:33:00";10.07
4214;69;"2026-09-15";"Present";"09:56:00";"16:54:00";8.43
4215;69;"2026-09-16";"Present";"08:24:00";"18:00:00";7.63
4216;69;"2026-09-17";"Absent";"";"17:54:00";6.93
4217;69;"2026-09-18";"Absent";"08:31:00";"16:05:00";7.57
4218;69;"2026-09-19";"Absent";"08:32:00";"16:50:00";8.3
4219;69;"2026-09-20";"Present";"";"";8.08
4220;69;"2026-09-21";"Present";"09:10:00";"";10.17
4221;76;"2026-09-02";"Present";"08:00:00";"19:09:00";8.75
4222;76;"2026-09-03";"Present";"10:43:00";"";7.97
4223;76;"2026-09-04";"Present";"08:40:00";"19:54:00";10.0
4224;76;"2026-09-05";"Present";"";"";8.47
4225;76;"2026-09-06";"Absent";"08:56:00";"16:25:00";7.48
4226;76;"2026-09-07";"Present";"10:10:00";"18:27:00";8.22
4227;76;"2026-09-08";"Present";"08:53:00";"";9.05
4228;76;"2026-09-09";"Absent";"08:45:00";"19:37:00";10.87
4229;76;"2026-09-10";"Present";"";"18:14:00";8.47
4230;76;"2026-09-11";"Present";"";"19:32:00";0.0
4231;76;"2026-09-12";"Present";"10:05:00";"16:26:00";9.28
4232;76;"2026-09-13";"Present";"";"16:26:00";9.6
4233;76;"2026-09-14";"Present";"";"17:41:00";0.0
4234;76;"2026-09-15";"Present";"09:03:00";"";0.0
4235;76;"2026-09-16";"Absent";"";"17:15:00";8.32
4236;76;"2026-09-17";"Absent";"";"17:16:00";10.6
4237;76;"2026-09-18";"Present";"09:42:00";"";7.82
4238;76;"2026-09-19";"Present";"08:41:00";"18:31:00";7.77
4239;76;"2026-09-20";"Present";"08:06:00";"19:20:00";8.52
4240;76;"2026-09-21";"Present";"";"19:13:00";8.85
4241;134;"2026-09-02";"Present";"08:56:00";"19:51:00";10.92
4242;134;"2026-09-03";"Absent";"";"17:27:00";0.0
4243;134;"2026-09-04";"Work From Home";"09:54:00";"";8.73
4244;134;"2026-09-05";"Present";"";"18:48:00";8.48
4245;134;"2026-09-06";"Absent";"08:07:00";"";10.97
4246;134;"2026-09-07";"Present";"09:18:00";"19:05:00";9.78
4247;134;"2026-09-08";"Present";"";"18:33:00";6.6
4248;134;"2026-09-09";"Present";"09:41:00";"18:16:00";7.92
4249;134;"2026-09-10";"Present";"09:57:00";"";8.67
4250;134;"2026-09-11";"Absent";"09:23:00";"";9.95
4251;134;"2026-09-12";"Absent";"09:11:00";"16:06:00";10.18
4252;134;"2026-09-13";"Absent";"10:54:00";"18:14:00";7.23
4253;134;"2026-09-14";"Present";"10:25:00";"17:12:00";6.78
4254;134;"2026-09-15";"Work From Home";"";"16:40:00";5.77
4255;134;"2026-09-16";"Absent";"08:43:00";"19:14:00";10.52
4256;134;"2026-09-17";"Work From Home";"10:33:00";"19:32:00";8.98
4257;134;"2026-09-18";"Present";"";"17:59:00";0.0
4258;134;"2026-09-19";"Present";"09:04:00";"17:20:00";5.95
4259;134;"2026-09-20";"Present";"08:50:00";"19:29:00";10.1
4260;134;"2026-09-21";"Work From Home";"10:59:00";"";7.68
4261;138;"2026-09-02";"Absent";"08:57:00";"16:17:00";6.22
4262;138;"2026-09-03";"Present";"08:10:00";"";0.0
4263;138;"2026-09-04";"Absent";"10:11:00";"19:42:00";9.07
4264;138;"2026-09-05";"Present";"10:23:00";"";9.18
4265;138;"2026-09-06";"Present";"08:49:00";"";6.3
4266;138;"2026-09-07";"Absent";"";"";10.08
4267;138;"2026-09-08";"Absent";"09:44:00";"18:26:00";6.05
4268;138;"2026-09-09";"Present";"10:55:00";"16:20:00";7.25
4269;138;"2026-09-10";"Present";"08:18:00";"18:29:00";7.25
4270;138;"2026-09-11";"Present";"";"";8.27
4271;138;"2026-09-12";"Present";"10:22:00";"19:10:00";7.33
4272;138;"2026-09-13";"Absent";"";"16:16:00";9.62
4273;138;"2026-09-14";"Present";"08:41:00";"16:57:00";10.7
4274;138;"2026-09-15";"Present";"09:12:00";"16:32:00";8.23
4275;138;"2026-09-16";"Present";"10:35:00";"19:10:00";7.55
4276;138;"2026-09-17";"Present";"09:01:00";"18:08:00";9.12
4277;138;"2026-09-18";"Present";"08:25:00";"";7.75
4278;138;"2026-09-19";"Present";"08:44:00";"17:12:00";10.88
4279;138;"2026-09-20";"Present";"08:07:00";"";0.0
4280;138;"2026-09-21";"Present";"08:38:00";"19:44:00";11.1
4281;156;"2026-09-02";"Present";"10:06:00";"16:34:00";6.47
4282;156;"2026-09-03";"Present";"";"16:08:00";8.12
4283;156;"2026-09-04";"Absent";"08:05:00";"16:42:00";8.62
4284;156;"2026-09-05";"Present";"";"16:40:00";11.02
4285;156;"2026-09-06";"Present";"09:56:00";"17:26:00";8.78
4286;156;"2026-09-07";"Absent";"09:20:00";"";8.77
4287;156;"2026-09-08";"Present";"09:38:00";"";10.15
4288;156;"2026-09-09";"Absent";"10:27:00";"16:51:00";11.08
4289;156;"2026-09-10";"Absent";"08:41:00";"16:10:00";7.48
4290;156;"2026-09-11";"Present";"10:14:00";"16:17:00";6.05
4291;156;"2026-09-12";"Absent";"08:03:00";"19:56:00";8.6
4292;156;"2026-09-13";"Absent";"10:29:00";"16:23:00";7.52
4293;156;"2026-09-14";"Absent";"09:08:00";"17:45:00";8.62
4294;156;"2026-09-15";"Present";"09:45:00";"18:03:00";7.43
4295;156;"2026-09-16";"Present";"10:28:00";"19:38:00";8.33
4296;156;"2026-09-17";"Present";"10:02:00";"19:48:00";9.6
4297;156;"2026-09-18";"Present";"09:52:00";"19:38:00";6.75
4298;156;"2026-09-19";"Present";"";"";0.0
4299;156;"2026-09-20";"Present";"10:14:00";"17:26:00";8.13
4300;156;"2026-09-21";"Absent";"08:36:00";"";0.0
4301;158;"2026-09-02";"Absent";"";"";9.9
4302;158;"2026-09-03";"Present";"08:49:00";"16:34:00";7.75
4303;158;"2026-09-04";"Present";"10:56:00";"";0.0
4304;158;"2026-09-05";"Present";"08:40:00";"";7.07
4305;158;"2026-09-06";"Present";"09:13:00";"";9.43
4306;158;"2026-09-07";"Present";"08:37:00";"";0.0
4307;158;"2026-09-08";"Present";"08:18:00";"";0.0
4308;158;"2026-09-09";"Present";"09:44:00";"16:44:00";9.42
4309;158;"2026-09-10";"Present";"";"19:19:00";0.0
4310;158;"2026-09-11";"Present";"10:54:00";"";0.0
4311;158;"2026-09-12";"Present";"10:37:00";"16:30:00";5.88
4312;158;"2026-09-13";"Absent";"09:59:00";"19:52:00";9.5
4313;158;"2026-09-14";"Absent";"10:18:00";"17:13:00";6.92
4314;158;"2026-09-15";"Present";"10:58:00";"19:09:00";9.77
4315;158;"2026-09-16";"Present";"09:58:00";"17:08:00";7.17
4316;158;"2026-09-17";"Present";"08:40:00";"16:42:00";9.3
4317;158;"2026-09-18";"Present";"08:36:00";"19:02:00";7.47
4318;158;"2026-09-19";"Absent";"09:30:00";"";7.02
4319;158;"2026-09-20";"Work From Home";"";"16:45:00";0.0
4320;158;"2026-09-21";"Present";"10:33:00";"18:36:00";5.88
4321;172;"2026-09-02";"Absent";"10:09:00";"";8.87
4322;172;"2026-09-03";"Work From Home";"08:32:00";"";10.02
4323;172;"2026-09-04";"Present";"";"16:54:00";10.72
4324;172;"2026-09-05";"Present";"10:14:00";"18:42:00";9.5
4325;172;"2026-09-06";"Present";"09:00:00";"16:35:00";9.65
4326;172;"2026-09-07";"Present";"08:53:00";"19:50:00";7.78
4327;172;"2026-09-08";"Absent";"09:30:00";"";0.0
4328;172;"2026-09-09";"Absent";"";"19:24:00";7.53
4329;172;"2026-09-10";"Absent";"";"17:40:00";8.65
4330;172;"2026-09-11";"Absent";"09:44:00";"";0.0
4331;172;"2026-09-12";"Present";"09:16:00";"19:12:00";10.32
4332;172;"2026-09-13";"Present";"";"16:59:00";7.37
4333;172;"2026-09-14";"Absent";"10:55:00";"";7.92
4334;172;"2026-09-15";"Absent";"08:10:00";"16:13:00";8.05
4335;172;"2026-09-16";"Present";"10:30:00";"17:08:00";9.5
4336;172;"2026-09-17";"Absent";"09:14:00";"17:52:00";6.48
4337;172;"2026-09-18";"Present";"";"";10.2
4338;172;"2026-09-19";"Present";"";"19:18:00";0.0
4339;172;"2026-09-20";"Absent";"08:46:00";"16:09:00";11.05
4340;172;"2026-09-21";"Absent";"08:21:00";"19:24:00";9.68
4341;184;"2026-09-02";"Absent";"09:22:00";"18:28:00";8.68
4342;184;"2026-09-03";"Present";"09:02:00";"17:02:00";5.78
4343;184;"2026-09-04";"Present";"08:27:00";"18:25:00";7.63
4344;184;"2026-09-05";"Present";"10:39:00";"18:33:00";7.9
4345;184;"2026-09-06";"Present";"08:29:00";"19:14:00";10.75
4346;184;"2026-09-07";"Absent";"09:38:00";"";0.0
4347;184;"2026-09-08";"Absent";"08:45:00";"";8.48
4348;184;"2026-09-09";"Absent";"08:57:00";"18:01:00";9.88
4349;184;"2026-09-10";"Present";"";"16:55:00";8.47
4350;184;"2026-09-11";"Present";"";"18:40:00";11.28
4351;184;"2026-09-12";"Present";"";"18:14:00";8.48
4352;184;"2026-09-13";"Present";"10:58:00";"17:07:00";9.9
4353;184;"2026-09-14";"Present";"10:33:00";"19:36:00";7.18
4354;184;"2026-09-15";"Absent";"10:58:00";"16:01:00";5.05
4355;184;"2026-09-16";"Absent";"09:43:00";"17:21:00";5.63
4356;184;"2026-09-17";"Present";"10:31:00";"";8.37
4357;184;"2026-09-18";"Present";"08:56:00";"";7.3
4358;184;"2026-09-19";"Absent";"";"";0.0
4359;184;"2026-09-20";"Present";"08:54:00";"17:55:00";6.68
4360;184;"2026-09-21";"Present";"08:23:00";"19:04:00";8.37
4361;196;"2026-09-02";"Present";"08:59:00";"18:41:00";8.58
4362;196;"2026-09-03";"Present";"09:01:00";"";6.35
4363;196;"2026-09-04";"Absent";"10:14:00";"";8.43
4364;196;"2026-09-05";"Present";"10:51:00";"18:40:00";10.07
4365;196;"2026-09-06";"Absent";"08:25:00";"18:36:00";10.18
4366;196;"2026-09-07";"Present";"";"";9.52
4367;196;"2026-09-08";"Present";"09:23:00";"16:31:00";7.13
4368;196;"2026-09-09";"Present";"08:11:00";"18:25:00";6.82
4369;196;"2026-09-10";"Absent";"";"";6.63
4370;196;"2026-09-11";"Present";"08:37:00";"18:06:00";9.18
4371;196;"2026-09-12";"Present";"";"";0.0
4372;196;"2026-09-13";"Present";"10:19:00";"16:31:00";11.43
4373;196;"2026-09-14";"Present";"10:43:00";"";7.72
4374;196;"2026-09-15";"Present";"08:44:00";"17:54:00";9.45
4375;196;"2026-09-16";"Present";"09:39:00";"";11.47
4376;196;"2026-09-17";"Present";"08:50:00";"19:46:00";10.33
4377;196;"2026-09-18";"Present";"08:41:00";"";0.0
4378;196;"2026-09-19";"Present";"09:56:00";"17:08:00";7.2
4379;196;"2026-09-20";"Present";"08:27:00";"17:35:00";8.48
4380;196;"2026-09-21";"Present";"";"16:15:00";8.1
4381;204;"2026-09-02";"Present";"08:03:00";"19:35:00";8.57
4382;204;"2026-09-03";"Present";"09:11:00";"17:22:00";8.18
4383;204;"2026-09-04";"Present";"10:53:00";"19:14:00";11.15
4384;204;"2026-09-05";"Absent";"10:13:00";"19:34:00";9.4
4385;204;"2026-09-06";"Absent";"09:21:00";"";0.0
4386;204;"2026-09-07";"Absent";"10:28:00";"";7.48
4387;204;"2026-09-08";"Present";"09:56:00";"19:12:00";9.27
4388;204;"2026-09-09";"Present";"";"";10.05
4389;204;"2026-09-10";"Work From Home";"08:11:00";"18:37:00";9.72
4390;204;"2026-09-11";"Present";"10:46:00";"17:01:00";6.25
4391;204;"2026-09-12";"Absent";"09:28:00";"";8.82
4392;204;"2026-09-13";"Work From Home";"08:59:00";"19:01:00";10.03
4393;204;"2026-09-14";"Present";"08:27:00";"";0.0
4394;204;"2026-09-15";"Present";"";"17:34:00";0.0
4395;204;"2026-09-16";"Absent";"09:45:00";"";0.0
4396;204;"2026-09-17";"Present";"08:58:00";"";8.3
4397;204;"2026-09-18";"Present";"";"";6.68
4398;204;"2026-09-19";"Present";"10:14:00";"18:49:00";6.83
4399;204;"2026-09-20";"Present";"";"18:36:00";0.0
4400;204;"2026-09-21";"Present";"";"19:44:00";9.63
4401;215;"2026-09-02";"Present";"";"19:22:00";7.67
4402;215;"2026-09-03";"Absent";"08:52:00";"17:36:00";5.2
4403;215;"2026-09-04";"Present";"";"";9.68
4404;215;"2026-09-05";"Present";"09:15:00";"16:08:00";5.53
4405;215;"2026-09-06";"Work From Home";"08:43:00";"16:18:00";7.58
4406;215;"2026-09-07";"Present";"08:19:00";"19:30:00";11.18
4407;215;"2026-09-08";"Present";"";"19:06:00";0.0
4408;215;"2026-09-09";"Present";"";"19:51:00";0.0
4409;215;"2026-09-10";"Present";"";"19:22:00";8.82
4410;215;"2026-09-11";"Present";"09:20:00";"16:52:00";10.12
4411;215;"2026-09-12";"Present";"";"17:05:00";6.58
4412;215;"2026-09-13";"Absent";"08:12:00";"";0.0
4413;215;"2026-09-14";"Present";"08:52:00";"";10.72
4414;215;"2026-09-15";"Present";"";"17:39:00";10.53
4415;215;"2026-09-16";"Present";"08:10:00";"";10.77
4416;215;"2026-09-17";"Absent";"";"";0.0
4417;215;"2026-09-18";"Work From Home";"09:10:00";"17:23:00";8.35
4418;215;"2026-09-19";"Present";"";"17:15:00";0.0
4419;215;"2026-09-20";"Present";"";"";11.13
4420;215;"2026-09-21";"Present";"10:12:00";"18:31:00";8.32
4421;217;"2026-09-02";"Present";"08:35:00";"";9.73
4422;217;"2026-09-03";"Present";"08:28:00";"";9.07
4423;217;"2026-09-04";"Present";"";"16:16:00";0.0
4424;217;"2026-09-05";"Present";"10:01:00";"16:55:00";6.9
4425;217;"2026-09-06";"Present";"";"16:47:00";0.0
4426;217;"2026-09-07";"Present";"10:53:00";"";7.17
4427;217;"2026-09-08";"Present";"08:46:00";"17:54:00";10.55
4428;217;"2026-09-09";"Present";"08:35:00";"17:16:00";7.82
4429;217;"2026-09-10";"Present";"08:19:00";"18:27:00";10.13
4430;217;"2026-09-11";"Present";"09:41:00";"18:31:00";11.38
4431;217;"2026-09-12";"Present";"08:12:00";"18:49:00";9.68
4432;217;"2026-09-13";"Present";"08:00:00";"";5.95
4433;217;"2026-09-14";"Present";"08:57:00";"16:46:00";10.27
4434;217;"2026-09-15";"Present";"08:45:00";"16:29:00";11.45
4435;217;"2026-09-16";"Absent";"08:15:00";"17:43:00";7.62
4436;217;"2026-09-17";"Present";"10:07:00";"";7.3
4437;217;"2026-09-18";"Work From Home";"08:39:00";"16:54:00";8.6
4438;217;"2026-09-19";"Present";"";"17:01:00";0.0
4439;217;"2026-09-20";"Absent";"08:48:00";"19:10:00";6.9
4440;217;"2026-09-21";"Absent";"";"";6.45
4441;234;"2026-09-02";"Work From Home";"";"";10.25
4442;234;"2026-09-03";"Work From Home";"08:39:00";"18:43:00";6.53
4443;234;"2026-09-04";"Present";"08:18:00";"";0.0
4444;234;"2026-09-05";"Present";"08:21:00";"";11.08
4445;234;"2026-09-06";"Present";"08:33:00";"17:15:00";10.17
4446;234;"2026-09-07";"Absent";"";"";6.82
4447;234;"2026-09-08";"Present";"09:54:00";"17:39:00";8.18
4448;234;"2026-09-09";"Absent";"09:33:00";"";7.18
4449;234;"2026-09-10";"Present";"08:54:00";"16:25:00";7.52
4450;234;"2026-09-11";"Absent";"09:01:00";"16:28:00";9.88
4451;234;"2026-09-12";"Present";"10:30:00";"19:09:00";11.42
4452;234;"2026-09-13";"Present";"09:28:00";"18:20:00";8.87
4453;234;"2026-09-14";"Present";"10:43:00";"16:07:00";8.87
4454;234;"2026-09-15";"Work From Home";"";"16:48:00";0.0
4455;234;"2026-09-16";"Present";"08:48:00";"18:42:00";8.98
4456;234;"2026-09-17";"Present";"08:49:00";"";6.65
4457;234;"2026-09-18";"Present";"08:31:00";"18:03:00";8.28
4458;234;"2026-09-19";"Present";"";"18:30:00";10.63
4459;234;"2026-09-20";"Absent";"10:05:00";"";8.02
4460;234;"2026-09-21";"Absent";"10:31:00";"16:40:00";6.15
4461;264;"2026-09-02";"Present";"";"17:06:00";8.77
4462;264;"2026-09-03";"Present";"";"19:53:00";7.95
4463;264;"2026-09-04";"Present";"08:22:00";"";0.0
4464;264;"2026-09-05";"Present";"09:46:00";"17:21:00";7.58
4465;264;"2026-09-06";"Present";"10:28:00";"17:40:00";6.73
4466;264;"2026-09-07";"Present";"09:33:00";"17:50:00";8.28
4467;264;"2026-09-08";"Present";"09:10:00";"18:58:00";10.0
4468;264;"2026-09-09";"Present";"10:55:00";"17:25:00";6.5
4469;264;"2026-09-10";"Present";"10:53:00";"";10.82
4470;264;"2026-09-11";"Present";"08:17:00";"16:42:00";8.68
4471;264;"2026-09-12";"Present";"09:32:00";"16:35:00";7.05
4472;264;"2026-09-13";"Present";"";"19:03:00";8.07
4473;264;"2026-09-14";"Present";"";"19:49:00";9.65
4474;264;"2026-09-15";"Present";"";"";0.0
4475;264;"2026-09-16";"Present";"";"";8.22
4476;264;"2026-09-17";"Present";"";"18:57:00";0.0
4477;264;"2026-09-18";"Present";"09:42:00";"18:02:00";9.2
4478;264;"2026-09-19";"Work From Home";"08:34:00";"18:04:00";8.9
4479;264;"2026-09-20";"Absent";"";"16:26:00";9.25
4480;264;"2026-09-21";"Present";"08:46:00";"16:58:00";8.72
4481;268;"2026-09-02";"Absent";"10:05:00";"17:40:00";7.58
4482;268;"2026-09-03";"Present";"09:19:00";"19:28:00";10.15
4483;268;"2026-09-04";"Present";"09:19:00";"18:03:00";9.33
4484;268;"2026-09-05";"Present";"09:49:00";"16:52:00";10.48
4485;268;"2026-09-06";"Present";"09:26:00";"";0.0
4486;268;"2026-09-07";"Present";"09:06:00";"";0.0
4487;268;"2026-09-08";"Absent";"08:38:00";"19:08:00";9.38
4488;268;"2026-09-09";"Present";"";"16:59:00";8.37
4489;268;"2026-09-10";"Present";"09:32:00";"18:10:00";8.63
4490;268;"2026-09-11";"Present";"08:37:00";"16:26:00";6.72
4491;268;"2026-09-12";"Present";"09:18:00";"17:51:00";9.82
4492;268;"2026-09-13";"Present";"09:51:00";"16:42:00";6.85
4493;268;"2026-09-14";"Present";"09:41:00";"";8.78
4494;268;"2026-09-15";"Absent";"10:59:00";"16:17:00";8.12
4495;268;"2026-09-16";"Absent";"";"";8.33
4496;268;"2026-09-17";"Present";"";"16:08:00";9.07
4497;268;"2026-09-18";"Present";"";"18:52:00";8.42
4498;268;"2026-09-19";"Absent";"08:04:00";"19:16:00";6.58
4499;268;"2026-09-20";"Present";"10:11:00";"";0.0
4500;268;"2026-09-21";"Present";"";"16:42:00";9.97
4501;271;"2026-09-02";"Present";"09:31:00";"";6.13
4502;271;"2026-09-03";"Absent";"08:23:00";"";7.35
4503;271;"2026-09-04";"Absent";"";"16:30:00";0.0
4504;271;"2026-09-05";"Present";"";"";9.3
4505;271;"2026-09-06";"Present";"10:50:00";"16:00:00";8.27
4506;271;"2026-09-07";"Present";"08:06:00";"16:36:00";8.5
4507;271;"2026-09-08";"Absent";"08:51:00";"18:55:00";7.17
4508;271;"2026-09-09";"Present";"";"";0.0
4509;271;"2026-09-10";"Absent";"10:38:00";"19:46:00";8.7
4510;271;"2026-09-11";"Present";"";"16:19:00";8.48
4511;271;"2026-09-12";"Present";"09:38:00";"16:52:00";7.73
4512;271;"2026-09-13";"Present";"08:14:00";"";9.27
4513;271;"2026-09-14";"Present";"08:58:00";"";10.48
4514;271;"2026-09-15";"Present";"";"19:57:00";0.0
4515;271;"2026-09-16";"Present";"";"17:45:00";0.0
4516;271;"2026-09-17";"Absent";"08:34:00";"";7.25
4517;271;"2026-09-18";"Present";"08:32:00";"16:42:00";7.95
4518;271;"2026-09-19";"Present";"09:36:00";"19:09:00";9.55
4519;271;"2026-09-20";"Absent";"08:56:00";"17:14:00";7.95
4520;271;"2026-09-21";"Absent";"";"18:08:00";5.43
4521;286;"2026-09-02";"Present";"";"18:39:00";7.47
4522;286;"2026-09-03";"Present";"";"18:12:00";7.37
4523;286;"2026-09-04";"Present";"10:50:00";"";7.67
4524;286;"2026-09-05";"Absent";"08:16:00";"17:27:00";9.18
4525;286;"2026-09-06";"Work From Home";"09:49:00";"17:32:00";10.17
4526;286;"2026-09-07";"Present";"08:11:00";"18:29:00";7.93
4527;286;"2026-09-08";"Present";"";"17:14:00";0.0
4528;286;"2026-09-09";"Present";"";"16:10:00";8.57
4529;286;"2026-09-10";"Present";"09:05:00";"19:21:00";8.88
4530;286;"2026-09-11";"Present";"08:44:00";"19:32:00";10.8
4531;286;"2026-09-12";"Present";"08:20:00";"";0.0
4532;286;"2026-09-13";"Present";"09:31:00";"17:53:00";8.33
4533;286;"2026-09-14";"Present";"09:04:00";"19:15:00";10.18
4534;286;"2026-09-15";"Present";"08:04:00";"";0.0
4535;286;"2026-09-16";"Present";"09:47:00";"";10.67
4536;286;"2026-09-17";"Present";"09:19:00";"18:57:00";9.63
4537;286;"2026-09-18";"Present";"10:31:00";"";10.25
4538;286;"2026-09-19";"Present";"08:36:00";"16:35:00";8.85
4539;286;"2026-09-20";"Present";"";"";7.97
4540;286;"2026-09-21";"Present";"";"18:34:00";9.03
4541;318;"2026-09-02";"Present";"";"19:16:00";9.47
4542;318;"2026-09-03";"Present";"09:43:00";"17:11:00";7.47
4543;318;"2026-09-04";"Present";"09:05:00";"16:01:00";9.03
4544;318;"2026-09-05";"Absent";"10:55:00";"";7.75
4545;318;"2026-09-06";"Present";"09:57:00";"16:14:00";6.47
4546;318;"2026-09-07";"Present";"09:22:00";"18:45:00";9.43
4547;318;"2026-09-08";"Present";"09:50:00";"17:52:00";9.25
4548;318;"2026-09-09";"Present";"";"";0.0
4549;318;"2026-09-10";"Absent";"08:24:00";"19:12:00";11.38
4550;318;"2026-09-11";"Present";"09:28:00";"17:56:00";7.77
4551;318;"2026-09-12";"Work From Home";"";"18:11:00";7.62
4552;318;"2026-09-13";"Present";"";"16:03:00";0.0
4553;318;"2026-09-14";"Present";"10:55:00";"";9.1
4554;318;"2026-09-15";"Present";"10:19:00";"18:47:00";8.68
4555;318;"2026-09-16";"Absent";"";"16:22:00";0.0
4556;318;"2026-09-17";"Present";"09:52:00";"16:08:00";6.27
4557;318;"2026-09-18";"Present";"09:50:00";"";9.3
4558;318;"2026-09-19";"Present";"";"18:38:00";11.27
4559;318;"2026-09-20";"Present";"";"18:51:00";10.58
4560;318;"2026-09-21";"Present";"08:29:00";"16:54:00";8.42
4561;329;"2026-09-02";"Present";"09:01:00";"19:59:00";8.53
4562;329;"2026-09-03";"Present";"10:09:00";"16:32:00";9.15
4563;329;"2026-09-04";"Present";"10:23:00";"18:11:00";7.5
4564;329;"2026-09-05";"Absent";"10:56:00";"";0.0
4565;329;"2026-09-06";"Absent";"";"18:23:00";0.0
4566;329;"2026-09-07";"Absent";"10:51:00";"17:04:00";6.22
4567;329;"2026-09-08";"Present";"";"17:30:00";9.53
4568;329;"2026-09-09";"Absent";"08:41:00";"";11.5
4569;329;"2026-09-10";"Present";"08:04:00";"17:47:00";9.72
4570;329;"2026-09-11";"Work From Home";"08:20:00";"18:48:00";7.28
4571;329;"2026-09-12";"Work From Home";"";"19:27:00";9.78
4572;329;"2026-09-13";"Work From Home";"10:22:00";"19:01:00";6.98
4573;329;"2026-09-14";"Present";"08:26:00";"18:18:00";9.87
4574;329;"2026-09-15";"Present";"10:03:00";"";5.67
4575;329;"2026-09-16";"Absent";"";"";7.37
4576;329;"2026-09-17";"Present";"08:47:00";"16:15:00";7.47
4577;329;"2026-09-18";"Absent";"";"19:07:00";9.83
4578;329;"2026-09-19";"Present";"";"";8.02
4579;329;"2026-09-20";"Present";"10:50:00";"17:50:00";5.63
4580;329;"2026-09-21";"Present";"08:07:00";"17:26:00";7.7
4581;361;"2026-09-02";"Present";"09:23:00";"16:01:00";6.63
4582;361;"2026-09-03";"Present";"09:37:00";"16:10:00";5.88
4583;361;"2026-09-04";"Present";"10:25:00";"18:07:00";7.7
4584;361;"2026-09-05";"Present";"10:31:00";"16:45:00";11.58
4585;361;"2026-09-06";"Present";"09:11:00";"";8.12
4586;361;"2026-09-07";"Present";"09:50:00";"17:13:00";7.38
4587;361;"2026-09-08";"Present";"09:23:00";"";10.92
4588;361;"2026-09-09";"Present";"08:00:00";"";9.85
4589;361;"2026-09-10";"Absent";"09:41:00";"16:37:00";7.8
4590;361;"2026-09-11";"Present";"08:48:00";"19:40:00";7.98
4591;361;"2026-09-12";"Present";"10:40:00";"17:43:00";8.62
4592;361;"2026-09-13";"Present";"08:19:00";"";6.5
4593;361;"2026-09-14";"Work From Home";"";"16:51:00";10.63
4594;361;"2026-09-15";"Present";"08:59:00";"17:52:00";8.6
4595;361;"2026-09-16";"Absent";"10:37:00";"";0.0
4596;361;"2026-09-17";"Present";"08:06:00";"";8.95
4597;361;"2026-09-18";"Present";"10:55:00";"16:45:00";5.83
4598;361;"2026-09-19";"Present";"08:23:00";"16:04:00";8.55
4599;361;"2026-09-20";"Present";"09:09:00";"19:17:00";9.82
4600;361;"2026-09-21";"Present";"09:56:00";"16:59:00";6.98
4601;387;"2026-09-02";"Absent";"09:20:00";"17:16:00";10.6
4602;387;"2026-09-03";"Absent";"";"";5.77
4603;387;"2026-09-04";"Work From Home";"08:45:00";"17:14:00";8.48
4604;387;"2026-09-05";"Absent";"";"19:27:00";9.88
4605;387;"2026-09-06";"Absent";"09:20:00";"";10.8
4606;387;"2026-09-07";"Present";"08:04:00";"19:14:00";8.95
4607;387;"2026-09-08";"Present";"08:51:00";"";9.7
4608;387;"2026-09-09";"Absent";"10:03:00";"19:16:00";8.28
4609;387;"2026-09-10";"Present";"09:55:00";"18:09:00";7.18
4610;387;"2026-09-11";"Present";"";"";0.0
4611;387;"2026-09-12";"Present";"";"";0.0
4612;387;"2026-09-13";"Present";"09:33:00";"19:57:00";8.4
4613;387;"2026-09-14";"Present";"09:51:00";"19:30:00";5.58
4614;387;"2026-09-15";"Present";"08:19:00";"16:14:00";7.83
4615;387;"2026-09-16";"Present";"08:14:00";"18:29:00";7.27
4616;387;"2026-09-17";"Present";"";"17:56:00";0.0
4617;387;"2026-09-18";"Present";"10:40:00";"16:08:00";7.12
4618;387;"2026-09-19";"Absent";"09:45:00";"19:40:00";10.18
4619;387;"2026-09-20";"Present";"08:56:00";"";6.93
4620;387;"2026-09-21";"Present";"";"18:37:00";10.0
4621;396;"2026-09-02";"Present";"";"18:01:00";5.73
4622;396;"2026-09-03";"Present";"10:26:00";"19:40:00";11.75
4623;396;"2026-09-04";"Present";"08:39:00";"17:00:00";9.92
4624;396;"2026-09-05";"Present";"09:30:00";"16:18:00";6.8
4625;396;"2026-09-06";"Absent";"10:40:00";"17:12:00";6.53
4626;396;"2026-09-07";"Present";"08:51:00";"17:45:00";7.47
4627;396;"2026-09-08";"Absent";"08:51:00";"19:08:00";9.12
4628;396;"2026-09-09";"Present";"08:26:00";"18:43:00";10.47
4629;396;"2026-09-10";"Present";"";"16:21:00";6.65
4630;396;"2026-09-11";"Absent";"10:53:00";"16:41:00";8.05
4631;396;"2026-09-12";"Absent";"08:24:00";"17:27:00";8.05
4632;396;"2026-09-13";"Present";"";"";0.0
4633;396;"2026-09-14";"Absent";"10:24:00";"18:56:00";8.53
4634;396;"2026-09-15";"Present";"10:46:00";"18:18:00";9.78
4635;396;"2026-09-16";"Present";"10:11:00";"18:01:00";11.85
4636;396;"2026-09-17";"Absent";"09:00:00";"";0.0
4637;396;"2026-09-18";"Present";"09:30:00";"18:44:00";9.23
4638;396;"2026-09-19";"Present";"10:12:00";"16:46:00";8.92
4639;396;"2026-09-20";"Present";"08:22:00";"16:31:00";8.78
4640;396;"2026-09-21";"Present";"09:12:00";"17:53:00";7.4
4641;424;"2026-09-02";"Work From Home";"08:28:00";"17:59:00";9.52
4642;424;"2026-09-03";"Absent";"08:19:00";"16:54:00";8.58
4643;424;"2026-09-04";"Present";"";"16:52:00";0.0
4644;424;"2026-09-05";"Absent";"09:36:00";"";10.72
4645;424;"2026-09-06";"Absent";"08:39:00";"19:48:00";5.73
4646;424;"2026-09-07";"Present";"08:40:00";"19:19:00";5.18
4647;424;"2026-09-08";"Work From Home";"10:29:00";"17:26:00";8.53
4648;424;"2026-09-09";"Present";"10:54:00";"19:20:00";8.43
4649;424;"2026-09-10";"Present";"09:37:00";"18:11:00";8.57
4650;424;"2026-09-11";"Absent";"09:00:00";"16:39:00";6.0
4651;424;"2026-09-12";"Present";"08:21:00";"16:33:00";8.2
4652;424;"2026-09-13";"Present";"09:08:00";"16:54:00";8.88
4653;424;"2026-09-14";"Present";"";"17:27:00";7.52
4654;424;"2026-09-15";"Work From Home";"08:48:00";"19:55:00";7.85
4655;424;"2026-09-16";"Present";"";"";10.2
4656;424;"2026-09-17";"Present";"10:22:00";"19:00:00";9.15
4657;424;"2026-09-18";"Present";"";"16:26:00";8.02
4658;424;"2026-09-19";"Present";"09:44:00";"16:36:00";6.72
4659;424;"2026-09-20";"Present";"08:51:00";"17:40:00";8.68
4660;424;"2026-09-21";"Present";"09:25:00";"16:24:00";9.7
4661;426;"2026-09-02";"Present";"";"19:41:00";10.02
4662;426;"2026-09-03";"Present";"08:36:00";"16:41:00";9.53
4663;426;"2026-09-04";"Absent";"";"16:38:00";9.25
4664;426;"2026-09-05";"Present";"10:06:00";"18:34:00";8.47
4665;426;"2026-09-06";"Absent";"";"16:32:00";9.38
4666;426;"2026-09-07";"Present";"10:57:00";"17:37:00";9.67
4667;426;"2026-09-08";"Present";"10:57:00";"17:29:00";6.53
4668;426;"2026-09-09";"Present";"10:17:00";"17:14:00";8.38
4669;426;"2026-09-10";"Present";"09:41:00";"17:16:00";10.2
4670;426;"2026-09-11";"Present";"";"19:01:00";0.0
4671;426;"2026-09-12";"Present";"10:00:00";"";11.05
4672;426;"2026-09-13";"Absent";"";"18:06:00";7.17
4673;426;"2026-09-14";"Present";"";"19:07:00";5.48
4674;426;"2026-09-15";"Absent";"";"";7.7
4675;426;"2026-09-16";"Present";"10:32:00";"17:42:00";7.55
4676;426;"2026-09-17";"Absent";"10:07:00";"16:44:00";8.8
4677;426;"2026-09-18";"Present";"";"17:10:00";0.0
4678;426;"2026-09-19";"Present";"";"";0.0
4679;426;"2026-09-20";"Present";"";"16:44:00";9.17
4680;426;"2026-09-21";"Absent";"10:00:00";"17:36:00";7.6
4681;449;"2026-09-02";"Present";"08:36:00";"19:30:00";9.45
4682;449;"2026-09-03";"Present";"";"17:41:00";6.38
4683;449;"2026-09-04";"Present";"08:36:00";"18:13:00";8.62
4684;449;"2026-09-05";"Work From Home";"08:50:00";"16:34:00";10.27
4685;449;"2026-09-06";"Present";"09:40:00";"";0.0
4686;449;"2026-09-07";"Absent";"";"";7.58
4687;449;"2026-09-08";"Present";"";"16:41:00";9.13
4688;449;"2026-09-09";"Present";"10:51:00";"18:06:00";8.78
4689;449;"2026-09-10";"Present";"";"18:53:00";11.37
4690;449;"2026-09-11";"Absent";"";"19:41:00";6.53
4691;449;"2026-09-12";"Absent";"10:52:00";"19:12:00";9.17
4692;449;"2026-09-13";"Absent";"10:16:00";"17:28:00";9.57
4693;449;"2026-09-14";"Absent";"08:29:00";"19:48:00";7.08
4694;449;"2026-09-15";"Present";"";"16:15:00";7.53
4695;449;"2026-09-16";"Present";"";"17:53:00";8.08
4696;449;"2026-09-17";"Absent";"10:19:00";"";8.17
4697;449;"2026-09-18";"Present";"09:25:00";"16:17:00";6.87
4698;449;"2026-09-19";"Present";"";"18:02:00";7.82
4699;449;"2026-09-20";"Present";"08:39:00";"18:01:00";5.67
4700;449;"2026-09-21";"Present";"08:22:00";"18:32:00";9.22
4701;454;"2026-09-02";"Present";"10:34:00";"18:12:00";8.02
4702;454;"2026-09-03";"Absent";"10:44:00";"19:10:00";5.37
4703;454;"2026-09-04";"Present";"09:40:00";"";9.85
4704;454;"2026-09-05";"Present";"10:27:00";"19:48:00";8.75
4705;454;"2026-09-06";"Absent";"08:29:00";"16:21:00";6.72
4706;454;"2026-09-07";"Absent";"09:13:00";"17:01:00";9.73
4707;454;"2026-09-08";"Absent";"08:21:00";"16:38:00";10.87
4708;454;"2026-09-09";"Present";"10:30:00";"18:26:00";8.25
4709;454;"2026-09-10";"Present";"10:02:00";"16:18:00";8.98
4710;454;"2026-09-11";"Present";"10:02:00";"18:27:00";7.33
4711;454;"2026-09-12";"Absent";"08:28:00";"";7.3
4712;454;"2026-09-13";"Present";"08:48:00";"";0.0
4713;454;"2026-09-14";"Work From Home";"09:14:00";"";9.75
4714;454;"2026-09-15";"Present";"08:04:00";"";8.47
4715;454;"2026-09-16";"Present";"08:38:00";"19:11:00";8.88
4716;454;"2026-09-17";"Present";"09:02:00";"19:11:00";8.13
4717;454;"2026-09-18";"Absent";"09:24:00";"16:25:00";8.72
4718;454;"2026-09-19";"Absent";"08:19:00";"";9.4
4719;454;"2026-09-20";"Present";"10:36:00";"19:18:00";7.77
4720;454;"2026-09-21";"Present";"08:43:00";"17:49:00";11.52
4721;467;"2026-09-02";"Absent";"";"19:01:00";8.25
4722;467;"2026-09-03";"Absent";"10:57:00";"17:58:00";5.97
4723;467;"2026-09-04";"Present";"";"19:45:00";10.02
4724;467;"2026-09-05";"Present";"08:34:00";"17:58:00";6.42
4725;467;"2026-09-06";"Present";"08:13:00";"";8.28
4726;467;"2026-09-07";"Present";"09:02:00";"";7.52
4727;467;"2026-09-08";"Present";"";"";6.72
4728;467;"2026-09-09";"Present";"08:58:00";"19:14:00";7.97
4729;467;"2026-09-10";"Present";"10:11:00";"";5.5
4730;467;"2026-09-11";"Absent";"09:18:00";"17:22:00";6.92
4731;467;"2026-09-12";"Present";"10:21:00";"16:33:00";7.98
4732;467;"2026-09-13";"Present";"";"17:13:00";7.65
4733;467;"2026-09-14";"Present";"";"18:56:00";0.0
4734;467;"2026-09-15";"Present";"";"16:53:00";8.72
4735;467;"2026-09-16";"Present";"08:00:00";"17:01:00";11.92
4736;467;"2026-09-17";"Present";"10:44:00";"18:31:00";9.3
4737;467;"2026-09-18";"Present";"08:42:00";"19:34:00";8.1
4738;467;"2026-09-19";"Absent";"08:08:00";"17:59:00";7.45
4739;467;"2026-09-20";"Present";"10:50:00";"18:43:00";7.88
4740;467;"2026-09-21";"Present";"10:12:00";"17:12:00";7.0
4741;489;"2026-09-02";"Present";"09:34:00";"";0.0
4742;489;"2026-09-03";"Present";"09:11:00";"";7.35
4743;489;"2026-09-04";"Present";"";"";9.0
4744;489;"2026-09-05";"Absent";"";"17:27:00";8.57
4745;489;"2026-09-06";"Absent";"10:37:00";"19:13:00";8.97
4746;489;"2026-09-07";"Absent";"10:56:00";"17:37:00";6.72
4747;489;"2026-09-08";"Present";"09:21:00";"18:07:00";8.77
4748;489;"2026-09-09";"Present";"10:09:00";"18:02:00";9.23
4749;489;"2026-09-10";"Present";"08:58:00";"16:11:00";7.22
4750;489;"2026-09-11";"Present";"10:09:00";"18:48:00";8.82
4751;489;"2026-09-12";"Present";"";"19:45:00";7.67
4752;489;"2026-09-13";"Present";"";"";7.57
4753;489;"2026-09-14";"Present";"10:50:00";"16:35:00";11.33
4754;489;"2026-09-15";"Present";"";"17:45:00";8.07
4755;489;"2026-09-16";"Present";"";"";0.0
4756;489;"2026-09-17";"Present";"10:58:00";"16:19:00";5.98
4757;489;"2026-09-18";"Present";"09:21:00";"16:26:00";7.08
4758;489;"2026-09-19";"Present";"09:21:00";"19:23:00";8.4
4759;489;"2026-09-20";"Present";"09:50:00";"";7.72
4760;489;"2026-09-21";"Absent";"10:00:00";"16:49:00";6.43
4761;504;"2026-09-02";"Present";"10:33:00";"";0.0
4762;504;"2026-09-03";"Absent";"";"18:16:00";7.45
4763;504;"2026-09-04";"Present";"08:24:00";"18:04:00";9.67
4764;504;"2026-09-05";"Present";"09:22:00";"18:42:00";8.37
4765;504;"2026-09-06";"Present";"08:36:00";"";8.28
4766;504;"2026-09-07";"Present";"10:41:00";"19:09:00";8.47
4767;504;"2026-09-08";"Present";"10:22:00";"19:03:00";8.3
4768;504;"2026-09-09";"Present";"09:16:00";"18:01:00";9.7
4769;504;"2026-09-10";"Absent";"08:51:00";"18:09:00";8.0
4770;504;"2026-09-11";"Absent";"08:45:00";"16:04:00";10.68
4771;504;"2026-09-12";"Present";"10:24:00";"18:10:00";7.77
4772;504;"2026-09-13";"Present";"08:58:00";"17:45:00";10.65
4773;504;"2026-09-14";"Present";"08:29:00";"17:11:00";8.43
4774;504;"2026-09-15";"Absent";"09:38:00";"";8.65
4775;504;"2026-09-16";"Present";"";"16:45:00";10.87
4776;504;"2026-09-17";"Present";"";"19:38:00";0.0
4777;504;"2026-09-18";"Present";"10:57:00";"";6.4
4778;504;"2026-09-19";"Present";"08:07:00";"17:23:00";7.2
4779;504;"2026-09-20";"Absent";"";"";9.03
4780;504;"2026-09-21";"Present";"10:47:00";"";7.95
4781;509;"2026-09-02";"Present";"10:54:00";"17:56:00";7.03
4782;509;"2026-09-03";"Present";"";"17:12:00";9.17
4783;509;"2026-09-04";"Work From Home";"10:31:00";"16:17:00";5.77
4784;509;"2026-09-05";"Present";"09:26:00";"";8.62
4785;509;"2026-09-06";"On Leave";"10:43:00";"16:17:00";7.6
4786;509;"2026-09-07";"Present";"";"19:08:00";8.8
4787;509;"2026-09-08";"Present";"10:31:00";"";9.62
4788;509;"2026-09-09";"Present";"10:43:00";"";9.95
4789;509;"2026-09-10";"Work From Home";"09:38:00";"19:29:00";9.85
4790;509;"2026-09-11";"Present";"08:10:00";"16:40:00";8.73
4791;509;"2026-09-12";"Present";"";"";0.0
4792;509;"2026-09-13";"Present";"09:10:00";"17:39:00";8.48
4793;509;"2026-09-14";"Present";"09:48:00";"";7.68
4794;509;"2026-09-15";"Absent";"10:10:00";"19:38:00";9.52
4795;509;"2026-09-16";"Absent";"08:26:00";"16:16:00";8.57
4796;509;"2026-09-17";"Absent";"09:44:00";"16:52:00";8.25
4797;509;"2026-09-18";"Present";"10:28:00";"19:21:00";8.38
4798;509;"2026-09-19";"Absent";"08:06:00";"17:56:00";9.83
4799;509;"2026-09-20";"Present";"10:18:00";"19:12:00";10.45
4800;509;"2026-09-21";"Present";"10:58:00";"17:54:00";9.62
4801;516;"2026-09-02";"Absent";"08:54:00";"16:19:00";7.85
4802;516;"2026-09-03";"Present";"";"18:32:00";9.93
4803;516;"2026-09-04";"Present";"08:14:00";"18:33:00";7.78
4804;516;"2026-09-05";"Present";"09:52:00";"19:49:00";8.28
4805;516;"2026-09-06";"Absent";"10:03:00";"16:42:00";8.92
4806;516;"2026-09-07";"Present";"09:29:00";"18:08:00";11.05
4807;516;"2026-09-08";"Present";"08:28:00";"19:38:00";11.78
4808;516;"2026-09-09";"Present";"08:00:00";"16:45:00";9.67
4809;516;"2026-09-10";"Present";"10:05:00";"18:40:00";7.42
4810;516;"2026-09-11";"Present";"09:59:00";"";0.0
4811;516;"2026-09-12";"Present";"09:02:00";"16:55:00";6.52
4812;516;"2026-09-13";"Present";"10:22:00";"17:28:00";10.65
4813;516;"2026-09-14";"Present";"08:52:00";"16:34:00";8.7
4814;516;"2026-09-15";"Present";"08:39:00";"17:57:00";6.98
4815;516;"2026-09-16";"Present";"";"16:40:00";0.0
4816;516;"2026-09-17";"Present";"08:48:00";"";11.05
4817;516;"2026-09-18";"Present";"10:04:00";"18:40:00";9.58
4818;516;"2026-09-19";"Present";"";"";0.0
4819;516;"2026-09-20";"Present";"";"18:08:00";0.0
4820;516;"2026-09-21";"Present";"09:35:00";"19:03:00";9.47
4821;537;"2026-09-02";"Present";"09:10:00";"16:27:00";10.1
4822;537;"2026-09-03";"Present";"10:28:00";"";0.0
4823;537;"2026-09-04";"Present";"09:06:00";"";7.85
4824;537;"2026-09-05";"Work From Home";"";"17:24:00";0.0
4825;537;"2026-09-06";"Present";"10:03:00";"18:06:00";8.05
4826;537;"2026-09-07";"Absent";"08:40:00";"18:07:00";9.45
4827;537;"2026-09-08";"Absent";"";"16:22:00";9.17
4828;537;"2026-09-09";"Present";"08:00:00";"";0.0
4829;537;"2026-09-10";"Present";"";"19:48:00";9.18
4830;537;"2026-09-11";"Present";"08:02:00";"16:18:00";6.9
4831;537;"2026-09-12";"Present";"";"18:50:00";10.98
4832;537;"2026-09-13";"Present";"08:21:00";"17:11:00";8.83
4833;537;"2026-09-14";"Work From Home";"";"16:38:00";9.02
4834;537;"2026-09-15";"Present";"09:05:00";"17:21:00";6.78
4835;537;"2026-09-16";"Present";"10:05:00";"19:49:00";9.62
4836;537;"2026-09-17";"Present";"";"18:20:00";9.35
4837;537;"2026-09-18";"Absent";"";"17:53:00";6.43
4838;537;"2026-09-19";"Present";"08:09:00";"";8.82
4839;537;"2026-09-20";"Present";"";"16:42:00";6.57
4840;537;"2026-09-21";"Present";"10:04:00";"18:27:00";8.38
4841;3;"2026-09-02";"Present";"";"16:28:00";9.3
4842;3;"2026-09-03";"Present";"09:03:00";"17:00:00";7.95
4843;3;"2026-09-04";"Present";"";"17:34:00";0.0
4844;3;"2026-09-05";"Present";"08:58:00";"18:50:00";9.52
4845;3;"2026-09-06";"Present";"08:29:00";"17:12:00";9.68
4846;3;"2026-09-07";"Present";"";"17:54:00";9.85
4847;3;"2026-09-08";"Present";"08:17:00";"16:20:00";5.85
4848;3;"2026-09-09";"Present";"10:44:00";"16:30:00";5.77
4849;3;"2026-09-10";"Present";"10:49:00";"";0.0
4850;3;"2026-09-11";"Absent";"";"18:11:00";8.23
4851;3;"2026-09-12";"Absent";"10:20:00";"18:10:00";10.13
4852;3;"2026-09-13";"Present";"09:55:00";"";7.45
4853;3;"2026-09-14";"Absent";"10:54:00";"16:43:00";9.0
4854;3;"2026-09-15";"Present";"10:48:00";"16:14:00";8.52
4855;3;"2026-09-16";"Present";"08:15:00";"19:25:00";6.73
4856;3;"2026-09-17";"Absent";"";"18:39:00";9.55
4857;3;"2026-09-18";"Present";"08:08:00";"17:57:00";9.82
4858;3;"2026-09-19";"Present";"08:50:00";"17:49:00";11.28
4859;3;"2026-09-20";"Present";"09:31:00";"17:09:00";7.63
4860;3;"2026-09-21";"Present";"08:02:00";"18:39:00";8.5
4861;15;"2026-09-02";"Present";"09:16:00";"17:39:00";9.8
4862;15;"2026-09-03";"Present";"08:01:00";"";0.0
4863;15;"2026-09-04";"Absent";"10:01:00";"16:23:00";8.58
4864;15;"2026-09-05";"Present";"10:17:00";"17:39:00";8.73
4865;15;"2026-09-06";"Present";"08:23:00";"19:25:00";10.12
4866;15;"2026-09-07";"Present";"";"";0.0
4867;15;"2026-09-08";"Present";"10:04:00";"16:05:00";6.85
4868;15;"2026-09-09";"Present";"09:15:00";"17:34:00";8.95
4869;15;"2026-09-10";"Present";"";"18:21:00";6.57
4870;15;"2026-09-11";"Present";"08:35:00";"18:34:00";7.62
4871;15;"2026-09-12";"Absent";"";"16:21:00";7.18
4872;15;"2026-09-13";"Present";"";"";10.27
4873;15;"2026-09-14";"Absent";"08:57:00";"";6.37
4874;15;"2026-09-15";"Absent";"08:44:00";"18:16:00";9.53
4875;15;"2026-09-16";"Present";"08:52:00";"19:00:00";6.97
4876;15;"2026-09-17";"Present";"10:39:00";"19:15:00";11.45
4877;15;"2026-09-18";"Present";"10:55:00";"";8.2
4878;15;"2026-09-19";"Present";"08:00:00";"19:28:00";11.47
4879;15;"2026-09-20";"Present";"08:48:00";"18:00:00";10.37
4880;15;"2026-09-21";"Present";"08:07:00";"19:43:00";11.6
4881;47;"2026-09-02";"Present";"";"16:50:00";0.0
4882;47;"2026-09-03";"Absent";"08:38:00";"19:03:00";7.17
4883;47;"2026-09-04";"Present";"08:44:00";"";7.9
4884;47;"2026-09-05";"Present";"09:39:00";"18:24:00";9.93
4885;47;"2026-09-06";"Present";"";"";8.73
4886;47;"2026-09-07";"Present";"09:57:00";"";7.95
4887;47;"2026-09-08";"Present";"";"19:04:00";5.62
4888;47;"2026-09-09";"Present";"09:08:00";"16:53:00";8.42
4889;47;"2026-09-10";"Present";"10:00:00";"18:06:00";10.98
4890;47;"2026-09-11";"Absent";"";"17:21:00";8.47
4891;47;"2026-09-12";"Present";"";"18:00:00";8.35
4892;47;"2026-09-13";"Present";"08:34:00";"17:13:00";8.75
4893;47;"2026-09-14";"Absent";"08:44:00";"18:14:00";6.32
4894;47;"2026-09-15";"Present";"";"16:55:00";10.98
4895;47;"2026-09-16";"Present";"09:19:00";"18:26:00";7.92
4896;47;"2026-09-17";"Present";"08:47:00";"18:43:00";7.13
4897;47;"2026-09-18";"Present";"";"16:28:00";5.43
4898;47;"2026-09-19";"Present";"";"";9.57
4899;47;"2026-09-20";"Present";"08:04:00";"19:33:00";11.48
4900;47;"2026-09-21";"Present";"08:37:00";"17:15:00";9.7
4901;60;"2026-09-02";"Present";"09:41:00";"16:37:00";6.93
4902;60;"2026-09-03";"Present";"10:10:00";"16:36:00";6.43
4903;60;"2026-09-04";"Present";"";"18:29:00";8.57
4904;60;"2026-09-05";"On Leave";"08:52:00";"";0.0
4905;60;"2026-09-06";"Present";"10:06:00";"19:24:00";7.55
4906;60;"2026-09-07";"Present";"10:42:00";"18:00:00";11.13
4907;60;"2026-09-08";"Present";"09:08:00";"17:07:00";8.57
4908;60;"2026-09-09";"Present";"";"";0.0
4909;60;"2026-09-10";"Present";"08:14:00";"16:17:00";6.52
4910;60;"2026-09-11";"Present";"";"18:50:00";8.6
4911;60;"2026-09-12";"Absent";"";"17:30:00";0.0
4912;60;"2026-09-13";"Present";"08:23:00";"18:35:00";8.65
4913;60;"2026-09-14";"Present";"09:13:00";"16:02:00";6.82
4914;60;"2026-09-15";"Absent";"09:06:00";"19:02:00";7.45
4915;60;"2026-09-16";"Present";"";"17:53:00";0.0
4916;60;"2026-09-17";"Present";"";"18:16:00";7.8
4917;60;"2026-09-18";"Present";"09:17:00";"16:33:00";10.28
4918;60;"2026-09-19";"Present";"08:27:00";"19:37:00";11.55
4919;60;"2026-09-20";"Present";"10:01:00";"17:52:00";10.28
4920;60;"2026-09-21";"Present";"09:30:00";"";8.45
4921;66;"2026-09-02";"Present";"10:19:00";"";6.92
4922;66;"2026-09-03";"Absent";"09:29:00";"";8.48
4923;66;"2026-09-04";"Present";"10:03:00";"";6.23
4924;66;"2026-09-05";"Present";"10:46:00";"18:06:00";7.33
4925;66;"2026-09-06";"Work From Home";"08:37:00";"16:58:00";8.35
4926;66;"2026-09-07";"Present";"09:14:00";"18:23:00";9.15
4927;66;"2026-09-08";"Present";"09:21:00";"19:26:00";9.57
4928;66;"2026-09-09";"Present";"10:37:00";"";7.75
4929;66;"2026-09-10";"Present";"";"17:45:00";6.42
4930;66;"2026-09-11";"Present";"";"16:54:00";9.05
4931;66;"2026-09-12";"Present";"09:55:00";"19:03:00";6.27
4932;66;"2026-09-13";"Present";"08:24:00";"";8.37
4933;66;"2026-09-14";"Absent";"09:22:00";"16:19:00";6.03
4934;66;"2026-09-15";"Present";"08:00:00";"17:36:00";7.35
4935;66;"2026-09-16";"Absent";"08:10:00";"";0.0
4936;66;"2026-09-17";"Present";"";"";9.93
4937;66;"2026-09-18";"Absent";"";"18:19:00";5.47
4938;66;"2026-09-19";"Present";"";"";0.0
4939;66;"2026-09-20";"Present";"09:48:00";"";9.3
4940;66;"2026-09-21";"Present";"08:15:00";"";0.0
4941;71;"2026-09-02";"Present";"10:45:00";"17:02:00";10.85
4942;71;"2026-09-03";"Present";"09:25:00";"";9.38
4943;71;"2026-09-04";"Present";"";"";6.9
4944;71;"2026-09-05";"Present";"08:45:00";"";7.47
4945;71;"2026-09-06";"Present";"08:33:00";"18:31:00";7.47
4946;71;"2026-09-07";"Absent";"09:02:00";"18:45:00";10.22
4947;71;"2026-09-08";"Present";"";"";0.0
4948;71;"2026-09-09";"Present";"10:51:00";"18:29:00";6.87
4949;71;"2026-09-10";"Work From Home";"";"16:03:00";8.27
4950;71;"2026-09-11";"Present";"09:52:00";"18:28:00";8.6
4951;71;"2026-09-12";"Work From Home";"";"";10.08
4952;71;"2026-09-13";"Present";"08:16:00";"17:42:00";9.43
4953;71;"2026-09-14";"Present";"08:07:00";"17:35:00";8.87
4954;71;"2026-09-15";"Present";"08:43:00";"18:38:00";9.42
4955;71;"2026-09-16";"Present";"08:52:00";"16:36:00";7.73
4956;71;"2026-09-17";"Absent";"10:55:00";"19:01:00";6.05
4957;71;"2026-09-18";"Work From Home";"10:54:00";"";8.0
4958;71;"2026-09-19";"Absent";"10:03:00";"16:40:00";9.28
4959;71;"2026-09-20";"Present";"08:10:00";"";9.33
4960;71;"2026-09-21";"Present";"10:02:00";"18:58:00";9.4
4961;92;"2026-09-02";"Present";"";"16:03:00";7.97
4962;92;"2026-09-03";"Present";"09:21:00";"18:32:00";7.95
4963;92;"2026-09-04";"Present";"10:32:00";"16:59:00";8.78
4964;92;"2026-09-05";"Present";"09:10:00";"";11.6
4965;92;"2026-09-06";"Absent";"08:52:00";"";0.0
4966;92;"2026-09-07";"Present";"08:19:00";"16:28:00";8.45
4967;92;"2026-09-08";"Present";"08:45:00";"18:12:00";8.0
4968;92;"2026-09-09";"Present";"08:40:00";"";0.0
4969;92;"2026-09-10";"Absent";"10:09:00";"16:50:00";7.6
4970;92;"2026-09-11";"Present";"10:02:00";"16:24:00";9.83
4971;92;"2026-09-12";"Present";"";"";0.0
4972;92;"2026-09-13";"Present";"08:31:00";"19:56:00";8.68
4973;92;"2026-09-14";"Present";"10:38:00";"";9.52
4974;92;"2026-09-15";"Present";"09:56:00";"16:30:00";8.45
4975;92;"2026-09-16";"Present";"10:21:00";"19:21:00";9.43
4976;92;"2026-09-17";"Present";"10:52:00";"16:56:00";8.3
4977;92;"2026-09-18";"Present";"08:33:00";"16:37:00";8.07
4978;92;"2026-09-19";"Present";"";"";8.95
4979;92;"2026-09-20";"Present";"08:21:00";"17:44:00";9.75
4980;92;"2026-09-21";"Present";"10:00:00";"17:32:00";7.53
4981;95;"2026-09-02";"Present";"08:52:00";"18:04:00";9.2
4982;95;"2026-09-03";"Present";"10:40:00";"16:03:00";5.95
4983;95;"2026-09-04";"Present";"08:29:00";"19:40:00";6.9
4984;95;"2026-09-05";"Present";"09:57:00";"19:56:00";9.98
4985;95;"2026-09-06";"Present";"";"19:06:00";9.75
4986;95;"2026-09-07";"Present";"09:59:00";"19:15:00";6.9
4987;95;"2026-09-08";"Present";"10:48:00";"19:00:00";8.35
4988;95;"2026-09-09";"Present";"09:47:00";"18:07:00";7.12
4989;95;"2026-09-10";"Present";"10:14:00";"17:39:00";5.2
4990;95;"2026-09-11";"Absent";"09:22:00";"18:13:00";8.65
4991;95;"2026-09-12";"Present";"08:45:00";"19:20:00";7.43
4992;95;"2026-09-13";"Present";"08:17:00";"16:42:00";9.4
4993;95;"2026-09-14";"Present";"";"16:52:00";7.18
4994;95;"2026-09-15";"Absent";"10:48:00";"16:08:00";6.32
4995;95;"2026-09-16";"Present";"08:32:00";"16:29:00";7.55
4996;95;"2026-09-17";"Present";"08:27:00";"17:49:00";7.83
4997;95;"2026-09-18";"Absent";"10:06:00";"18:10:00";8.07
4998;95;"2026-09-19";"Present";"08:43:00";"";7.13
4999;95;"2026-09-20";"Present";"09:24:00";"16:57:00";5.85
5000;95;"2026-09-21";"Absent";"";"16:01:00";8.88
5001;108;"2026-09-02";"Present";"";"16:15:00";8.73
5002;108;"2026-09-03";"Work From Home";"10:45:00";"17:38:00";6.88
5003;108;"2026-09-04";"Present";"10:04:00";"18:57:00";8.52
5004;108;"2026-09-05";"Present";"10:55:00";"19:07:00";8.2
5005;108;"2026-09-06";"Present";"09:49:00";"";11.33
5006;108;"2026-09-07";"Present";"09:29:00";"17:57:00";9.1
5007;108;"2026-09-08";"Present";"10:51:00";"16:45:00";9.03
5008;108;"2026-09-09";"Present";"08:13:00";"18:59:00";7.23
5009;108;"2026-09-10";"Present";"09:53:00";"19:50:00";7.02
5010;108;"2026-09-11";"Present";"10:56:00";"17:49:00";10.78
5011;108;"2026-09-12";"Present";"10:03:00";"18:21:00";6.73
5012;108;"2026-09-13";"Absent";"";"18:06:00";0.0
5013;108;"2026-09-14";"Absent";"10:31:00";"16:01:00";8.6
5014;108;"2026-09-15";"Present";"09:09:00";"19:00:00";6.8
5015;108;"2026-09-16";"Present";"10:45:00";"19:52:00";9.12
5016;108;"2026-09-17";"Present";"08:47:00";"17:12:00";8.42
5017;108;"2026-09-18";"Absent";"";"";0.0
5018;108;"2026-09-19";"Absent";"09:35:00";"17:45:00";8.47
5019;108;"2026-09-20";"Work From Home";"10:59:00";"19:44:00";8.75
5020;108;"2026-09-21";"Present";"10:25:00";"17:27:00";7.28
5021;123;"2026-09-02";"Present";"";"";0.0
5022;123;"2026-09-03";"Present";"";"16:17:00";0.0
5023;123;"2026-09-04";"Present";"09:44:00";"";7.13
5024;123;"2026-09-05";"Present";"";"18:54:00";10.33
5025;123;"2026-09-06";"Present";"09:27:00";"";8.45
5026;123;"2026-09-07";"Present";"09:51:00";"";0.0
5027;123;"2026-09-08";"Present";"09:26:00";"16:29:00";7.05
5028;123;"2026-09-09";"Present";"09:26:00";"17:11:00";10.88
5029;123;"2026-09-10";"Present";"09:10:00";"";9.08
5030;123;"2026-09-11";"Absent";"08:43:00";"19:39:00";6.32
5031;123;"2026-09-12";"Present";"";"16:32:00";7.95
5032;123;"2026-09-13";"Present";"10:36:00";"17:04:00";7.15
5033;123;"2026-09-14";"Present";"";"19:42:00";9.05
5034;123;"2026-09-15";"Absent";"08:06:00";"17:28:00";9.53
5035;123;"2026-09-16";"Present";"09:44:00";"17:21:00";7.62
5036;123;"2026-09-17";"Absent";"09:30:00";"";8.88
5037;123;"2026-09-18";"Present";"08:40:00";"17:15:00";10.08
5038;123;"2026-09-19";"Present";"";"16:42:00";7.93
5039;123;"2026-09-20";"Present";"08:37:00";"19:25:00";10.8
5040;123;"2026-09-21";"Present";"";"19:14:00";7.93
5041;124;"2026-09-02";"Present";"09:42:00";"18:25:00";8.52
5042;124;"2026-09-03";"Present";"10:42:00";"";8.6
5043;124;"2026-09-04";"Present";"09:35:00";"16:23:00";6.8
5044;124;"2026-09-05";"Absent";"09:26:00";"17:13:00";10.55
5045;124;"2026-09-06";"Present";"08:13:00";"19:10:00";10.95
5046;124;"2026-09-07";"Present";"";"";10.9
5047;124;"2026-09-08";"Present";"09:16:00";"19:47:00";6.75
5048;124;"2026-09-09";"Present";"08:28:00";"17:27:00";9.63
5049;124;"2026-09-10";"Present";"";"17:45:00";0.0
5050;124;"2026-09-11";"Present";"";"16:24:00";6.75
5051;124;"2026-09-12";"Absent";"";"";8.47
5052;124;"2026-09-13";"Present";"";"17:07:00";0.0
5053;124;"2026-09-14";"Present";"10:06:00";"18:23:00";8.2
5054;124;"2026-09-15";"Absent";"08:31:00";"17:05:00";8.18
5055;124;"2026-09-16";"Present";"08:56:00";"16:22:00";7.43
5056;124;"2026-09-17";"Present";"10:06:00";"17:54:00";8.12
5057;124;"2026-09-18";"Present";"09:08:00";"18:14:00";10.08
5058;124;"2026-09-19";"Present";"";"16:04:00";0.0
5059;124;"2026-09-20";"Absent";"08:20:00";"17:36:00";6.75
5060;124;"2026-09-21";"Present";"08:55:00";"19:53:00";10.97
5061;133;"2026-09-02";"Absent";"08:31:00";"17:36:00";11.0
5062;133;"2026-09-03";"Present";"";"16:28:00";6.73
5063;133;"2026-09-04";"Present";"";"16:25:00";0.0
5064;133;"2026-09-05";"Present";"08:36:00";"";0.0
5065;133;"2026-09-06";"Present";"09:52:00";"";9.92
5066;133;"2026-09-07";"Absent";"";"";0.0
5067;133;"2026-09-08";"Present";"08:54:00";"";10.05
5068;133;"2026-09-09";"Present";"";"19:33:00";11.53
5069;133;"2026-09-10";"Present";"";"18:04:00";6.25
5070;133;"2026-09-11";"Present";"10:44:00";"18:59:00";10.57
5071;133;"2026-09-12";"Present";"08:01:00";"17:33:00";8.68
5072;133;"2026-09-13";"Present";"09:09:00";"17:54:00";8.42
5073;133;"2026-09-14";"Present";"";"";6.07
5074;133;"2026-09-15";"Present";"";"19:11:00";9.65
5075;133;"2026-09-16";"Work From Home";"";"";0.0
5076;133;"2026-09-17";"Present";"";"18:33:00";8.88
5077;133;"2026-09-18";"Present";"09:19:00";"18:59:00";9.67
5078;133;"2026-09-19";"Absent";"09:02:00";"";7.67
5079;133;"2026-09-20";"Absent";"08:17:00";"18:28:00";8.33
5080;133;"2026-09-21";"Present";"10:17:00";"16:39:00";6.37
5081;143;"2026-09-02";"Absent";"08:16:00";"17:49:00";9.55
5082;143;"2026-09-03";"Present";"09:34:00";"";8.82
5083;143;"2026-09-04";"Present";"09:29:00";"17:44:00";8.75
5084;143;"2026-09-05";"Present";"10:13:00";"16:23:00";6.17
5085;143;"2026-09-06";"Absent";"09:26:00";"";0.0
5086;143;"2026-09-07";"Present";"";"18:07:00";8.0
5087;143;"2026-09-08";"Present";"09:05:00";"";9.23
5088;143;"2026-09-09";"Absent";"10:26:00";"17:24:00";9.5
5089;143;"2026-09-10";"Present";"";"17:57:00";9.05
5090;143;"2026-09-11";"Present";"";"";11.5
5091;143;"2026-09-12";"Present";"09:55:00";"17:23:00";7.95
5092;143;"2026-09-13";"Present";"";"16:40:00";6.13
5093;143;"2026-09-14";"Present";"10:54:00";"";8.82
5094;143;"2026-09-15";"Work From Home";"";"16:32:00";7.53
5095;143;"2026-09-16";"Present";"";"";11.77
5096;143;"2026-09-17";"Present";"";"16:37:00";7.05
5097;143;"2026-09-18";"Present";"08:03:00";"18:30:00";9.22
5098;143;"2026-09-19";"Present";"08:51:00";"17:35:00";8.63
5099;143;"2026-09-20";"Present";"";"19:34:00";9.5
5100;143;"2026-09-21";"Present";"";"16:17:00";10.2
5101;144;"2026-09-02";"Present";"08:53:00";"16:56:00";8.78
5102;144;"2026-09-03";"Present";"";"16:37:00";9.65
5103;144;"2026-09-04";"Present";"08:53:00";"";9.95
5104;144;"2026-09-05";"Present";"";"19:13:00";8.05
5105;144;"2026-09-06";"Present";"10:14:00";"16:40:00";7.42
5106;144;"2026-09-07";"Present";"10:49:00";"19:07:00";9.6
5107;144;"2026-09-08";"Present";"09:58:00";"16:11:00";7.9
5108;144;"2026-09-09";"Present";"08:21:00";"18:44:00";8.27
5109;144;"2026-09-10";"Present";"09:19:00";"";9.38
5110;144;"2026-09-11";"Absent";"10:05:00";"19:02:00";8.95
5111;144;"2026-09-12";"Present";"10:50:00";"19:04:00";8.23
5112;144;"2026-09-13";"Present";"09:07:00";"18:47:00";9.17
5113;144;"2026-09-14";"Present";"08:52:00";"16:48:00";6.03
5114;144;"2026-09-15";"Present";"09:52:00";"17:37:00";7.75
5115;144;"2026-09-16";"Present";"08:46:00";"";0.0
5116;144;"2026-09-17";"Present";"10:07:00";"19:47:00";7.18
5117;144;"2026-09-18";"Present";"09:00:00";"19:30:00";6.05
5118;144;"2026-09-19";"Work From Home";"08:51:00";"18:33:00";9.7
5119;144;"2026-09-20";"Present";"09:24:00";"17:22:00";8.55
5120;144;"2026-09-21";"Absent";"08:46:00";"18:59:00";7.7
5121;154;"2026-09-02";"Absent";"";"";0.0
5122;154;"2026-09-03";"Present";"08:26:00";"16:53:00";8.6
5123;154;"2026-09-04";"Work From Home";"";"19:57:00";8.07
5124;154;"2026-09-05";"Present";"08:59:00";"17:29:00";9.88
5125;154;"2026-09-06";"Present";"08:56:00";"19:51:00";10.92
5126;154;"2026-09-07";"Present";"08:30:00";"18:58:00";9.67
5127;154;"2026-09-08";"Present";"";"";7.67
5128;154;"2026-09-09";"Present";"";"19:54:00";8.08
5129;154;"2026-09-10";"Present";"08:15:00";"19:30:00";7.65
5130;154;"2026-09-11";"Present";"";"17:31:00";7.17
5131;154;"2026-09-12";"Absent";"10:04:00";"16:19:00";5.52
5132;154;"2026-09-13";"Absent";"08:17:00";"18:52:00";9.82
5133;154;"2026-09-14";"Present";"09:17:00";"18:44:00";9.5
5134;154;"2026-09-15";"On Leave";"08:02:00";"19:01:00";9.13
5135;154;"2026-09-16";"Present";"10:02:00";"18:27:00";8.88
5136;154;"2026-09-17";"Present";"";"";9.48
5137;154;"2026-09-18";"Present";"08:40:00";"19:39:00";8.02
5138;154;"2026-09-19";"Present";"09:51:00";"17:13:00";7.37
5139;154;"2026-09-20";"Present";"10:29:00";"17:48:00";7.32
5140;154;"2026-09-21";"Present";"";"";6.05
5141;174;"2026-09-02";"Present";"09:01:00";"";7.3
5142;174;"2026-09-03";"Present";"10:53:00";"";0.0
5143;174;"2026-09-04";"Present";"09:45:00";"17:35:00";6.68
5144;174;"2026-09-05";"Present";"";"19:23:00";8.22
5145;174;"2026-09-06";"Present";"08:34:00";"16:08:00";6.67
5146;174;"2026-09-07";"Present";"09:29:00";"16:56:00";8.62
5147;174;"2026-09-08";"Present";"09:46:00";"19:04:00";9.97
5148;174;"2026-09-09";"Present";"10:05:00";"";7.88
5149;174;"2026-09-10";"Present";"";"18:16:00";6.3
5150;174;"2026-09-11";"Present";"";"19:08:00";7.37
5151;174;"2026-09-12";"Present";"10:24:00";"";0.0
5152;174;"2026-09-13";"Present";"09:06:00";"16:04:00";6.97
5153;174;"2026-09-14";"Absent";"10:02:00";"16:16:00";8.6
5154;174;"2026-09-15";"Present";"08:28:00";"19:58:00";11.17
5155;174;"2026-09-16";"Present";"10:23:00";"16:34:00";6.18
5156;174;"2026-09-17";"Work From Home";"10:09:00";"19:41:00";9.47
5157;174;"2026-09-18";"Present";"09:56:00";"17:15:00";9.38
5158;174;"2026-09-19";"Work From Home";"";"18:05:00";9.7
5159;174;"2026-09-20";"Present";"";"17:40:00";9.73
5160;174;"2026-09-21";"Present";"09:51:00";"17:18:00";8.7
5161;183;"2026-09-02";"Present";"10:23:00";"17:38:00";7.25
5162;183;"2026-09-03";"Present";"10:10:00";"19:21:00";10.63
5163;183;"2026-09-04";"Absent";"08:41:00";"19:08:00";7.73
5164;183;"2026-09-05";"Present";"08:36:00";"";6.3
5165;183;"2026-09-06";"Present";"08:50:00";"16:22:00";6.63
5166;183;"2026-09-07";"Absent";"";"";0.0
5167;183;"2026-09-08";"Present";"08:29:00";"17:01:00";8.8
5168;183;"2026-09-09";"Present";"10:24:00";"17:14:00";6.83
5169;183;"2026-09-10";"Absent";"08:32:00";"16:21:00";8.73
5170;183;"2026-09-11";"Present";"10:18:00";"";7.68
5171;183;"2026-09-12";"Present";"08:22:00";"19:59:00";8.98
5172;183;"2026-09-13";"Present";"09:38:00";"18:02:00";6.92
5173;183;"2026-09-14";"Absent";"10:11:00";"17:49:00";7.63
5174;183;"2026-09-15";"Present";"";"18:41:00";10.07
5175;183;"2026-09-16";"Present";"";"";10.6
5176;183;"2026-09-17";"Present";"09:36:00";"";9.03
5177;183;"2026-09-18";"Present";"08:06:00";"19:19:00";6.98
5178;183;"2026-09-19";"Present";"10:37:00";"17:09:00";6.53
5179;183;"2026-09-20";"Absent";"";"17:50:00";9.42
5180;183;"2026-09-21";"Present";"09:25:00";"16:25:00";9.23
5181;198;"2026-09-02";"Present";"";"17:19:00";9.18
5182;198;"2026-09-03";"Absent";"10:22:00";"";7.4
5183;198;"2026-09-04";"Present";"10:33:00";"16:08:00";7.93
5184;198;"2026-09-05";"Present";"10:58:00";"17:07:00";9.83
5185;198;"2026-09-06";"Present";"09:47:00";"16:23:00";10.43
5186;198;"2026-09-07";"Present";"";"17:04:00";7.28
5187;198;"2026-09-08";"Work From Home";"09:52:00";"18:38:00";9.13
5188;198;"2026-09-09";"Present";"09:12:00";"17:44:00";8.53
5189;198;"2026-09-10";"Present";"09:50:00";"18:44:00";8.9
5190;198;"2026-09-11";"Present";"";"16:17:00";10.2
5191;198;"2026-09-12";"Present";"10:23:00";"";0.0
5192;198;"2026-09-13";"Present";"10:45:00";"";9.87
5193;198;"2026-09-14";"Absent";"08:18:00";"16:53:00";8.33
5194;198;"2026-09-15";"Present";"";"17:28:00";8.52
5195;198;"2026-09-16";"Present";"08:28:00";"18:12:00";8.68
5196;198;"2026-09-17";"Present";"10:13:00";"17:08:00";7.65
5197;198;"2026-09-18";"Present";"08:52:00";"18:15:00";8.17
5198;198;"2026-09-19";"Absent";"10:49:00";"18:25:00";8.37
5199;198;"2026-09-20";"Present";"";"18:19:00";8.8
5200;198;"2026-09-21";"Absent";"08:08:00";"17:17:00";7.88
5201;202;"2026-09-02";"Present";"08:32:00";"17:35:00";8.48
5202;202;"2026-09-03";"Present";"10:57:00";"17:33:00";6.6
5203;202;"2026-09-04";"Present";"08:56:00";"17:51:00";9.92
5204;202;"2026-09-05";"Absent";"";"17:25:00";9.78
5205;202;"2026-09-06";"Present";"10:28:00";"16:30:00";9.4
5206;202;"2026-09-07";"Absent";"09:25:00";"18:20:00";8.12
5207;202;"2026-09-08";"Present";"09:39:00";"17:58:00";10.68
5208;202;"2026-09-09";"Absent";"08:11:00";"";7.7
5209;202;"2026-09-10";"Present";"";"18:11:00";6.47
5210;202;"2026-09-11";"Present";"";"17:48:00";0.0
5211;202;"2026-09-12";"Present";"10:10:00";"";0.0
5212;202;"2026-09-13";"Absent";"09:37:00";"";10.95
5213;202;"2026-09-14";"Present";"08:39:00";"";0.0
5214;202;"2026-09-15";"Absent";"";"19:54:00";9.05
5215;202;"2026-09-16";"Present";"10:31:00";"16:05:00";9.15
5216;202;"2026-09-17";"Present";"10:03:00";"";8.75
5217;202;"2026-09-18";"Present";"10:07:00";"19:45:00";9.63
5218;202;"2026-09-19";"Absent";"10:58:00";"17:44:00";6.97
5219;202;"2026-09-20";"Present";"";"";0.0
5220;202;"2026-09-21";"Present";"09:30:00";"17:02:00";9.28
5221;209;"2026-09-02";"Present";"09:32:00";"18:31:00";7.33
5222;209;"2026-09-03";"Absent";"10:27:00";"17:45:00";7.3
5223;209;"2026-09-04";"Present";"10:56:00";"19:32:00";8.25
5224;209;"2026-09-05";"Present";"10:20:00";"18:06:00";7.77
5225;209;"2026-09-06";"Present";"";"18:06:00";0.0
5226;209;"2026-09-07";"Present";"09:44:00";"18:48:00";10.03
5227;209;"2026-09-08";"Present";"08:23:00";"17:12:00";8.82
5228;209;"2026-09-09";"Present";"";"16:42:00";0.0
5229;209;"2026-09-10";"Present";"10:48:00";"";0.0
5230;209;"2026-09-11";"Present";"10:51:00";"19:24:00";8.55
5231;209;"2026-09-12";"Present";"08:01:00";"16:31:00";8.02
5232;209;"2026-09-13";"Work From Home";"10:07:00";"";0.0
5233;209;"2026-09-14";"Absent";"09:45:00";"18:28:00";10.75
5234;209;"2026-09-15";"Present";"10:37:00";"16:29:00";9.93
5235;209;"2026-09-16";"Present";"08:55:00";"18:39:00";8.55
5236;209;"2026-09-17";"Present";"09:19:00";"";0.0
5237;209;"2026-09-18";"Present";"";"16:15:00";0.0
5238;209;"2026-09-19";"Absent";"08:48:00";"16:02:00";5.73
5239;209;"2026-09-20";"Present";"09:20:00";"16:39:00";7.32
5240;209;"2026-09-21";"Present";"10:50:00";"";10.75
5241;224;"2026-09-02";"Present";"09:04:00";"16:09:00";9.92
5242;224;"2026-09-03";"Absent";"09:47:00";"16:35:00";6.8
5243;224;"2026-09-04";"Present";"08:04:00";"";0.0
5244;224;"2026-09-05";"Present";"";"17:01:00";6.23
5245;224;"2026-09-06";"Present";"08:46:00";"18:51:00";5.2
5246;224;"2026-09-07";"Absent";"09:14:00";"17:30:00";7.52
5247;224;"2026-09-08";"Present";"09:29:00";"";10.5
5248;224;"2026-09-09";"Present";"10:34:00";"16:42:00";10.55
5249;224;"2026-09-10";"Absent";"";"19:57:00";8.05
5250;224;"2026-09-11";"Present";"08:48:00";"";9.13
5251;224;"2026-09-12";"Present";"10:12:00";"19:01:00";8.82
5252;224;"2026-09-13";"Present";"08:51:00";"16:06:00";7.0
5253;224;"2026-09-14";"Work From Home";"09:08:00";"19:24:00";7.43
5254;224;"2026-09-15";"Present";"09:59:00";"18:09:00";8.17
5255;224;"2026-09-16";"Present";"08:31:00";"16:09:00";9.0
5256;224;"2026-09-17";"Absent";"";"17:15:00";8.68
5257;224;"2026-09-18";"Absent";"09:17:00";"19:47:00";8.57
5258;224;"2026-09-19";"Absent";"10:05:00";"16:11:00";8.4
5259;224;"2026-09-20";"Present";"09:50:00";"17:49:00";7.98
5260;224;"2026-09-21";"Present";"";"";0.0
5261;239;"2026-09-02";"Present";"";"16:13:00";7.63
5262;239;"2026-09-03";"Present";"10:43:00";"19:07:00";9.28
5263;239;"2026-09-04";"Absent";"10:47:00";"19:50:00";9.05
5264;239;"2026-09-05";"Present";"10:36:00";"19:50:00";8.42
5265;239;"2026-09-06";"Present";"";"19:28:00";8.88
5266;239;"2026-09-07";"Present";"10:37:00";"18:23:00";8.43
5267;239;"2026-09-08";"Present";"09:31:00";"19:22:00";8.63
5268;239;"2026-09-09";"Present";"09:04:00";"19:25:00";10.9
5269;239;"2026-09-10";"Present";"08:08:00";"19:25:00";11.28
5270;239;"2026-09-11";"Present";"09:07:00";"19:37:00";10.15
5271;239;"2026-09-12";"Present";"";"16:36:00";0.0
5272;239;"2026-09-13";"Absent";"09:09:00";"17:35:00";9.45
5273;239;"2026-09-14";"Work From Home";"";"17:30:00";8.67
5274;239;"2026-09-15";"Present";"08:46:00";"19:40:00";10.02
5275;239;"2026-09-16";"Present";"";"19:06:00";11.13
5276;239;"2026-09-17";"Present";"09:59:00";"19:15:00";9.27
5277;239;"2026-09-18";"Present";"09:28:00";"18:17:00";8.98
5278;239;"2026-09-19";"Present";"09:48:00";"19:46:00";10.35
5279;239;"2026-09-20";"Present";"";"17:24:00";6.22
5280;239;"2026-09-21";"Present";"";"18:09:00";7.95
5281;249;"2026-09-02";"Present";"";"";0.0
5282;249;"2026-09-03";"Present";"10:10:00";"18:32:00";8.37
5283;249;"2026-09-04";"Present";"09:09:00";"";10.4
5284;249;"2026-09-05";"Present";"";"18:07:00";0.0
5285;249;"2026-09-06";"Present";"10:42:00";"";6.48
5286;249;"2026-09-07";"Present";"";"16:18:00";8.65
5287;249;"2026-09-08";"Present";"09:07:00";"16:01:00";6.9
5288;249;"2026-09-09";"Present";"10:06:00";"19:28:00";9.8
5289;249;"2026-09-10";"Present";"09:14:00";"18:32:00";9.3
5290;249;"2026-09-11";"Present";"08:30:00";"19:43:00";8.0
5291;249;"2026-09-12";"Present";"09:04:00";"";0.0
5292;249;"2026-09-13";"Present";"10:53:00";"18:44:00";7.85
5293;249;"2026-09-14";"Present";"08:28:00";"19:42:00";9.2
5294;249;"2026-09-15";"Absent";"08:41:00";"19:23:00";10.95
5295;249;"2026-09-16";"Absent";"";"19:39:00";7.82
5296;249;"2026-09-17";"Present";"09:54:00";"17:04:00";7.17
5297;249;"2026-09-18";"Present";"08:30:00";"16:40:00";6.98
5298;249;"2026-09-19";"Present";"10:54:00";"16:07:00";8.5
5299;249;"2026-09-20";"Present";"10:00:00";"19:39:00";9.65
5300;249;"2026-09-21";"Present";"10:22:00";"18:59:00";9.47
5301;263;"2026-09-02";"Present";"09:33:00";"";9.4
5302;263;"2026-09-03";"Present";"09:54:00";"17:49:00";5.43
5303;263;"2026-09-04";"Present";"";"17:30:00";10.62
5304;263;"2026-09-05";"Present";"08:22:00";"18:20:00";9.97
5305;263;"2026-09-06";"Present";"";"19:38:00";7.3
5306;263;"2026-09-07";"Present";"";"17:30:00";7.1
5307;263;"2026-09-08";"Present";"";"16:09:00";9.13
5308;263;"2026-09-09";"Present";"08:03:00";"18:16:00";8.9
5309;263;"2026-09-10";"Present";"";"19:36:00";10.32
5310;263;"2026-09-11";"Present";"";"16:56:00";11.17
5311;263;"2026-09-12";"Absent";"09:15:00";"16:14:00";9.0
5312;263;"2026-09-13";"Present";"";"";8.35
5313;263;"2026-09-14";"Present";"10:22:00";"16:19:00";10.07
5314;263;"2026-09-15";"Absent";"08:33:00";"17:06:00";10.63
5315;263;"2026-09-16";"Present";"";"18:49:00";10.83
5316;263;"2026-09-17";"Present";"08:14:00";"19:07:00";7.92
5317;263;"2026-09-18";"Present";"08:51:00";"19:18:00";10.2
5318;263;"2026-09-19";"Present";"";"";9.65
5319;263;"2026-09-20";"Present";"10:21:00";"17:33:00";9.47
5320;263;"2026-09-21";"Absent";"10:14:00";"18:32:00";7.55
5321;280;"2026-09-02";"Present";"08:16:00";"";0.0
5322;280;"2026-09-03";"Present";"10:07:00";"";7.8
5323;280;"2026-09-04";"Present";"10:40:00";"16:10:00";5.5
5324;280;"2026-09-05";"Present";"";"17:34:00";0.0
5325;280;"2026-09-06";"Present";"";"17:04:00";9.15
5326;280;"2026-09-07";"On Leave";"";"17:44:00";7.68
5327;280;"2026-09-08";"Absent";"09:17:00";"17:10:00";8.48
5328;280;"2026-09-09";"Present";"";"19:39:00";7.93
5329;280;"2026-09-10";"Present";"08:34:00";"19:51:00";11.28
5330;280;"2026-09-11";"Absent";"09:00:00";"18:20:00";7.73
5331;280;"2026-09-12";"Present";"09:08:00";"17:55:00";10.38
5332;280;"2026-09-13";"Present";"08:53:00";"17:41:00";6.12
5333;280;"2026-09-14";"Present";"09:17:00";"16:36:00";8.73
5334;280;"2026-09-15";"Absent";"08:46:00";"";7.67
5335;280;"2026-09-16";"Present";"10:56:00";"16:36:00";5.67
5336;280;"2026-09-17";"Work From Home";"08:40:00";"17:36:00";9.88
5337;280;"2026-09-18";"Present";"08:06:00";"17:03:00";8.95
5338;280;"2026-09-19";"Absent";"09:58:00";"17:21:00";7.38
5339;280;"2026-09-20";"Absent";"09:58:00";"16:18:00";5.85
5340;280;"2026-09-21";"Present";"10:14:00";"18:55:00";6.78
5341;282;"2026-09-02";"Present";"";"19:41:00";0.0
5342;282;"2026-09-03";"Present";"09:37:00";"";9.2
5343;282;"2026-09-04";"Present";"10:52:00";"";10.92
5344;282;"2026-09-05";"Present";"10:44:00";"16:03:00";11.12
5345;282;"2026-09-06";"Present";"10:30:00";"17:15:00";10.22
5346;282;"2026-09-07";"Present";"10:28:00";"18:05:00";9.78
5347;282;"2026-09-08";"Present";"10:06:00";"16:39:00";7.7
5348;282;"2026-09-09";"Present";"";"17:48:00";0.0
5349;282;"2026-09-10";"Present";"09:37:00";"";7.2
5350;282;"2026-09-11";"Present";"";"";9.02
5351;282;"2026-09-12";"Work From Home";"";"19:57:00";9.28
5352;282;"2026-09-13";"Present";"10:03:00";"18:33:00";8.5
5353;282;"2026-09-14";"Present";"";"";0.0
5354;282;"2026-09-15";"Present";"09:35:00";"16:35:00";7.0
5355;282;"2026-09-16";"Absent";"";"16:34:00";9.32
5356;282;"2026-09-17";"Present";"09:04:00";"16:27:00";7.38
5357;282;"2026-09-18";"Present";"10:26:00";"19:54:00";10.65
5358;282;"2026-09-19";"Present";"09:44:00";"19:33:00";9.82
5359;282;"2026-09-20";"Present";"09:53:00";"17:33:00";8.38
5360;282;"2026-09-21";"Present";"";"17:08:00";9.77
5361;298;"2026-09-02";"Present";"09:51:00";"";8.35
5362;298;"2026-09-03";"Present";"";"";9.6
5363;298;"2026-09-04";"Present";"10:00:00";"18:31:00";9.33
5364;298;"2026-09-05";"Absent";"09:51:00";"18:52:00";9.6
5365;298;"2026-09-06";"Present";"10:11:00";"18:31:00";8.58
5366;298;"2026-09-07";"Present";"10:24:00";"16:24:00";6.53
5367;298;"2026-09-08";"Present";"08:27:00";"17:36:00";10.05
5368;298;"2026-09-09";"Absent";"08:22:00";"17:52:00";7.3
5369;298;"2026-09-10";"Present";"08:31:00";"";6.75
5370;298;"2026-09-11";"Present";"10:00:00";"19:02:00";7.7
5371;298;"2026-09-12";"Absent";"09:41:00";"";9.1
5372;298;"2026-09-13";"Present";"10:11:00";"19:34:00";10.0
5373;298;"2026-09-14";"Absent";"08:32:00";"";0.0
5374;298;"2026-09-15";"Present";"08:58:00";"17:50:00";8.87
5375;298;"2026-09-16";"Absent";"";"17:48:00";8.7
5376;298;"2026-09-17";"Absent";"09:51:00";"17:05:00";7.65
5377;298;"2026-09-18";"Present";"09:30:00";"17:05:00";7.32
5378;298;"2026-09-19";"Absent";"10:12:00";"18:47:00";5.92
5379;298;"2026-09-20";"Present";"08:35:00";"19:47:00";10.97
5380;298;"2026-09-21";"Present";"08:18:00";"18:43:00";8.95
5381;302;"2026-09-02";"Absent";"10:09:00";"19:10:00";9.58
5382;302;"2026-09-03";"Work From Home";"08:04:00";"";0.0
5383;302;"2026-09-04";"Present";"09:02:00";"18:41:00";9.77
5384;302;"2026-09-05";"Present";"10:50:00";"19:31:00";7.25
5385;302;"2026-09-06";"Present";"10:39:00";"19:07:00";10.08
5386;302;"2026-09-07";"Present";"09:43:00";"16:48:00";9.8
5387;302;"2026-09-08";"Absent";"10:31:00";"18:40:00";9.62
5388;302;"2026-09-09";"Absent";"09:31:00";"17:15:00";7.73
5389;302;"2026-09-10";"Absent";"08:03:00";"";9.33
5390;302;"2026-09-11";"Present";"08:19:00";"17:44:00";10.45
5391;302;"2026-09-12";"Absent";"08:41:00";"19:28:00";10.78
5392;302;"2026-09-13";"Present";"08:01:00";"19:52:00";11.18
5393;302;"2026-09-14";"Present";"10:41:00";"16:17:00";6.52
5394;302;"2026-09-15";"Absent";"09:36:00";"16:05:00";6.52
5395;302;"2026-09-16";"Present";"08:33:00";"16:07:00";8.7
5396;302;"2026-09-17";"Present";"09:42:00";"16:50:00";7.13
5397;302;"2026-09-18";"Present";"08:47:00";"18:54:00";9.87
5398;302;"2026-09-19";"Present";"08:36:00";"16:26:00";7.83
5399;302;"2026-09-20";"Absent";"10:49:00";"17:55:00";7.1
5400;302;"2026-09-21";"Present";"08:12:00";"";0.0
5401;305;"2026-09-02";"Present";"";"";7.02
5402;305;"2026-09-03";"Present";"10:12:00";"18:40:00";9.8
5403;305;"2026-09-04";"Absent";"";"";11.23
5404;305;"2026-09-05";"Present";"10:01:00";"19:38:00";7.4
5405;305;"2026-09-06";"Present";"08:51:00";"16:53:00";8.5
5406;305;"2026-09-07";"Present";"08:58:00";"18:34:00";8.45
5407;305;"2026-09-08";"Work From Home";"08:44:00";"";8.57
5408;305;"2026-09-09";"Absent";"";"18:05:00";10.6
5409;305;"2026-09-10";"Present";"08:39:00";"19:16:00";9.15
5410;305;"2026-09-11";"Present";"";"19:36:00";11.25
5411;305;"2026-09-12";"Present";"09:08:00";"";10.48
5412;305;"2026-09-13";"Present";"08:25:00";"17:05:00";10.25
5413;305;"2026-09-14";"Present";"10:29:00";"";8.9
5414;305;"2026-09-15";"Absent";"";"16:18:00";10.45
5415;305;"2026-09-16";"Present";"08:16:00";"16:51:00";5.4
5416;305;"2026-09-17";"Absent";"09:53:00";"19:29:00";10.58
5417;305;"2026-09-18";"Present";"10:06:00";"18:26:00";8.33
5418;305;"2026-09-19";"Present";"08:04:00";"19:11:00";7.8
5419;305;"2026-09-20";"Absent";"09:45:00";"18:55:00";9.17
5420;305;"2026-09-21";"Present";"10:49:00";"17:59:00";7.17
5421;323;"2026-09-02";"Absent";"10:27:00";"16:59:00";10.0
5422;323;"2026-09-03";"Present";"08:22:00";"16:58:00";8.82
5423;323;"2026-09-04";"Present";"10:34:00";"19:59:00";10.12
5424;323;"2026-09-05";"Present";"";"19:11:00";11.35
5425;323;"2026-09-06";"Work From Home";"";"18:28:00";0.0
5426;323;"2026-09-07";"Present";"";"";8.25
5427;323;"2026-09-08";"Work From Home";"";"";0.0
5428;323;"2026-09-09";"Work From Home";"09:21:00";"";10.02
5429;323;"2026-09-10";"Absent";"08:08:00";"18:17:00";10.15
5430;323;"2026-09-11";"Present";"08:24:00";"16:58:00";9.18
5431;323;"2026-09-12";"Present";"10:43:00";"16:36:00";5.85
5432;323;"2026-09-13";"Present";"10:08:00";"";10.13
5433;323;"2026-09-14";"Absent";"08:02:00";"19:08:00";5.82
5434;323;"2026-09-15";"Present";"";"";0.0
5435;323;"2026-09-16";"Present";"10:52:00";"19:24:00";7.15
5436;323;"2026-09-17";"Present";"10:28:00";"18:00:00";7.53
5437;323;"2026-09-18";"Present";"";"18:35:00";0.0
5438;323;"2026-09-19";"Present";"09:02:00";"16:28:00";7.23
5439;323;"2026-09-20";"Present";"10:28:00";"";6.9
5440;323;"2026-09-21";"Work From Home";"08:14:00";"17:29:00";11.05
5441;326;"2026-09-02";"Absent";"";"16:56:00";6.55
5442;326;"2026-09-03";"Absent";"08:26:00";"16:56:00";8.82
5443;326;"2026-09-04";"Present";"09:21:00";"18:24:00";8.57
5444;326;"2026-09-05";"Present";"09:33:00";"17:23:00";9.53
5445;326;"2026-09-06";"Present";"10:48:00";"19:39:00";8.85
5446;326;"2026-09-07";"Absent";"";"18:15:00";9.85
5447;326;"2026-09-08";"Present";"10:14:00";"17:10:00";8.95
5448;326;"2026-09-09";"Work From Home";"09:25:00";"17:49:00";8.4
5449;326;"2026-09-10";"Present";"";"16:33:00";11.58
5450;326;"2026-09-11";"Present";"";"19:30:00";6.72
5451;326;"2026-09-12";"Absent";"10:27:00";"18:09:00";7.7
5452;326;"2026-09-13";"Present";"08:49:00";"19:08:00";6.48
5453;326;"2026-09-14";"Present";"08:48:00";"19:23:00";9.27
5454;326;"2026-09-15";"Present";"09:52:00";"";0.0
5455;326;"2026-09-16";"Present";"10:37:00";"17:07:00";5.33
5456;326;"2026-09-17";"Present";"09:30:00";"";0.0
5457;326;"2026-09-18";"Present";"";"19:56:00";9.25
5458;326;"2026-09-19";"Absent";"09:36:00";"17:17:00";8.97
5459;326;"2026-09-20";"Present";"09:03:00";"18:05:00";9.8
5460;326;"2026-09-21";"Present";"08:52:00";"16:08:00";9.88
5461;327;"2026-09-02";"Present";"08:21:00";"18:27:00";8.88
5462;327;"2026-09-03";"Present";"";"19:21:00";7.25
5463;327;"2026-09-04";"Absent";"10:19:00";"19:06:00";8.78
5464;327;"2026-09-05";"Absent";"10:01:00";"19:39:00";9.63
5465;327;"2026-09-06";"Work From Home";"";"19:32:00";0.0
5466;327;"2026-09-07";"Present";"08:48:00";"17:38:00";6.53
5467;327;"2026-09-08";"Absent";"08:33:00";"19:19:00";9.68
5468;327;"2026-09-09";"Present";"08:53:00";"16:49:00";7.93
5469;327;"2026-09-10";"Present";"08:34:00";"16:45:00";6.22
5470;327;"2026-09-11";"Present";"";"16:25:00";5.22
5471;327;"2026-09-12";"Present";"";"19:40:00";9.05
5472;327;"2026-09-13";"Present";"";"17:03:00";7.38
5473;327;"2026-09-14";"Present";"08:02:00";"";8.05
5474;327;"2026-09-15";"Present";"09:01:00";"19:07:00";7.07
5475;327;"2026-09-16";"Present";"08:18:00";"";0.0
5476;327;"2026-09-17";"Present";"";"";8.4
5477;327;"2026-09-18";"Present";"";"";8.92
5478;327;"2026-09-19";"Absent";"10:28:00";"17:20:00";5.75
5479;327;"2026-09-20";"Present";"08:16:00";"19:16:00";6.28
5480;327;"2026-09-21";"Absent";"08:59:00";"";0.0
5481;334;"2026-09-02";"Present";"";"16:52:00";9.38
5482;334;"2026-09-03";"Present";"";"";6.43
5483;334;"2026-09-04";"Present";"09:25:00";"";5.82
5484;334;"2026-09-05";"Present";"10:05:00";"17:57:00";7.87
5485;334;"2026-09-06";"Present";"10:08:00";"19:25:00";10.9
5486;334;"2026-09-07";"Present";"";"17:20:00";0.0
5487;334;"2026-09-08";"Absent";"09:00:00";"";7.78
5488;334;"2026-09-09";"Present";"";"";6.63
5489;334;"2026-09-10";"Present";"09:22:00";"16:42:00";5.63
5490;334;"2026-09-11";"Present";"";"16:24:00";6.88
5491;334;"2026-09-12";"Present";"08:29:00";"17:37:00";8.8
5492;334;"2026-09-13";"Present";"10:05:00";"16:19:00";6.23
5493;334;"2026-09-14";"Present";"09:42:00";"19:56:00";8.08
5494;334;"2026-09-15";"Present";"";"18:10:00";7.93
5495;334;"2026-09-16";"Present";"09:10:00";"";11.02
5496;334;"2026-09-17";"Absent";"08:51:00";"16:14:00";7.97
5497;334;"2026-09-18";"Present";"10:45:00";"18:06:00";7.35
5498;334;"2026-09-19";"Absent";"";"18:46:00";6.03
5499;334;"2026-09-20";"Present";"";"16:05:00";10.48
5500;334;"2026-09-21";"Present";"08:42:00";"18:25:00";8.43
5501;344;"2026-09-02";"Absent";"08:36:00";"16:05:00";9.28
5502;344;"2026-09-03";"Present";"08:12:00";"17:11:00";8.98
5503;344;"2026-09-04";"Present";"08:46:00";"18:45:00";9.98
5504;344;"2026-09-05";"Present";"10:33:00";"";9.68
5505;344;"2026-09-06";"Present";"";"16:02:00";6.23
5506;344;"2026-09-07";"Absent";"09:18:00";"16:16:00";10.22
5507;344;"2026-09-08";"Present";"09:04:00";"";7.45
5508;344;"2026-09-09";"Present";"10:52:00";"19:51:00";6.2
5509;344;"2026-09-10";"Present";"";"16:08:00";9.1
5510;344;"2026-09-11";"Present";"08:25:00";"17:05:00";9.07
5511;344;"2026-09-12";"Present";"08:57:00";"";0.0
5512;344;"2026-09-13";"Absent";"08:08:00";"18:38:00";11.4
5513;344;"2026-09-14";"Present";"09:39:00";"17:41:00";8.03
5514;344;"2026-09-15";"Absent";"10:40:00";"16:36:00";9.02
5515;344;"2026-09-16";"Present";"09:40:00";"";0.0
5516;344;"2026-09-17";"Present";"";"18:43:00";10.48
5517;344;"2026-09-18";"Absent";"08:28:00";"18:54:00";10.43
5518;344;"2026-09-19";"Absent";"09:32:00";"17:47:00";8.25
5519;344;"2026-09-20";"Absent";"08:51:00";"";7.58
5520;344;"2026-09-21";"Present";"09:15:00";"";0.0
5521;358;"2026-09-02";"Present";"08:01:00";"";8.38
5522;358;"2026-09-03";"Present";"09:33:00";"16:35:00";7.03
5523;358;"2026-09-04";"Absent";"";"18:08:00";0.0
5524;358;"2026-09-05";"Present";"08:48:00";"18:13:00";8.65
5525;358;"2026-09-06";"Absent";"08:29:00";"19:41:00";7.72
5526;358;"2026-09-07";"Present";"08:08:00";"16:54:00";6.33
5527;358;"2026-09-08";"Present";"09:13:00";"18:24:00";8.92
5528;358;"2026-09-09";"Present";"09:57:00";"19:46:00";7.37
5529;358;"2026-09-10";"Present";"";"19:37:00";9.4
5530;358;"2026-09-11";"Present";"09:52:00";"";6.12
5531;358;"2026-09-12";"Absent";"08:15:00";"17:13:00";8.97
5532;358;"2026-09-13";"Present";"08:05:00";"18:03:00";7.85
5533;358;"2026-09-14";"Present";"";"";8.15
5534;358;"2026-09-15";"Absent";"10:40:00";"";0.0
5535;358;"2026-09-16";"Present";"";"18:30:00";10.33
5536;358;"2026-09-17";"Present";"";"19:56:00";8.98
5537;358;"2026-09-18";"Present";"09:37:00";"18:10:00";8.55
5538;358;"2026-09-19";"Present";"08:09:00";"19:22:00";7.15
5539;358;"2026-09-20";"Present";"10:21:00";"19:33:00";9.0
5540;358;"2026-09-21";"Present";"";"";8.7
5541;374;"2026-09-02";"Present";"10:03:00";"16:47:00";9.55
5542;374;"2026-09-03";"Present";"";"18:23:00";9.25
5543;374;"2026-09-04";"Present";"";"19:30:00";9.17
5544;374;"2026-09-05";"Present";"08:52:00";"19:35:00";11.02
5545;374;"2026-09-06";"Present";"";"";0.0
5546;374;"2026-09-07";"Present";"08:26:00";"16:31:00";6.55
5547;374;"2026-09-08";"Absent";"09:33:00";"18:27:00";9.78
5548;374;"2026-09-09";"On Leave";"10:01:00";"17:50:00";10.03
5549;374;"2026-09-10";"Absent";"09:22:00";"18:12:00";8.83
5550;374;"2026-09-11";"Present";"09:22:00";"";0.0
5551;374;"2026-09-12";"Work From Home";"08:49:00";"19:57:00";6.13
5552;374;"2026-09-13";"Present";"09:53:00";"";8.18
5553;374;"2026-09-14";"Absent";"08:43:00";"";0.0
5554;374;"2026-09-15";"Absent";"10:41:00";"16:53:00";10.42
5555;374;"2026-09-16";"Present";"";"19:06:00";7.95
5556;374;"2026-09-17";"Present";"";"18:19:00";0.0
5557;374;"2026-09-18";"Present";"10:20:00";"18:23:00";10.28
5558;374;"2026-09-19";"Present";"08:47:00";"";10.53
5559;374;"2026-09-20";"Present";"10:30:00";"19:34:00";6.55
5560;374;"2026-09-21";"Present";"";"";11.28
5561;376;"2026-09-02";"Absent";"09:13:00";"18:07:00";8.9
5562;376;"2026-09-03";"Absent";"09:48:00";"17:59:00";6.27
5563;376;"2026-09-04";"Present";"09:46:00";"17:57:00";9.07
5564;376;"2026-09-05";"Present";"09:08:00";"16:17:00";6.38
5565;376;"2026-09-06";"Present";"09:12:00";"18:38:00";9.5
5566;376;"2026-09-07";"Present";"09:08:00";"";0.0
5567;376;"2026-09-08";"Absent";"08:11:00";"19:04:00";10.88
5568;376;"2026-09-09";"Present";"10:07:00";"16:53:00";5.15
5569;376;"2026-09-10";"Present";"08:58:00";"16:32:00";8.4
5570;376;"2026-09-11";"Present";"08:39:00";"19:38:00";11.2
5571;376;"2026-09-12";"Present";"";"19:06:00";7.55
5572;376;"2026-09-13";"Present";"10:50:00";"17:49:00";10.5
5573;376;"2026-09-14";"Present";"09:32:00";"";0.0
5574;376;"2026-09-15";"Absent";"";"18:50:00";9.17
5575;376;"2026-09-16";"Absent";"09:50:00";"";6.05
5576;376;"2026-09-17";"Present";"08:01:00";"17:28:00";9.45
5577;376;"2026-09-18";"Present";"08:42:00";"16:27:00";7.75
5578;376;"2026-09-19";"Present";"";"19:39:00";0.0
5579;376;"2026-09-20";"Present";"09:45:00";"16:10:00";8.7
5580;376;"2026-09-21";"Absent";"09:01:00";"19:13:00";5.52
5581;380;"2026-09-02";"Present";"";"18:35:00";8.32
5582;380;"2026-09-03";"Work From Home";"";"18:26:00";0.0
5583;380;"2026-09-04";"Present";"10:04:00";"";0.0
5584;380;"2026-09-05";"Absent";"10:43:00";"18:05:00";7.15
5585;380;"2026-09-06";"Present";"09:39:00";"17:06:00";8.55
5586;380;"2026-09-07";"Work From Home";"10:37:00";"19:02:00";8.52
5587;380;"2026-09-08";"Present";"08:08:00";"17:56:00";7.52
5588;380;"2026-09-09";"Absent";"08:30:00";"16:10:00";7.67
5589;380;"2026-09-10";"Present";"09:36:00";"19:48:00";9.98
5590;380;"2026-09-11";"Present";"10:20:00";"18:27:00";8.63
5591;380;"2026-09-12";"Absent";"09:12:00";"17:29:00";8.28
5592;380;"2026-09-13";"Absent";"08:09:00";"16:47:00";9.57
5593;380;"2026-09-14";"Present";"";"";9.05
5594;380;"2026-09-15";"Present";"08:21:00";"19:38:00";7.15
5595;380;"2026-09-16";"Present";"10:57:00";"17:45:00";6.8
5596;380;"2026-09-17";"Present";"";"18:13:00";8.25
5597;380;"2026-09-18";"Absent";"08:11:00";"19:47:00";9.27
5598;380;"2026-09-19";"Present";"10:27:00";"17:31:00";8.08
5599;380;"2026-09-20";"Present";"10:11:00";"";0.0
5600;380;"2026-09-21";"Absent";"08:36:00";"17:33:00";8.57
5601;385;"2026-09-02";"Absent";"10:27:00";"17:12:00";7.13
5602;385;"2026-09-03";"Absent";"";"";8.9
5603;385;"2026-09-04";"Absent";"";"19:32:00";0.0
5604;385;"2026-09-05";"Present";"08:26:00";"18:20:00";9.9
5605;385;"2026-09-06";"Present";"08:08:00";"17:07:00";6.95
5606;385;"2026-09-07";"Present";"09:14:00";"17:40:00";9.28
5607;385;"2026-09-08";"Present";"10:58:00";"19:05:00";8.12
5608;385;"2026-09-09";"Present";"10:34:00";"18:32:00";8.98
5609;385;"2026-09-10";"Present";"";"16:50:00";8.47
5610;385;"2026-09-11";"Present";"08:32:00";"";6.33
5611;385;"2026-09-12";"Present";"10:13:00";"16:13:00";7.28
5612;385;"2026-09-13";"Present";"08:38:00";"";8.03
5613;385;"2026-09-14";"Present";"09:41:00";"";8.57
5614;385;"2026-09-15";"Present";"";"19:29:00";9.38
5615;385;"2026-09-16";"Present";"";"18:00:00";10.87
5616;385;"2026-09-17";"Absent";"10:13:00";"17:10:00";5.85
5617;385;"2026-09-18";"Present";"";"";9.1
5618;385;"2026-09-19";"Absent";"09:01:00";"18:22:00";9.58
5619;385;"2026-09-20";"Absent";"10:16:00";"17:30:00";8.05
5620;385;"2026-09-21";"Absent";"09:47:00";"18:27:00";6.53
5621;393;"2026-09-02";"Present";"";"19:05:00";11.4
5622;393;"2026-09-03";"Present";"10:18:00";"18:50:00";8.38
5623;393;"2026-09-04";"Present";"10:34:00";"19:30:00";8.93
5624;393;"2026-09-05";"Present";"10:51:00";"17:39:00";6.8
5625;393;"2026-09-06";"Present";"";"";6.27
5626;393;"2026-09-07";"Absent";"09:03:00";"19:29:00";6.48
5627;393;"2026-09-08";"Present";"";"";6.38
5628;393;"2026-09-09";"Present";"09:53:00";"17:17:00";7.43
5629;393;"2026-09-10";"Absent";"";"";9.93
5630;393;"2026-09-11";"Present";"";"18:09:00";0.0
5631;393;"2026-09-12";"Present";"09:23:00";"16:41:00";8.27
5632;393;"2026-09-13";"Present";"";"18:32:00";0.0
5633;393;"2026-09-14";"Present";"08:15:00";"";6.37
5634;393;"2026-09-15";"Present";"09:11:00";"18:13:00";9.03
5635;393;"2026-09-16";"Present";"10:44:00";"17:10:00";6.43
5636;393;"2026-09-17";"Present";"10:39:00";"";6.43
5637;393;"2026-09-18";"Present";"09:37:00";"16:44:00";8.13
5638;393;"2026-09-19";"Present";"";"17:02:00";0.0
5639;393;"2026-09-20";"Present";"10:39:00";"18:14:00";7.67
5640;393;"2026-09-21";"Present";"10:30:00";"";7.45
5641;397;"2026-09-02";"Present";"";"17:23:00";7.05
5642;397;"2026-09-03";"Present";"08:14:00";"18:17:00";9.57
5643;397;"2026-09-04";"Absent";"";"18:56:00";0.0
5644;397;"2026-09-05";"Present";"09:04:00";"19:28:00";9.07
5645;397;"2026-09-06";"Present";"09:18:00";"";6.68
5646;397;"2026-09-07";"Present";"09:21:00";"17:18:00";6.77
5647;397;"2026-09-08";"Present";"";"19:16:00";6.9
5648;397;"2026-09-09";"Present";"09:34:00";"17:41:00";5.53
5649;397;"2026-09-10";"On Leave";"";"19:33:00";0.0
5650;397;"2026-09-11";"Present";"08:35:00";"16:22:00";8.1
5651;397;"2026-09-12";"Present";"08:05:00";"";6.55
5652;397;"2026-09-13";"Present";"08:12:00";"16:10:00";9.9
5653;397;"2026-09-14";"Absent";"09:38:00";"17:54:00";7.75
5654;397;"2026-09-15";"Present";"08:46:00";"17:29:00";9.12
5655;397;"2026-09-16";"Present";"08:19:00";"";10.95
5656;397;"2026-09-17";"Present";"";"16:29:00";9.67
5657;397;"2026-09-18";"Absent";"08:43:00";"18:08:00";9.42
5658;397;"2026-09-19";"Absent";"08:19:00";"18:58:00";10.65
5659;397;"2026-09-20";"Present";"";"19:13:00";7.57
5660;397;"2026-09-21";"Present";"10:24:00";"17:21:00";6.95
5661;398;"2026-09-02";"Present";"09:12:00";"16:33:00";7.22
5662;398;"2026-09-03";"Absent";"";"19:11:00";7.97
5663;398;"2026-09-04";"Present";"09:37:00";"16:18:00";8.53
5664;398;"2026-09-05";"Absent";"08:40:00";"16:15:00";6.52
5665;398;"2026-09-06";"Absent";"";"17:14:00";10.78
5666;398;"2026-09-07";"Present";"10:45:00";"19:21:00";8.6
5667;398;"2026-09-08";"Present";"";"19:52:00";6.17
5668;398;"2026-09-09";"Present";"";"";7.97
5669;398;"2026-09-10";"Absent";"08:12:00";"";7.35
5670;398;"2026-09-11";"Present";"10:07:00";"";6.73
5671;398;"2026-09-12";"Absent";"10:07:00";"19:43:00";9.6
5672;398;"2026-09-13";"Present";"10:16:00";"17:25:00";6.83
5673;398;"2026-09-14";"Present";"10:19:00";"17:04:00";7.95
5674;398;"2026-09-15";"Present";"10:08:00";"16:53:00";10.9
5675;398;"2026-09-16";"Present";"10:44:00";"16:42:00";8.35
5676;398;"2026-09-17";"Present";"09:59:00";"17:02:00";7.05
5677;398;"2026-09-18";"Absent";"";"16:55:00";0.0
5678;398;"2026-09-19";"Absent";"10:15:00";"17:38:00";7.38
5679;398;"2026-09-20";"Present";"10:31:00";"18:32:00";8.02
5680;398;"2026-09-21";"Absent";"08:18:00";"17:46:00";7.33
5681;400;"2026-09-02";"Present";"08:59:00";"18:46:00";11.53
5682;400;"2026-09-03";"Present";"09:16:00";"";9.87
5683;400;"2026-09-04";"Present";"10:45:00";"16:50:00";6.08
5684;400;"2026-09-05";"Work From Home";"09:38:00";"";9.28
5685;400;"2026-09-06";"Present";"";"16:56:00";5.5
5686;400;"2026-09-07";"Absent";"";"";7.73
5687;400;"2026-09-08";"Present";"";"19:41:00";9.25
5688;400;"2026-09-09";"Present";"09:04:00";"";0.0
5689;400;"2026-09-10";"Present";"09:44:00";"";0.0
5690;400;"2026-09-11";"Present";"09:19:00";"19:29:00";10.17
5691;400;"2026-09-12";"Present";"08:45:00";"";0.0
5692;400;"2026-09-13";"Work From Home";"";"";7.08
5693;400;"2026-09-14";"Present";"";"17:56:00";6.75
5694;400;"2026-09-15";"Present";"08:16:00";"18:19:00";10.08
5695;400;"2026-09-16";"Absent";"10:50:00";"18:50:00";10.88
5696;400;"2026-09-17";"Present";"09:55:00";"19:54:00";9.98
5697;400;"2026-09-18";"Present";"";"16:27:00";7.87
5698;400;"2026-09-19";"Absent";"";"17:37:00";0.0
5699;400;"2026-09-20";"Present";"09:54:00";"17:42:00";9.23
5700;400;"2026-09-21";"Absent";"08:33:00";"18:47:00";9.73
5701;421;"2026-09-02";"Present";"";"";8.55
5702;421;"2026-09-03";"Present";"09:11:00";"18:31:00";10.58
5703;421;"2026-09-04";"Present";"09:46:00";"17:56:00";8.17
5704;421;"2026-09-05";"Present";"09:52:00";"16:09:00";6.17
5705;421;"2026-09-06";"Present";"08:00:00";"17:52:00";9.72
5706;421;"2026-09-07";"Present";"08:43:00";"16:11:00";6.75
5707;421;"2026-09-08";"Present";"09:57:00";"19:49:00";8.98
5708;421;"2026-09-09";"Absent";"10:00:00";"18:39:00";8.97
5709;421;"2026-09-10";"Present";"";"18:26:00";8.58
5710;421;"2026-09-11";"Present";"08:43:00";"16:18:00";11.2
5711;421;"2026-09-12";"Present";"";"17:08:00";10.8
5712;421;"2026-09-13";"Present";"";"";7.18
5713;421;"2026-09-14";"Absent";"10:14:00";"16:56:00";8.97
5714;421;"2026-09-15";"Present";"08:22:00";"18:15:00";8.98
5715;421;"2026-09-16";"Absent";"10:12:00";"16:56:00";8.22
5716;421;"2026-09-17";"Present";"";"";8.15
5717;421;"2026-09-18";"Present";"08:16:00";"";0.0
5718;421;"2026-09-19";"Absent";"10:13:00";"18:52:00";9.83
5719;421;"2026-09-20";"Present";"09:38:00";"19:51:00";10.17
5720;421;"2026-09-21";"Absent";"09:09:00";"17:10:00";8.68
5721;448;"2026-09-02";"Present";"08:06:00";"18:56:00";9.87
5722;448;"2026-09-03";"Present";"08:34:00";"19:31:00";10.95
5723;448;"2026-09-04";"Present";"";"17:49:00";0.0
5724;448;"2026-09-05";"Present";"08:40:00";"19:50:00";10.58
5725;448;"2026-09-06";"Present";"10:41:00";"18:37:00";6.98
5726;448;"2026-09-07";"Present";"";"16:52:00";9.73
5727;448;"2026-09-08";"Absent";"";"18:55:00";11.58
5728;448;"2026-09-09";"Present";"10:33:00";"";0.0
5729;448;"2026-09-10";"Absent";"10:40:00";"19:46:00";5.87
5730;448;"2026-09-11";"Present";"10:31:00";"16:51:00";9.13
5731;448;"2026-09-12";"Present";"";"18:39:00";8.83
5732;448;"2026-09-13";"Present";"10:38:00";"19:30:00";8.97
5733;448;"2026-09-14";"Present";"";"";0.0
5734;448;"2026-09-15";"Present";"";"";8.57
5735;448;"2026-09-16";"Present";"09:49:00";"17:10:00";8.57
5736;448;"2026-09-17";"Present";"09:44:00";"";8.12
5737;448;"2026-09-18";"Present";"08:42:00";"16:35:00";9.35
5738;448;"2026-09-19";"Present";"10:23:00";"16:28:00";9.3
5739;448;"2026-09-20";"Present";"";"";9.85
5740;448;"2026-09-21";"Absent";"";"18:51:00";10.25
5741;479;"2026-09-02";"Present";"08:13:00";"17:40:00";5.48
5742;479;"2026-09-03";"Present";"10:46:00";"17:47:00";7.02
5743;479;"2026-09-04";"Present";"10:09:00";"16:07:00";5.87
5744;479;"2026-09-05";"Present";"10:55:00";"";0.0
5745;479;"2026-09-06";"Present";"08:45:00";"16:17:00";8.83
5746;479;"2026-09-07";"Present";"09:13:00";"17:37:00";8.4
5747;479;"2026-09-08";"Present";"";"";7.75
5748;479;"2026-09-09";"Present";"09:16:00";"18:18:00";6.52
5749;479;"2026-09-10";"Present";"10:48:00";"17:32:00";6.73
5750;479;"2026-09-11";"Absent";"10:06:00";"16:43:00";9.42
5751;479;"2026-09-12";"Present";"10:46:00";"18:25:00";10.15
5752;479;"2026-09-13";"Absent";"08:10:00";"19:19:00";11.15
5753;479;"2026-09-14";"Work From Home";"10:34:00";"18:26:00";9.32
5754;479;"2026-09-15";"Present";"";"";9.27
5755;479;"2026-09-16";"Present";"08:03:00";"18:14:00";6.55
5756;479;"2026-09-17";"Present";"09:51:00";"17:35:00";8.47
5757;479;"2026-09-18";"Absent";"";"18:07:00";9.02
5758;479;"2026-09-19";"Present";"09:34:00";"19:04:00";9.5
5759;479;"2026-09-20";"Present";"08:12:00";"";0.0
5760;479;"2026-09-21";"Present";"10:06:00";"";6.98
5761;501;"2026-09-02";"Present";"";"17:55:00";6.77
5762;501;"2026-09-03";"Present";"08:11:00";"19:24:00";9.98
5763;501;"2026-09-04";"Present";"09:49:00";"18:24:00";6.92
5764;501;"2026-09-05";"Present";"08:40:00";"16:28:00";9.33
5765;501;"2026-09-06";"Absent";"10:28:00";"";8.4
5766;501;"2026-09-07";"Present";"08:50:00";"18:49:00";9.98
5767;501;"2026-09-08";"Present";"";"16:03:00";6.25
5768;501;"2026-09-09";"Present";"08:49:00";"17:03:00";8.23
5769;501;"2026-09-10";"Absent";"10:22:00";"18:48:00";8.43
5770;501;"2026-09-11";"Present";"09:33:00";"16:25:00";6.87
5771;501;"2026-09-12";"Work From Home";"09:53:00";"19:38:00";9.75
5772;501;"2026-09-13";"Present";"";"16:44:00";9.97
5773;501;"2026-09-14";"Absent";"09:17:00";"17:37:00";8.33
5774;501;"2026-09-15";"Present";"";"19:43:00";8.88
5775;501;"2026-09-16";"Present";"";"19:21:00";8.87
5776;501;"2026-09-17";"Present";"09:06:00";"17:28:00";10.38
5777;501;"2026-09-18";"Absent";"08:18:00";"19:13:00";10.05
5778;501;"2026-09-19";"Absent";"08:17:00";"";8.38
5779;501;"2026-09-20";"Present";"09:01:00";"17:16:00";8.25
5780;501;"2026-09-21";"Absent";"08:50:00";"";8.45
5781;503;"2026-09-02";"Present";"";"";0.0
5782;503;"2026-09-03";"Present";"10:31:00";"16:52:00";10.97
5783;503;"2026-09-04";"Present";"09:24:00";"";0.0
5784;503;"2026-09-05";"Present";"09:53:00";"19:21:00";7.38
5785;503;"2026-09-06";"Present";"10:13:00";"17:28:00";11.02
5786;503;"2026-09-07";"Absent";"08:31:00";"18:17:00";9.77
5787;503;"2026-09-08";"Present";"";"17:24:00";0.0
5788;503;"2026-09-09";"Work From Home";"09:22:00";"18:48:00";7.55
5789;503;"2026-09-10";"Present";"10:03:00";"18:11:00";7.3
5790;503;"2026-09-11";"Present";"";"19:56:00";0.0
5791;503;"2026-09-12";"Absent";"";"";8.63
5792;503;"2026-09-13";"Present";"10:28:00";"17:34:00";7.1
5793;503;"2026-09-14";"Present";"09:36:00";"";10.28
5794;503;"2026-09-15";"Absent";"08:17:00";"16:40:00";10.02
5795;503;"2026-09-16";"Present";"08:31:00";"";9.3
5796;503;"2026-09-17";"Present";"09:52:00";"18:04:00";7.88
5797;503;"2026-09-18";"Present";"";"18:18:00";8.53
5798;503;"2026-09-19";"Present";"08:54:00";"";0.0
5799;503;"2026-09-20";"Present";"10:13:00";"16:18:00";10.55
5800;503;"2026-09-21";"Absent";"";"";0.0
5801;506;"2026-09-02";"Present";"10:43:00";"19:17:00";10.13
5802;506;"2026-09-03";"Absent";"09:54:00";"18:15:00";6.17
5803;506;"2026-09-04";"Absent";"10:47:00";"19:07:00";5.95
5804;506;"2026-09-05";"Present";"09:51:00";"18:26:00";6.38
5805;506;"2026-09-06";"Absent";"09:09:00";"19:19:00";10.17
5806;506;"2026-09-07";"Present";"";"18:31:00";8.63
5807;506;"2026-09-08";"Present";"";"19:54:00";6.72
5808;506;"2026-09-09";"Present";"08:30:00";"17:50:00";8.12
5809;506;"2026-09-10";"Present";"10:23:00";"17:37:00";7.23
5810;506;"2026-09-11";"Work From Home";"09:56:00";"";0.0
5811;506;"2026-09-12";"Present";"09:18:00";"";7.55
5812;506;"2026-09-13";"Present";"08:07:00";"";9.72
5813;506;"2026-09-14";"Present";"10:35:00";"17:38:00";6.68
5814;506;"2026-09-15";"Absent";"";"";0.0
5815;506;"2026-09-16";"Present";"08:39:00";"16:19:00";7.02
5816;506;"2026-09-17";"Present";"09:19:00";"18:01:00";9.53
5817;506;"2026-09-18";"Present";"";"18:27:00";10.63
5818;506;"2026-09-19";"Present";"10:03:00";"16:26:00";9.12
5819;506;"2026-09-20";"Present";"09:54:00";"17:51:00";7.95
5820;506;"2026-09-21";"Present";"10:20:00";"19:41:00";9.47
5821;512;"2026-09-02";"Present";"";"";0.0
5822;512;"2026-09-03";"Present";"08:15:00";"16:20:00";8.08
5823;512;"2026-09-04";"Work From Home";"";"";6.05
5824;512;"2026-09-05";"Present";"08:01:00";"19:54:00";8.55
5825;512;"2026-09-06";"Absent";"08:25:00";"19:42:00";11.28
5826;512;"2026-09-07";"Present";"09:21:00";"19:57:00";10.05
5827;512;"2026-09-08";"Present";"09:03:00";"19:34:00";10.52
5828;512;"2026-09-09";"Absent";"10:53:00";"";6.58
5829;512;"2026-09-10";"Present";"10:03:00";"16:20:00";8.27
5830;512;"2026-09-11";"Present";"10:09:00";"18:27:00";9.27
5831;512;"2026-09-12";"Present";"08:49:00";"17:41:00";8.38
5832;512;"2026-09-13";"Present";"09:44:00";"";9.48
5833;512;"2026-09-14";"Present";"";"16:50:00";0.0
5834;512;"2026-09-15";"Present";"09:35:00";"16:54:00";7.32
5835;512;"2026-09-16";"Present";"10:29:00";"17:34:00";7.33
5836;512;"2026-09-17";"Present";"09:18:00";"19:33:00";10.25
5837;512;"2026-09-18";"Absent";"08:18:00";"17:15:00";9.38
5838;512;"2026-09-19";"Absent";"10:30:00";"19:11:00";8.07
5839;512;"2026-09-20";"Present";"08:22:00";"19:09:00";11.73
5840;512;"2026-09-21";"Absent";"10:10:00";"16:11:00";8.85
5841;530;"2026-09-02";"Present";"";"18:07:00";7.95
5842;530;"2026-09-03";"Present";"09:05:00";"18:19:00";9.23
5843;530;"2026-09-04";"Present";"10:50:00";"";7.72
5844;530;"2026-09-05";"Present";"10:51:00";"17:33:00";6.7
5845;530;"2026-09-06";"Present";"10:38:00";"16:35:00";9.07
5846;530;"2026-09-07";"Present";"09:04:00";"18:57:00";10.93
5847;530;"2026-09-08";"Present";"10:39:00";"18:28:00";7.82
5848;530;"2026-09-09";"Present";"09:02:00";"19:37:00";11.1
5849;530;"2026-09-10";"Absent";"";"17:10:00";6.27
5850;530;"2026-09-11";"Present";"";"16:37:00";6.6
5851;530;"2026-09-12";"Present";"";"18:06:00";7.27
5852;530;"2026-09-13";"Present";"10:27:00";"19:59:00";5.85
5853;530;"2026-09-14";"Present";"09:32:00";"";0.0
5854;530;"2026-09-15";"Present";"";"18:11:00";7.95
5855;530;"2026-09-16";"Present";"08:51:00";"16:30:00";7.65
5856;530;"2026-09-17";"Present";"";"19:00:00";8.45
5857;530;"2026-09-18";"Present";"09:32:00";"17:12:00";7.67
5858;530;"2026-09-19";"Present";"08:24:00";"";0.0
5859;530;"2026-09-20";"Present";"";"16:22:00";0.0
5860;530;"2026-09-21";"Work From Home";"08:08:00";"18:33:00";10.42
5861;1027;"2026-09-02";"Present";"08:49:00";"18:52:00";7.67
5862;1027;"2026-09-03";"Present";"08:02:00";"19:17:00";10.57
5863;1027;"2026-09-04";"Present";"10:06:00";"18:42:00";8.6
5864;1027;"2026-09-05";"Present";"10:11:00";"16:14:00";6.05
5865;1027;"2026-09-06";"Present";"09:19:00";"17:23:00";8.07
5866;1027;"2026-09-07";"Absent";"";"19:56:00";0.0
5867;1027;"2026-09-08";"Present";"";"19:25:00";6.98
5868;1027;"2026-09-09";"Work From Home";"09:57:00";"16:56:00";6.95
5869;1027;"2026-09-10";"Present";"09:30:00";"19:06:00";6.65
5870;1027;"2026-09-11";"Present";"09:06:00";"17:58:00";8.87
5871;1027;"2026-09-12";"Present";"10:31:00";"";7.7
5872;1027;"2026-09-13";"Present";"09:14:00";"16:06:00";7.92
5873;1027;"2026-09-14";"Absent";"09:01:00";"";0.0
5874;1027;"2026-09-15";"Present";"09:13:00";"19:38:00";6.2
5875;1027;"2026-09-16";"Absent";"09:16:00";"";6.53
5876;1027;"2026-09-17";"Present";"08:06:00";"18:52:00";10.77
5877;1027;"2026-09-18";"Present";"";"18:54:00";0.0
5878;1027;"2026-09-19";"Present";"08:06:00";"18:03:00";7.78
5879;1027;"2026-09-20";"Absent";"08:02:00";"";9.4
5880;1027;"2026-09-21";"Present";"";"17:09:00";0.0
5881;1028;"2026-09-02";"Present";"10:41:00";"18:42:00";8.02
5882;1028;"2026-09-03";"Absent";"09:08:00";"19:59:00";8.92
5883;1028;"2026-09-04";"Present";"08:16:00";"16:58:00";11.47
5884;1028;"2026-09-05";"Present";"08:01:00";"";8.37
5885;1028;"2026-09-06";"Present";"10:47:00";"18:11:00";7.4
5886;1028;"2026-09-07";"Absent";"09:55:00";"18:11:00";6.87
5887;1028;"2026-09-08";"Present";"09:18:00";"19:55:00";10.62
5888;1028;"2026-09-09";"Present";"10:12:00";"";9.18
5889;1028;"2026-09-10";"Present";"10:25:00";"16:41:00";10.6
5890;1028;"2026-09-11";"Present";"08:05:00";"16:50:00";8.13
5891;1028;"2026-09-12";"Absent";"";"19:48:00";9.0
5892;1028;"2026-09-13";"Present";"10:56:00";"18:28:00";8.5
5893;1028;"2026-09-14";"Present";"08:24:00";"18:13:00";9.82
5894;1028;"2026-09-15";"Absent";"10:19:00";"17:45:00";10.23
5895;1028;"2026-09-16";"Absent";"09:17:00";"19:59:00";8.53
5896;1028;"2026-09-17";"Present";"08:45:00";"16:02:00";7.25
5897;1028;"2026-09-18";"Present";"";"19:06:00";0.0
5898;1028;"2026-09-19";"Absent";"";"";7.17
5899;1028;"2026-09-20";"Present";"09:27:00";"17:47:00";8.8
5900;1028;"2026-09-21";"Present";"10:09:00";"18:50:00";8.48
5901;6;"2026-09-02";"Present";"09:43:00";"17:16:00";9.15
5902;6;"2026-09-03";"Present";"";"";10.22
5903;6;"2026-09-04";"Present";"";"16:57:00";6.98
5904;6;"2026-09-05";"Present";"08:23:00";"18:12:00";9.02
5905;6;"2026-09-06";"Present";"09:40:00";"16:45:00";8.47
5906;6;"2026-09-07";"Present";"08:59:00";"18:46:00";7.57
5907;6;"2026-09-08";"Present";"";"19:11:00";7.7
5908;6;"2026-09-09";"Present";"10:12:00";"";11.05
5909;6;"2026-09-10";"Absent";"";"17:40:00";7.38
5910;6;"2026-09-11";"Present";"08:11:00";"";10.95
5911;6;"2026-09-12";"Absent";"09:03:00";"18:19:00";9.27
5912;6;"2026-09-13";"Absent";"";"18:32:00";10.9
5913;6;"2026-09-14";"Absent";"";"19:28:00";7.15
5914;6;"2026-09-15";"Present";"09:58:00";"18:39:00";6.85
5915;6;"2026-09-16";"Present";"";"19:51:00";0.0
5916;6;"2026-09-17";"Present";"10:50:00";"16:25:00";5.58
5917;6;"2026-09-18";"Present";"";"17:44:00";8.97
5918;6;"2026-09-19";"Work From Home";"08:55:00";"19:31:00";10.6
5919;6;"2026-09-20";"Present";"09:29:00";"16:42:00";7.22
5920;6;"2026-09-21";"Present";"08:01:00";"";7.4
5921;42;"2026-09-02";"Absent";"";"17:51:00";0.0
5922;42;"2026-09-03";"Present";"";"17:18:00";7.55
5923;42;"2026-09-04";"Work From Home";"10:47:00";"";6.95
5924;42;"2026-09-05";"Present";"08:44:00";"17:24:00";8.67
5925;42;"2026-09-06";"Present";"09:52:00";"16:17:00";5.88
5926;42;"2026-09-07";"Present";"09:28:00";"";9.92
5927;42;"2026-09-08";"Absent";"";"17:40:00";9.33
5928;42;"2026-09-09";"Present";"09:10:00";"17:00:00";8.8
5929;42;"2026-09-10";"Present";"";"17:25:00";6.15
5930;42;"2026-09-11";"Absent";"08:36:00";"";0.0
5931;42;"2026-09-12";"Present";"08:28:00";"18:21:00";8.97
5932;42;"2026-09-13";"Absent";"";"19:04:00";11.17
5933;42;"2026-09-14";"Absent";"10:28:00";"16:22:00";5.9
5934;42;"2026-09-15";"Present";"";"17:27:00";7.57
5935;42;"2026-09-16";"Present";"08:58:00";"";9.53
5936;42;"2026-09-17";"Present";"09:26:00";"17:31:00";9.38
5937;42;"2026-09-18";"Absent";"09:54:00";"17:45:00";7.35
5938;42;"2026-09-19";"Present";"08:55:00";"17:27:00";10.17
5939;42;"2026-09-20";"Absent";"08:53:00";"18:09:00";11.05
5940;42;"2026-09-21";"Present";"09:31:00";"19:32:00";10.8
5941;77;"2026-09-02";"Present";"08:13:00";"";0.0
5942;77;"2026-09-03";"Present";"";"17:32:00";10.18
5943;77;"2026-09-04";"Absent";"";"16:31:00";9.08
5944;77;"2026-09-05";"Present";"10:32:00";"19:23:00";5.27
5945;77;"2026-09-06";"Absent";"09:51:00";"";0.0
5946;77;"2026-09-07";"Present";"09:50:00";"18:08:00";7.5
5947;77;"2026-09-08";"Present";"";"18:54:00";8.88
5948;77;"2026-09-09";"Present";"10:52:00";"17:57:00";8.17
5949;77;"2026-09-10";"Present";"09:35:00";"16:26:00";8.88
5950;77;"2026-09-11";"Present";"";"16:56:00";6.33
5951;77;"2026-09-12";"Present";"";"19:18:00";7.53
5952;77;"2026-09-13";"Present";"08:02:00";"16:54:00";8.87
5953;77;"2026-09-14";"Absent";"10:42:00";"";0.0
5954;77;"2026-09-15";"Present";"10:07:00";"";8.05
5955;77;"2026-09-16";"Present";"09:13:00";"17:50:00";10.72
5956;77;"2026-09-17";"Present";"09:43:00";"";0.0
5957;77;"2026-09-18";"Present";"09:45:00";"18:23:00";8.63
5958;77;"2026-09-19";"Present";"";"18:46:00";8.15
5959;77;"2026-09-20";"Present";"10:28:00";"19:06:00";8.63
5960;77;"2026-09-21";"Present";"10:05:00";"16:29:00";6.4
5961;80;"2026-09-02";"Present";"09:17:00";"19:25:00";6.45
5962;80;"2026-09-03";"Present";"";"18:39:00";7.02
5963;80;"2026-09-04";"Present";"09:51:00";"";8.02
5964;80;"2026-09-05";"Absent";"10:11:00";"";0.0
5965;80;"2026-09-06";"Present";"10:07:00";"";5.47
5966;80;"2026-09-07";"Present";"09:04:00";"19:58:00";9.92
5967;80;"2026-09-08";"Present";"";"18:20:00";6.55
5968;80;"2026-09-09";"Present";"10:18:00";"18:25:00";8.75
5969;80;"2026-09-10";"Present";"";"16:40:00";9.05
5970;80;"2026-09-11";"Present";"10:03:00";"19:08:00";9.2
5971;80;"2026-09-12";"Present";"08:25:00";"18:08:00";10.63
5972;80;"2026-09-13";"Present";"09:19:00";"";8.0
5973;80;"2026-09-14";"Present";"10:08:00";"18:13:00";7.72
5974;80;"2026-09-15";"Present";"08:23:00";"";0.0
5975;80;"2026-09-16";"Present";"";"18:47:00";9.83
5976;80;"2026-09-17";"Absent";"08:37:00";"16:02:00";7.42
5977;80;"2026-09-18";"Present";"";"19:42:00";0.0
5978;80;"2026-09-19";"Present";"09:59:00";"18:54:00";7.67
5979;80;"2026-09-20";"Present";"09:15:00";"16:50:00";6.22
5980;80;"2026-09-21";"Present";"09:46:00";"18:14:00";8.53
5981;82;"2026-09-02";"Absent";"";"18:02:00";0.0
5982;82;"2026-09-03";"Absent";"08:23:00";"";11.43
5983;82;"2026-09-04";"Present";"";"19:31:00";9.32
5984;82;"2026-09-05";"Absent";"08:31:00";"16:22:00";8.93
5985;82;"2026-09-06";"Absent";"08:37:00";"18:59:00";6.85
5986;82;"2026-09-07";"Present";"";"18:20:00";9.02
5987;82;"2026-09-08";"Present";"08:44:00";"19:14:00";9.02
5988;82;"2026-09-09";"Present";"10:04:00";"16:05:00";8.73
5989;82;"2026-09-10";"Work From Home";"";"18:26:00";0.0
5990;82;"2026-09-11";"Present";"";"19:41:00";0.0
5991;82;"2026-09-12";"Absent";"09:17:00";"17:02:00";7.75
5992;82;"2026-09-13";"Present";"09:53:00";"16:49:00";8.53
5993;82;"2026-09-14";"Present";"09:26:00";"";0.0
5994;82;"2026-09-15";"Absent";"10:39:00";"16:55:00";10.88
5995;82;"2026-09-16";"Present";"10:58:00";"17:37:00";8.05
5996;82;"2026-09-17";"Present";"09:12:00";"16:38:00";7.43
5997;82;"2026-09-18";"Present";"09:39:00";"16:31:00";9.03
5998;82;"2026-09-19";"Present";"10:29:00";"17:50:00";8.57
5999;82;"2026-09-20";"Present";"08:05:00";"16:52:00";6.87
6000;82;"2026-09-21";"Absent";"08:19:00";"";0.0
6001;99;"2026-09-02";"Present";"09:34:00";"16:20:00";6.0
6002;99;"2026-09-03";"Present";"";"16:42:00";7.65
6003;99;"2026-09-04";"Present";"09:29:00";"16:29:00";7.0
6004;99;"2026-09-05";"Present";"08:58:00";"18:59:00";10.37
6005;99;"2026-09-06";"Present";"08:34:00";"18:19:00";7.67
6006;99;"2026-09-07";"Present";"10:51:00";"19:52:00";7.08
6007;99;"2026-09-08";"Work From Home";"";"";6.58
6008;99;"2026-09-09";"Present";"10:35:00";"19:16:00";10.1
6009;99;"2026-09-10";"Present";"09:55:00";"19:40:00";8.0
6010;99;"2026-09-11";"Present";"10:37:00";"16:37:00";7.78
6011;99;"2026-09-12";"Present";"09:56:00";"17:09:00";10.2
6012;99;"2026-09-13";"Present";"10:17:00";"19:37:00";9.33
6013;99;"2026-09-14";"Present";"08:26:00";"19:35:00";10.27
6014;99;"2026-09-15";"Present";"08:01:00";"16:01:00";8.03
6015;99;"2026-09-16";"Absent";"";"18:33:00";10.23
6016;99;"2026-09-17";"Present";"08:48:00";"17:06:00";5.77
6017;99;"2026-09-18";"Absent";"09:53:00";"";7.9
6018;99;"2026-09-19";"Present";"10:21:00";"17:11:00";6.83
6019;99;"2026-09-20";"Absent";"09:38:00";"18:39:00";8.58
6020;99;"2026-09-21";"Present";"08:22:00";"";9.07
6021;110;"2026-09-02";"Present";"10:27:00";"18:00:00";6.7
6022;110;"2026-09-03";"Absent";"08:52:00";"17:11:00";8.32
6023;110;"2026-09-04";"Present";"08:16:00";"19:07:00";10.38
6024;110;"2026-09-05";"Present";"08:07:00";"";0.0
6025;110;"2026-09-06";"Absent";"10:17:00";"18:18:00";8.02
6026;110;"2026-09-07";"Absent";"09:20:00";"16:28:00";7.13
6027;110;"2026-09-08";"Absent";"10:16:00";"17:19:00";7.88
6028;110;"2026-09-09";"Present";"10:28:00";"18:39:00";10.23
6029;110;"2026-09-10";"Present";"";"19:42:00";10.33
6030;110;"2026-09-11";"Present";"10:31:00";"19:18:00";9.32
6031;110;"2026-09-12";"Absent";"08:29:00";"";0.0
6032;110;"2026-09-13";"Present";"";"19:24:00";9.67
6033;110;"2026-09-14";"Present";"10:46:00";"16:31:00";7.78
6034;110;"2026-09-15";"Present";"";"";6.18
6035;110;"2026-09-16";"Present";"08:28:00";"";10.18
6036;110;"2026-09-17";"Present";"";"";0.0
6037;110;"2026-09-18";"Present";"09:04:00";"19:48:00";8.7
6038;110;"2026-09-19";"Present";"10:24:00";"16:12:00";7.6
6039;110;"2026-09-20";"Absent";"09:18:00";"17:48:00";8.78
6040;110;"2026-09-21";"Present";"10:28:00";"19:39:00";8.93
6041;122;"2026-09-02";"Present";"10:04:00";"18:04:00";7.17
6042;122;"2026-09-03";"Present";"08:27:00";"18:00:00";9.33
6043;122;"2026-09-04";"Absent";"08:30:00";"";8.93
6044;122;"2026-09-05";"Present";"";"";0.0
6045;122;"2026-09-06";"Present";"10:35:00";"18:13:00";5.33
6046;122;"2026-09-07";"Present";"08:48:00";"19:30:00";10.37
6047;122;"2026-09-08";"Present";"";"";5.55
6048;122;"2026-09-09";"Present";"09:42:00";"";8.35
6049;122;"2026-09-10";"Present";"";"";7.37
6050;122;"2026-09-11";"Absent";"08:28:00";"16:23:00";10.18
6051;122;"2026-09-12";"Absent";"09:02:00";"19:58:00";9.85
6052;122;"2026-09-13";"Present";"10:49:00";"";9.47
6053;122;"2026-09-14";"Absent";"10:47:00";"19:16:00";8.48
6054;122;"2026-09-15";"Present";"08:48:00";"16:51:00";11.38
6055;122;"2026-09-16";"Absent";"09:51:00";"16:11:00";11.22
6056;122;"2026-09-17";"Present";"09:32:00";"18:29:00";9.67
6057;122;"2026-09-18";"Absent";"09:30:00";"16:11:00";8.2
6058;122;"2026-09-19";"Present";"08:57:00";"17:29:00";7.1
6059;122;"2026-09-20";"Work From Home";"09:54:00";"17:42:00";11.68
6060;122;"2026-09-21";"Present";"10:54:00";"";5.27
6061;131;"2026-09-02";"Present";"10:15:00";"17:41:00";8.65
6062;131;"2026-09-03";"Present";"10:11:00";"16:26:00";6.92
6063;131;"2026-09-04";"Present";"08:28:00";"";0.0
6064;131;"2026-09-05";"Absent";"08:40:00";"";8.2
6065;131;"2026-09-06";"Work From Home";"08:07:00";"";0.0
6066;131;"2026-09-07";"Absent";"10:58:00";"16:21:00";7.23
6067;131;"2026-09-08";"Present";"08:50:00";"";8.48
6068;131;"2026-09-09";"Present";"09:33:00";"19:38:00";6.68
6069;131;"2026-09-10";"Present";"10:15:00";"17:00:00";10.37
6070;131;"2026-09-11";"Present";"09:56:00";"17:10:00";7.33
6071;131;"2026-09-12";"Absent";"10:11:00";"16:24:00";6.22
6072;131;"2026-09-13";"Present";"09:05:00";"18:33:00";11.12
6073;131;"2026-09-14";"Present";"08:54:00";"18:50:00";8.32
6074;131;"2026-09-15";"Present";"10:49:00";"18:15:00";8.23
6075;131;"2026-09-16";"Present";"";"17:21:00";9.57
6076;131;"2026-09-17";"Absent";"09:38:00";"18:25:00";9.02
6077;131;"2026-09-18";"Present";"08:44:00";"";9.73
6078;131;"2026-09-19";"Absent";"10:10:00";"17:34:00";6.6
6079;131;"2026-09-20";"Present";"";"";10.03
6080;131;"2026-09-21";"Present";"09:04:00";"";9.83
6081;142;"2026-09-02";"Present";"09:42:00";"17:47:00";8.08
6082;142;"2026-09-03";"Present";"08:28:00";"16:09:00";8.62
6083;142;"2026-09-04";"Absent";"08:09:00";"16:39:00";6.42
6084;142;"2026-09-05";"Absent";"";"17:27:00";8.23
6085;142;"2026-09-06";"Present";"08:42:00";"18:05:00";7.48
6086;142;"2026-09-07";"Present";"10:22:00";"";0.0
6087;142;"2026-09-08";"Work From Home";"09:05:00";"18:56:00";9.85
6088;142;"2026-09-09";"Present";"09:38:00";"18:44:00";9.1
6089;142;"2026-09-10";"Present";"";"19:22:00";7.95
6090;142;"2026-09-11";"Present";"10:31:00";"19:52:00";10.98
6091;142;"2026-09-12";"Present";"10:22:00";"";6.18
6092;142;"2026-09-13";"Present";"09:15:00";"19:28:00";10.4
6093;142;"2026-09-14";"Present";"";"19:16:00";0.0
6094;142;"2026-09-15";"Present";"10:45:00";"17:24:00";6.47
6095;142;"2026-09-16";"Present";"10:40:00";"";5.92
6096;142;"2026-09-17";"Present";"08:56:00";"19:58:00";11.63
6097;142;"2026-09-18";"Absent";"08:22:00";"18:23:00";10.67
6098;142;"2026-09-19";"Present";"10:02:00";"18:55:00";6.2
6099;142;"2026-09-20";"Present";"10:47:00";"17:03:00";7.35
6100;142;"2026-09-21";"Present";"09:47:00";"16:27:00";8.1
6101;163;"2026-09-02";"Absent";"";"19:11:00";7.4
6102;163;"2026-09-03";"Present";"09:12:00";"19:36:00";6.98
6103;163;"2026-09-04";"Absent";"";"17:55:00";0.0
6104;163;"2026-09-05";"Present";"08:51:00";"";7.5
6105;163;"2026-09-06";"Present";"10:16:00";"18:37:00";11.47
6106;163;"2026-09-07";"Present";"10:09:00";"18:17:00";8.92
6107;163;"2026-09-08";"Present";"10:14:00";"18:31:00";8.28
6108;163;"2026-09-09";"Absent";"08:27:00";"19:33:00";11.1
6109;163;"2026-09-10";"Present";"";"17:19:00";7.83
6110;163;"2026-09-11";"Present";"08:16:00";"18:09:00";9.48
6111;163;"2026-09-12";"Absent";"";"18:22:00";0.0
6112;163;"2026-09-13";"Present";"";"19:14:00";0.0
6113;163;"2026-09-14";"Present";"10:26:00";"17:34:00";9.57
6114;163;"2026-09-15";"Present";"10:54:00";"17:57:00";7.05
6115;163;"2026-09-16";"Present";"";"17:28:00";0.0
6116;163;"2026-09-17";"Present";"08:59:00";"16:35:00";8.78
6117;163;"2026-09-18";"Present";"";"";8.3
6118;163;"2026-09-19";"Present";"08:38:00";"";0.0
6119;163;"2026-09-20";"Absent";"";"";0.0
6120;163;"2026-09-21";"Present";"";"16:19:00";6.78
6121;199;"2026-09-02";"Absent";"08:29:00";"";0.0
6122;199;"2026-09-03";"Absent";"";"18:10:00";9.23
6123;199;"2026-09-04";"Absent";"10:23:00";"";8.45
6124;199;"2026-09-05";"Present";"";"";9.2
6125;199;"2026-09-06";"Present";"09:29:00";"18:43:00";8.23
6126;199;"2026-09-07";"Present";"09:14:00";"";9.65
6127;199;"2026-09-08";"Absent";"";"";8.48
6128;199;"2026-09-09";"Present";"10:12:00";"17:02:00";11.13
6129;199;"2026-09-10";"Work From Home";"";"19:14:00";0.0
6130;199;"2026-09-11";"Present";"09:12:00";"17:15:00";8.38
6131;199;"2026-09-12";"Absent";"10:37:00";"";8.2
6132;199;"2026-09-13";"Absent";"08:39:00";"19:21:00";6.07
6133;199;"2026-09-14";"Present";"10:48:00";"19:39:00";10.33
6134;199;"2026-09-15";"Present";"08:00:00";"16:17:00";6.78
6135;199;"2026-09-16";"Present";"08:46:00";"18:04:00";10.53
6136;199;"2026-09-17";"Present";"10:06:00";"16:26:00";8.55
6137;199;"2026-09-18";"Absent";"";"17:08:00";6.47
6138;199;"2026-09-19";"Present";"";"17:13:00";0.0
6139;199;"2026-09-20";"Present";"09:53:00";"17:56:00";8.45
6140;199;"2026-09-21";"Present";"";"";0.0
6141;208;"2026-09-02";"Present";"08:48:00";"17:45:00";6.67
6142;208;"2026-09-03";"Present";"08:47:00";"17:24:00";9.18
6143;208;"2026-09-04";"Present";"08:52:00";"18:08:00";10.0
6144;208;"2026-09-05";"Present";"08:22:00";"19:00:00";10.92
6145;208;"2026-09-06";"Present";"09:42:00";"16:06:00";8.07
6146;208;"2026-09-07";"Present";"09:09:00";"";0.0
6147;208;"2026-09-08";"Present";"09:41:00";"19:15:00";9.57
6148;208;"2026-09-09";"Present";"09:08:00";"16:41:00";11.03
6149;208;"2026-09-10";"Present";"";"17:08:00";7.63
6150;208;"2026-09-11";"Present";"09:39:00";"";0.0
6151;208;"2026-09-12";"Present";"10:27:00";"19:59:00";5.67
6152;208;"2026-09-13";"Absent";"09:28:00";"19:34:00";7.23
6153;208;"2026-09-14";"Absent";"";"18:33:00";0.0
6154;208;"2026-09-15";"Work From Home";"09:39:00";"";0.0
6155;208;"2026-09-16";"Absent";"10:42:00";"17:53:00";9.62
6156;208;"2026-09-17";"Present";"08:35:00";"16:22:00";7.78
6157;208;"2026-09-18";"Work From Home";"10:03:00";"19:16:00";9.72
6158;208;"2026-09-19";"Present";"";"";0.0
6159;208;"2026-09-20";"Work From Home";"10:53:00";"18:41:00";8.37
6160;208;"2026-09-21";"Present";"10:49:00";"18:14:00";8.9
6161;210;"2026-09-02";"Present";"09:28:00";"18:54:00";7.57
6162;210;"2026-09-03";"Present";"";"18:27:00";0.0
6163;210;"2026-09-04";"Present";"";"";7.97
6164;210;"2026-09-05";"Present";"";"18:11:00";6.02
6165;210;"2026-09-06";"Absent";"10:38:00";"";8.15
6166;210;"2026-09-07";"Present";"08:31:00";"18:45:00";8.03
6167;210;"2026-09-08";"Absent";"09:23:00";"16:18:00";7.43
6168;210;"2026-09-09";"Present";"08:09:00";"18:22:00";6.87
6169;210;"2026-09-10";"Present";"08:33:00";"16:34:00";7.73
6170;210;"2026-09-11";"Present";"09:45:00";"";9.07
6171;210;"2026-09-12";"Present";"08:18:00";"19:23:00";10.82
6172;210;"2026-09-13";"Present";"10:43:00";"17:07:00";6.4
6173;210;"2026-09-14";"Present";"09:09:00";"16:51:00";7.7
6174;210;"2026-09-15";"Present";"";"19:17:00";10.97
6175;210;"2026-09-16";"Present";"08:51:00";"18:10:00";9.32
6176;210;"2026-09-17";"Absent";"10:02:00";"17:30:00";7.47
6177;210;"2026-09-18";"Present";"09:38:00";"";7.78
6178;210;"2026-09-19";"Present";"09:43:00";"";8.9
6179;210;"2026-09-20";"Present";"08:21:00";"18:59:00";9.1
6180;210;"2026-09-21";"Present";"10:33:00";"19:49:00";9.27
6181;212;"2026-09-02";"Present";"10:44:00";"";9.87
6182;212;"2026-09-03";"Present";"08:38:00";"17:49:00";9.18
6183;212;"2026-09-04";"Present";"";"18:34:00";0.0
6184;212;"2026-09-05";"Present";"09:38:00";"19:48:00";10.17
6185;212;"2026-09-06";"Present";"09:20:00";"19:23:00";8.55
6186;212;"2026-09-07";"Present";"";"16:56:00";9.08
6187;212;"2026-09-08";"Present";"";"";8.03
6188;212;"2026-09-09";"Absent";"";"16:56:00";8.7
6189;212;"2026-09-10";"Absent";"";"16:21:00";10.2
6190;212;"2026-09-11";"Absent";"10:33:00";"19:26:00";9.32
6191;212;"2026-09-12";"Present";"";"16:32:00";8.4
6192;212;"2026-09-13";"Absent";"";"17:41:00";5.38
6193;212;"2026-09-14";"Present";"09:30:00";"19:22:00";6.98
6194;212;"2026-09-15";"Absent";"08:50:00";"19:09:00";10.32
6195;212;"2026-09-16";"Present";"08:17:00";"19:18:00";5.25
6196;212;"2026-09-17";"Present";"09:27:00";"17:52:00";10.13
6197;212;"2026-09-18";"Present";"09:55:00";"19:33:00";7.4
6198;212;"2026-09-19";"Present";"10:14:00";"16:51:00";7.82
6199;212;"2026-09-20";"Present";"";"";0.0
6200;212;"2026-09-21";"Present";"";"19:31:00";9.65
6201;213;"2026-09-02";"Present";"";"19:21:00";10.62
6202;213;"2026-09-03";"Present";"10:10:00";"18:59:00";7.78
6203;213;"2026-09-04";"Present";"09:25:00";"16:49:00";10.05
6204;213;"2026-09-05";"Present";"";"";0.0
6205;213;"2026-09-06";"Present";"09:46:00";"19:52:00";8.0
6206;213;"2026-09-07";"Present";"09:22:00";"";8.4
6207;213;"2026-09-08";"Absent";"09:51:00";"18:44:00";8.88
6208;213;"2026-09-09";"Absent";"08:06:00";"18:17:00";7.8
6209;213;"2026-09-10";"Absent";"08:41:00";"17:29:00";9.65
6210;213;"2026-09-11";"Present";"10:53:00";"18:51:00";8.25
6211;213;"2026-09-12";"Absent";"08:27:00";"17:24:00";7.9
6212;213;"2026-09-13";"Present";"";"16:10:00";6.72
6213;213;"2026-09-14";"Absent";"09:29:00";"16:26:00";6.95
6214;213;"2026-09-15";"Present";"09:06:00";"";6.77
6215;213;"2026-09-16";"Present";"";"";0.0
6216;213;"2026-09-17";"Present";"09:11:00";"18:48:00";8.33
6217;213;"2026-09-18";"Present";"";"16:42:00";8.08
6218;213;"2026-09-19";"Absent";"10:02:00";"";9.25
6219;213;"2026-09-20";"Present";"08:09:00";"18:24:00";10.25
6220;213;"2026-09-21";"Present";"08:21:00";"18:14:00";8.15
6221;240;"2026-09-02";"Present";"09:43:00";"16:53:00";8.72
6222;240;"2026-09-03";"Work From Home";"10:47:00";"16:14:00";8.52
6223;240;"2026-09-04";"Absent";"";"17:11:00";8.93
6224;240;"2026-09-05";"Present";"08:13:00";"17:02:00";8.82
6225;240;"2026-09-06";"Present";"09:48:00";"19:08:00";9.33
6226;240;"2026-09-07";"Present";"09:56:00";"18:13:00";8.43
6227;240;"2026-09-08";"Present";"10:11:00";"16:34:00";10.28
6228;240;"2026-09-09";"Present";"10:55:00";"";0.0
6229;240;"2026-09-10";"Absent";"08:06:00";"";8.88
6230;240;"2026-09-11";"Present";"10:27:00";"16:42:00";8.12
6231;240;"2026-09-12";"Present";"10:21:00";"19:49:00";9.47
6232;240;"2026-09-13";"Present";"09:03:00";"17:11:00";8.13
6233;240;"2026-09-14";"Present";"10:40:00";"";6.9
6234;240;"2026-09-15";"Present";"10:11:00";"";0.0
6235;240;"2026-09-16";"Work From Home";"08:48:00";"18:32:00";10.25
6236;240;"2026-09-17";"Present";"09:46:00";"17:11:00";8.9
6237;240;"2026-09-18";"Absent";"09:25:00";"";0.0
6238;240;"2026-09-19";"Absent";"";"16:53:00";7.4
6239;240;"2026-09-20";"Present";"10:48:00";"17:27:00";7.18
6240;240;"2026-09-21";"Present";"09:00:00";"19:08:00";8.27
6241;247;"2026-09-02";"Present";"10:38:00";"18:12:00";8.78
6242;247;"2026-09-03";"Absent";"09:12:00";"19:06:00";9.9
6243;247;"2026-09-04";"Absent";"";"17:31:00";7.5
6244;247;"2026-09-05";"Present";"09:40:00";"16:51:00";7.18
6245;247;"2026-09-06";"Present";"";"";8.08
6246;247;"2026-09-07";"Present";"";"19:25:00";8.15
6247;247;"2026-09-08";"Absent";"09:08:00";"19:10:00";7.1
6248;247;"2026-09-09";"Present";"08:59:00";"19:54:00";6.5
6249;247;"2026-09-10";"Absent";"08:15:00";"";8.9
6250;247;"2026-09-11";"Present";"10:02:00";"17:34:00";7.43
6251;247;"2026-09-12";"Present";"08:33:00";"";9.98
6252;247;"2026-09-13";"Present";"08:25:00";"18:41:00";8.48
6253;247;"2026-09-14";"Work From Home";"09:55:00";"18:09:00";8.7
6254;247;"2026-09-15";"Present";"08:36:00";"19:29:00";7.73
6255;247;"2026-09-16";"Present";"10:49:00";"";5.85
6256;247;"2026-09-17";"Present";"10:52:00";"";0.0
6257;247;"2026-09-18";"Present";"08:03:00";"16:27:00";8.22
6258;247;"2026-09-19";"Present";"10:54:00";"16:55:00";7.47
6259;247;"2026-09-20";"Absent";"10:52:00";"18:06:00";7.23
6260;247;"2026-09-21";"Present";"";"16:37:00";9.43
6261;269;"2026-09-02";"Present";"08:33:00";"";0.0
6262;269;"2026-09-03";"Present";"10:19:00";"";9.72
6263;269;"2026-09-04";"Present";"10:36:00";"18:29:00";7.88
6264;269;"2026-09-05";"Present";"";"19:47:00";10.18
6265;269;"2026-09-06";"Present";"09:23:00";"16:42:00";7.32
6266;269;"2026-09-07";"Present";"08:26:00";"";0.0
6267;269;"2026-09-08";"Present";"";"16:08:00";7.75
6268;269;"2026-09-09";"Absent";"";"18:53:00";9.62
6269;269;"2026-09-10";"Present";"";"17:54:00";9.23
6270;269;"2026-09-11";"Present";"08:49:00";"";11.65
6271;269;"2026-09-12";"Absent";"09:22:00";"16:10:00";9.63
6272;269;"2026-09-13";"Present";"09:11:00";"18:54:00";9.72
6273;269;"2026-09-14";"Absent";"08:50:00";"";11.52
6274;269;"2026-09-15";"Work From Home";"08:37:00";"";6.22
6275;269;"2026-09-16";"Present";"09:24:00";"16:58:00";5.43
6276;269;"2026-09-17";"Present";"10:16:00";"";6.1
6277;269;"2026-09-18";"Present";"08:33:00";"16:53:00";8.13
6278;269;"2026-09-19";"Present";"10:22:00";"16:56:00";7.9
6279;269;"2026-09-20";"Present";"10:46:00";"";0.0
6280;269;"2026-09-21";"Present";"08:02:00";"18:58:00";6.17
6281;273;"2026-09-02";"Present";"";"18:42:00";10.32
6282;273;"2026-09-03";"Absent";"10:10:00";"18:54:00";7.38
6283;273;"2026-09-04";"Work From Home";"10:28:00";"17:47:00";7.32
6284;273;"2026-09-05";"Present";"09:33:00";"16:58:00";10.22
6285;273;"2026-09-06";"Present";"08:22:00";"19:53:00";7.67
6286;273;"2026-09-07";"Absent";"09:34:00";"17:45:00";8.8
6287;273;"2026-09-08";"Present";"";"19:44:00";0.0
6288;273;"2026-09-09";"Absent";"10:59:00";"19:33:00";7.73
6289;273;"2026-09-10";"Present";"09:45:00";"16:15:00";8.18
6290;273;"2026-09-11";"Absent";"08:28:00";"19:33:00";6.75
6291;273;"2026-09-12";"Present";"09:48:00";"";0.0
6292;273;"2026-09-13";"Present";"";"17:23:00";8.82
6293;273;"2026-09-14";"Present";"10:34:00";"18:19:00";7.72
6294;273;"2026-09-15";"Absent";"09:50:00";"18:33:00";8.72
6295;273;"2026-09-16";"Absent";"10:11:00";"17:04:00";6.62
6296;273;"2026-09-17";"Absent";"08:15:00";"18:40:00";7.58
6297;273;"2026-09-18";"Present";"10:41:00";"17:38:00";9.08
6298;273;"2026-09-19";"Present";"08:38:00";"";8.25
6299;273;"2026-09-20";"Present";"";"16:50:00";0.0
6300;273;"2026-09-21";"Present";"08:51:00";"18:56:00";10.08
6301;278;"2026-09-02";"Present";"09:57:00";"19:47:00";6.9
6302;278;"2026-09-03";"Absent";"10:04:00";"";0.0
6303;278;"2026-09-04";"Present";"10:34:00";"17:53:00";7.65
6304;278;"2026-09-05";"Present";"10:54:00";"16:33:00";9.08
6305;278;"2026-09-06";"Absent";"09:14:00";"";9.7
6306;278;"2026-09-07";"Present";"08:43:00";"";7.93
6307;278;"2026-09-08";"Present";"09:01:00";"";11.9
6308;278;"2026-09-09";"Present";"10:29:00";"18:40:00";10.53
6309;278;"2026-09-10";"Present";"08:37:00";"16:08:00";7.88
6310;278;"2026-09-11";"Present";"08:59:00";"16:55:00";7.75
6311;278;"2026-09-12";"Present";"09:34:00";"17:51:00";6.05
6312;278;"2026-09-13";"Present";"08:31:00";"18:45:00";10.23
6313;278;"2026-09-14";"Present";"08:25:00";"";7.08
6314;278;"2026-09-15";"Work From Home";"10:15:00";"18:39:00";7.52
6315;278;"2026-09-16";"Present";"09:57:00";"18:45:00";7.82
6316;278;"2026-09-17";"Present";"09:05:00";"";0.0
6317;278;"2026-09-18";"Present";"10:57:00";"18:20:00";7.38
6318;278;"2026-09-19";"Present";"09:55:00";"16:00:00";8.55
6319;278;"2026-09-20";"Present";"08:50:00";"19:02:00";5.87
6320;278;"2026-09-21";"Present";"10:20:00";"18:11:00";6.17
6321;312;"2026-09-02";"Present";"10:40:00";"19:25:00";8.03
6322;312;"2026-09-03";"Present";"08:02:00";"18:50:00";9.72
6323;312;"2026-09-04";"Present";"10:55:00";"16:13:00";8.05
6324;312;"2026-09-05";"Absent";"08:05:00";"17:26:00";11.37
6325;312;"2026-09-06";"Present";"";"17:32:00";11.4
6326;312;"2026-09-07";"Present";"09:25:00";"16:01:00";8.97
6327;312;"2026-09-08";"Present";"10:54:00";"16:29:00";5.58
6328;312;"2026-09-09";"Present";"09:17:00";"18:40:00";8.02
6329;312;"2026-09-10";"Present";"08:56:00";"16:20:00";10.37
6330;312;"2026-09-11";"Present";"10:26:00";"19:00:00";5.87
6331;312;"2026-09-12";"Present";"09:29:00";"18:27:00";8.97
6332;312;"2026-09-13";"Present";"08:28:00";"17:33:00";9.08
6333;312;"2026-09-14";"Work From Home";"";"18:11:00";7.38
6334;312;"2026-09-15";"Present";"08:35:00";"";0.0
6335;312;"2026-09-16";"Present";"";"18:02:00";9.73
6336;312;"2026-09-17";"Absent";"";"16:44:00";7.8
6337;312;"2026-09-18";"Absent";"08:33:00";"18:33:00";10.0
6338;312;"2026-09-19";"Absent";"09:39:00";"17:50:00";8.05
6339;312;"2026-09-20";"Present";"09:32:00";"17:29:00";7.32
6340;312;"2026-09-21";"Present";"09:32:00";"";5.95
6341;364;"2026-09-02";"Present";"";"18:02:00";9.97
6342;364;"2026-09-03";"Present";"09:12:00";"";8.68
6343;364;"2026-09-04";"Present";"10:57:00";"17:09:00";7.53
6344;364;"2026-09-05";"Present";"08:58:00";"17:13:00";8.25
6345;364;"2026-09-06";"Present";"10:32:00";"19:53:00";8.9
6346;364;"2026-09-07";"Present";"09:42:00";"18:53:00";8.42
6347;364;"2026-09-08";"Present";"";"";0.0
6348;364;"2026-09-09";"Present";"09:04:00";"17:55:00";5.28
6349;364;"2026-09-10";"Absent";"10:15:00";"19:00:00";9.07
6350;364;"2026-09-11";"Present";"";"19:57:00";0.0
6351;364;"2026-09-12";"Present";"09:25:00";"19:52:00";10.45
6352;364;"2026-09-13";"Absent";"09:52:00";"17:51:00";8.82
6353;364;"2026-09-14";"Absent";"09:28:00";"16:26:00";9.02
6354;364;"2026-09-15";"Present";"08:31:00";"17:51:00";5.48
6355;364;"2026-09-16";"Absent";"10:29:00";"19:31:00";5.48
6356;364;"2026-09-17";"Present";"";"";0.0
6357;364;"2026-09-18";"Absent";"";"16:53:00";9.1
6358;364;"2026-09-19";"Absent";"08:10:00";"17:13:00";9.05
6359;364;"2026-09-20";"Present";"09:51:00";"18:33:00";7.22
6360;364;"2026-09-21";"Present";"10:22:00";"18:21:00";8.27
6361;375;"2026-09-02";"Present";"08:34:00";"17:15:00";8.68
6362;375;"2026-09-03";"Present";"08:38:00";"18:27:00";9.93
6363;375;"2026-09-04";"Present";"";"16:19:00";0.0
6364;375;"2026-09-05";"Present";"";"18:32:00";9.97
6365;375;"2026-09-06";"Present";"08:43:00";"";10.82
6366;375;"2026-09-07";"Absent";"09:50:00";"17:48:00";7.97
6367;375;"2026-09-08";"Present";"10:20:00";"";0.0
6368;375;"2026-09-09";"Present";"";"16:35:00";10.4
6369;375;"2026-09-10";"Absent";"08:40:00";"19:17:00";6.8
6370;375;"2026-09-11";"Present";"08:48:00";"18:30:00";10.47
6371;375;"2026-09-12";"Present";"10:32:00";"18:17:00";9.55
6372;375;"2026-09-13";"Present";"10:54:00";"18:39:00";9.07
6373;375;"2026-09-14";"Present";"10:07:00";"18:28:00";8.35
6374;375;"2026-09-15";"Present";"";"17:05:00";10.15
6375;375;"2026-09-16";"Present";"09:00:00";"18:26:00";11.25
6376;375;"2026-09-17";"Present";"";"";0.0
6377;375;"2026-09-18";"Absent";"08:32:00";"19:37:00";5.77
6378;375;"2026-09-19";"Present";"";"";7.12
6379;375;"2026-09-20";"Absent";"";"16:45:00";8.77
6380;375;"2026-09-21";"Present";"09:41:00";"";8.08
6381;379;"2026-09-02";"Present";"08:14:00";"17:53:00";9.65
6382;379;"2026-09-03";"Present";"08:20:00";"17:52:00";6.75
6383;379;"2026-09-04";"Present";"08:03:00";"";0.0
6384;379;"2026-09-05";"Present";"";"18:25:00";7.03
6385;379;"2026-09-06";"Present";"08:27:00";"";8.17
6386;379;"2026-09-07";"Absent";"";"19:18:00";7.2
6387;379;"2026-09-08";"Present";"08:11:00";"16:15:00";9.22
6388;379;"2026-09-09";"Present";"10:31:00";"19:16:00";8.75
6389;379;"2026-09-10";"Present";"09:54:00";"17:45:00";7.85
6390;379;"2026-09-11";"Present";"09:12:00";"19:42:00";9.43
6391;379;"2026-09-12";"Present";"";"17:08:00";9.15
6392;379;"2026-09-13";"Present";"10:13:00";"16:00:00";9.62
6393;379;"2026-09-14";"Present";"10:23:00";"18:13:00";7.83
6394;379;"2026-09-15";"Present";"09:18:00";"";7.58
6395;379;"2026-09-16";"Present";"09:27:00";"";0.0
6396;379;"2026-09-17";"Absent";"08:22:00";"18:38:00";8.38
6397;379;"2026-09-18";"Present";"08:38:00";"16:35:00";8.8
6398;379;"2026-09-19";"Present";"";"16:43:00";10.27
6399;379;"2026-09-20";"Present";"";"19:02:00";0.0
6400;379;"2026-09-21";"Present";"";"";9.75
6401;402;"2026-09-02";"Present";"10:01:00";"";10.43
6402;402;"2026-09-03";"Present";"08:38:00";"16:36:00";8.52
6403;402;"2026-09-04";"Present";"";"17:52:00";10.13
6404;402;"2026-09-05";"Present";"08:54:00";"19:52:00";6.17
6405;402;"2026-09-06";"Present";"08:04:00";"";9.1
6406;402;"2026-09-07";"Absent";"08:06:00";"17:23:00";10.13
6407;402;"2026-09-08";"Absent";"09:52:00";"";0.0
6408;402;"2026-09-09";"Present";"";"17:45:00";0.0
6409;402;"2026-09-10";"Present";"09:40:00";"";9.82
6410;402;"2026-09-11";"Present";"";"16:17:00";7.22
6411;402;"2026-09-12";"Present";"10:53:00";"18:58:00";8.08
6412;402;"2026-09-13";"Absent";"08:15:00";"16:05:00";7.83
6413;402;"2026-09-14";"Present";"09:00:00";"17:05:00";10.33
6414;402;"2026-09-15";"Absent";"";"";7.98
6415;402;"2026-09-16";"Present";"08:02:00";"18:39:00";9.8
6416;402;"2026-09-17";"Present";"10:54:00";"18:03:00";8.65
6417;402;"2026-09-18";"Absent";"";"16:43:00";0.0
6418;402;"2026-09-19";"Absent";"10:32:00";"19:32:00";8.43
6419;402;"2026-09-20";"Present";"08:36:00";"";6.85
6420;402;"2026-09-21";"Present";"08:22:00";"16:46:00";9.22
6421;414;"2026-09-02";"Present";"";"";6.53
6422;414;"2026-09-03";"Absent";"08:02:00";"19:05:00";8.93
6423;414;"2026-09-04";"Present";"10:28:00";"";8.82
6424;414;"2026-09-05";"Present";"08:39:00";"";7.93
6425;414;"2026-09-06";"Present";"10:21:00";"16:24:00";8.2
6426;414;"2026-09-07";"Absent";"08:39:00";"17:40:00";9.02
6427;414;"2026-09-08";"Work From Home";"";"19:43:00";0.0
6428;414;"2026-09-09";"Present";"09:35:00";"16:53:00";7.3
6429;414;"2026-09-10";"Present";"";"18:46:00";11.23
6430;414;"2026-09-11";"Absent";"09:08:00";"18:22:00";9.23
6431;414;"2026-09-12";"Present";"10:25:00";"";7.08
6432;414;"2026-09-13";"Present";"08:27:00";"19:37:00";11.17
6433;414;"2026-09-14";"Present";"09:27:00";"19:26:00";6.6
6434;414;"2026-09-15";"Present";"09:13:00";"17:36:00";9.08
6435;414;"2026-09-16";"Present";"09:51:00";"19:57:00";10.1
6436;414;"2026-09-17";"Present";"10:17:00";"18:50:00";9.0
6437;414;"2026-09-18";"Present";"10:01:00";"16:56:00";8.8
6438;414;"2026-09-19";"Present";"";"16:09:00";7.93
6439;414;"2026-09-20";"Present";"09:39:00";"";8.32
6440;414;"2026-09-21";"Absent";"";"18:41:00";0.0
6441;420;"2026-09-02";"Present";"09:07:00";"18:36:00";7.68
6442;420;"2026-09-03";"Absent";"10:20:00";"17:14:00";5.73
6443;420;"2026-09-04";"Present";"09:26:00";"16:44:00";7.3
6444;420;"2026-09-05";"Present";"08:51:00";"16:55:00";8.07
6445;420;"2026-09-06";"Absent";"09:31:00";"16:29:00";7.03
6446;420;"2026-09-07";"Present";"10:40:00";"";9.43
6447;420;"2026-09-08";"Present";"09:41:00";"";0.0
6448;420;"2026-09-09";"Present";"09:06:00";"19:35:00";9.15
6449;420;"2026-09-10";"Absent";"09:18:00";"18:27:00";6.72
6450;420;"2026-09-11";"Present";"08:49:00";"18:58:00";9.88
6451;420;"2026-09-12";"Present";"";"";8.7
6452;420;"2026-09-13";"Present";"08:48:00";"";9.68
6453;420;"2026-09-14";"Absent";"08:03:00";"19:34:00";6.32
6454;420;"2026-09-15";"Present";"";"16:19:00";7.57
6455;420;"2026-09-16";"Present";"08:40:00";"17:57:00";6.93
6456;420;"2026-09-17";"Absent";"09:34:00";"";9.52
6457;420;"2026-09-18";"Absent";"09:57:00";"18:37:00";8.48
6458;420;"2026-09-19";"Present";"10:04:00";"19:44:00";7.72
6459;420;"2026-09-20";"Absent";"08:40:00";"18:30:00";10.73
6460;420;"2026-09-21";"Absent";"08:15:00";"16:16:00";8.02
6461;450;"2026-09-02";"Present";"10:37:00";"17:58:00";8.28
6462;450;"2026-09-03";"Absent";"08:14:00";"";9.4
6463;450;"2026-09-04";"Present";"";"19:58:00";11.08
6464;450;"2026-09-05";"Present";"";"16:30:00";5.55
6465;450;"2026-09-06";"Absent";"08:29:00";"";8.45
6466;450;"2026-09-07";"Absent";"10:18:00";"17:38:00";9.02
6467;450;"2026-09-08";"Absent";"10:25:00";"17:33:00";7.13
6468;450;"2026-09-09";"Present";"";"";9.82
6469;450;"2026-09-10";"Present";"08:32:00";"";7.12
6470;450;"2026-09-11";"Present";"";"18:21:00";8.18
6471;450;"2026-09-12";"Present";"09:50:00";"16:08:00";9.08
6472;450;"2026-09-13";"Work From Home";"";"";9.58
6473;450;"2026-09-14";"Present";"10:26:00";"";8.92
6474;450;"2026-09-15";"Present";"";"";6.12
6475;450;"2026-09-16";"Present";"08:09:00";"";10.65
6476;450;"2026-09-17";"Present";"10:37:00";"17:21:00";6.73
6477;450;"2026-09-18";"Absent";"10:13:00";"19:19:00";10.13
6478;450;"2026-09-19";"Present";"";"";7.8
6479;450;"2026-09-20";"Present";"09:08:00";"16:26:00";7.3
6480;450;"2026-09-21";"Present";"08:14:00";"18:30:00";7.73
6481;459;"2026-09-02";"Present";"09:44:00";"16:34:00";9.05
6482;459;"2026-09-03";"Present";"10:33:00";"18:25:00";9.12
6483;459;"2026-09-04";"Present";"";"17:07:00";0.0
6484;459;"2026-09-05";"Present";"";"";8.97
6485;459;"2026-09-06";"Present";"08:29:00";"19:11:00";9.88
6486;459;"2026-09-07";"Present";"08:59:00";"";7.88
6487;459;"2026-09-08";"Present";"09:12:00";"16:56:00";9.27
6488;459;"2026-09-09";"Present";"08:32:00";"";10.52
6489;459;"2026-09-10";"Present";"";"19:14:00";8.95
6490;459;"2026-09-11";"Present";"10:58:00";"16:19:00";8.98
6491;459;"2026-09-12";"Absent";"";"";9.32
6492;459;"2026-09-13";"Present";"10:07:00";"19:19:00";7.1
6493;459;"2026-09-14";"Present";"10:50:00";"16:07:00";8.03
6494;459;"2026-09-15";"Absent";"08:50:00";"16:24:00";5.75
6495;459;"2026-09-16";"Absent";"08:56:00";"18:56:00";9.23
6496;459;"2026-09-17";"Present";"10:25:00";"18:27:00";9.35
6497;459;"2026-09-18";"Present";"08:15:00";"18:46:00";8.93
6498;459;"2026-09-19";"Present";"";"19:50:00";0.0
6499;459;"2026-09-20";"Absent";"";"16:01:00";7.68
6500;459;"2026-09-21";"Absent";"08:30:00";"18:16:00";11.02
6501;460;"2026-09-02";"Absent";"10:49:00";"16:37:00";5.8
6502;460;"2026-09-03";"Present";"08:27:00";"18:57:00";10.5
6503;460;"2026-09-04";"Work From Home";"10:28:00";"18:15:00";7.78
6504;460;"2026-09-05";"Present";"10:45:00";"18:36:00";6.65
6505;460;"2026-09-06";"On Leave";"10:30:00";"16:40:00";6.5
6506;460;"2026-09-07";"Absent";"";"16:44:00";7.3
6507;460;"2026-09-08";"Present";"09:23:00";"";0.0
6508;460;"2026-09-09";"Present";"08:40:00";"19:49:00";6.65
6509;460;"2026-09-10";"Present";"09:20:00";"17:41:00";8.2
6510;460;"2026-09-11";"Absent";"09:43:00";"16:13:00";7.5
6511;460;"2026-09-12";"Present";"09:52:00";"19:31:00";9.65
6512;460;"2026-09-13";"Absent";"10:35:00";"17:50:00";8.97
6513;460;"2026-09-14";"Present";"09:34:00";"";9.9
6514;460;"2026-09-15";"Present";"08:16:00";"16:44:00";8.68
6515;460;"2026-09-16";"Present";"09:49:00";"16:49:00";9.83
6516;460;"2026-09-17";"Present";"10:38:00";"16:27:00";5.82
6517;460;"2026-09-18";"Present";"10:57:00";"19:13:00";5.33
6518;460;"2026-09-19";"Absent";"10:45:00";"19:08:00";8.38
6519;460;"2026-09-20";"Present";"08:01:00";"";0.0
6520;460;"2026-09-21";"Absent";"10:00:00";"19:30:00";7.58
6521;470;"2026-09-02";"Present";"10:53:00";"16:52:00";8.98
6522;470;"2026-09-03";"Present";"08:31:00";"17:01:00";8.5
6523;470;"2026-09-04";"Absent";"09:02:00";"19:22:00";7.83
6524;470;"2026-09-05";"Absent";"10:33:00";"18:43:00";7.55
6525;470;"2026-09-06";"Present";"10:21:00";"17:00:00";6.65
6526;470;"2026-09-07";"Present";"";"19:41:00";7.1
6527;470;"2026-09-08";"Present";"";"17:44:00";0.0
6528;470;"2026-09-09";"Work From Home";"";"18:38:00";8.13
6529;470;"2026-09-10";"Present";"08:25:00";"";0.0
6530;470;"2026-09-11";"Present";"09:46:00";"";9.42
6531;470;"2026-09-12";"Present";"09:36:00";"16:12:00";9.43
6532;470;"2026-09-13";"Present";"09:19:00";"";7.27
6533;470;"2026-09-14";"Present";"08:52:00";"";6.97
6534;470;"2026-09-15";"Present";"10:28:00";"16:49:00";5.7
6535;470;"2026-09-16";"Present";"08:48:00";"18:14:00";7.05
6536;470;"2026-09-17";"Present";"10:11:00";"";9.8
6537;470;"2026-09-18";"Present";"10:42:00";"19:29:00";9.12
6538;470;"2026-09-19";"Absent";"08:00:00";"";10.15
6539;470;"2026-09-20";"Present";"10:58:00";"";8.0
6540;470;"2026-09-21";"Absent";"";"19:25:00";0.0
6541;485;"2026-09-02";"Present";"08:32:00";"18:43:00";10.18
6542;485;"2026-09-03";"Present";"09:31:00";"19:34:00";8.27
6543;485;"2026-09-04";"Absent";"";"18:52:00";10.07
6544;485;"2026-09-05";"Present";"";"19:16:00";0.0
6545;485;"2026-09-06";"Present";"";"19:56:00";0.0
6546;485;"2026-09-07";"Present";"10:07:00";"";0.0
6547;485;"2026-09-08";"Present";"09:09:00";"17:34:00";8.7
6548;485;"2026-09-09";"Present";"10:38:00";"19:05:00";8.58
6549;485;"2026-09-10";"Present";"10:58:00";"17:08:00";9.78
6550;485;"2026-09-11";"Work From Home";"09:23:00";"17:14:00";9.65
6551;485;"2026-09-12";"Present";"10:26:00";"";10.4
6552;485;"2026-09-13";"Absent";"09:09:00";"";8.12
6553;485;"2026-09-14";"Work From Home";"09:11:00";"16:12:00";7.02
6554;485;"2026-09-15";"Present";"";"16:51:00";8.6
6555;485;"2026-09-16";"Absent";"10:53:00";"17:14:00";9.5
6556;485;"2026-09-17";"Present";"10:58:00";"";9.8
6557;485;"2026-09-18";"Present";"08:01:00";"";6.48
6558;485;"2026-09-19";"Present";"09:28:00";"16:26:00";6.97
6559;485;"2026-09-20";"Present";"09:02:00";"19:39:00";6.7
6560;485;"2026-09-21";"Present";"10:42:00";"18:52:00";11.17
6561;486;"2026-09-02";"Present";"";"19:20:00";9.18
6562;486;"2026-09-03";"Present";"08:51:00";"17:39:00";7.95
6563;486;"2026-09-04";"Present";"09:24:00";"19:12:00";9.77
6564;486;"2026-09-05";"Present";"08:02:00";"17:01:00";8.5
6565;486;"2026-09-06";"Present";"10:58:00";"17:48:00";9.48
6566;486;"2026-09-07";"Present";"10:40:00";"19:50:00";9.42
6567;486;"2026-09-08";"Work From Home";"09:34:00";"19:04:00";7.08
6568;486;"2026-09-09";"Present";"10:50:00";"18:36:00";9.4
6569;486;"2026-09-10";"Present";"";"17:10:00";6.88
6570;486;"2026-09-11";"Present";"";"16:27:00";0.0
6571;486;"2026-09-12";"Present";"09:00:00";"";0.0
6572;486;"2026-09-13";"Absent";"09:36:00";"16:01:00";11.42
6573;486;"2026-09-14";"Present";"09:08:00";"17:40:00";8.53
6574;486;"2026-09-15";"Present";"";"17:39:00";5.93
6575;486;"2026-09-16";"Present";"10:14:00";"16:57:00";9.5
6576;486;"2026-09-17";"Present";"10:48:00";"16:32:00";5.73
6577;486;"2026-09-18";"Present";"08:28:00";"17:03:00";8.48
6578;486;"2026-09-19";"Present";"";"16:57:00";11.2
6579;486;"2026-09-20";"Present";"09:37:00";"16:34:00";6.95
6580;486;"2026-09-21";"Present";"09:21:00";"19:20:00";9.98
6581;507;"2026-09-02";"Absent";"";"";7.37
6582;507;"2026-09-03";"Present";"";"17:43:00";7.5
6583;507;"2026-09-04";"Present";"08:52:00";"19:19:00";10.45
6584;507;"2026-09-05";"Absent";"08:33:00";"16:57:00";8.4
6585;507;"2026-09-06";"Present";"10:55:00";"17:26:00";6.52
6586;507;"2026-09-07";"Present";"09:11:00";"19:18:00";9.3
6587;507;"2026-09-08";"Present";"09:18:00";"19:39:00";10.35
6588;507;"2026-09-09";"Present";"10:38:00";"19:00:00";10.23
6589;507;"2026-09-10";"Present";"09:30:00";"17:22:00";9.23
6590;507;"2026-09-11";"Present";"09:46:00";"18:00:00";7.0
6591;507;"2026-09-12";"Present";"10:05:00";"17:42:00";8.25
6592;507;"2026-09-13";"Present";"09:23:00";"";9.68
6593;507;"2026-09-14";"Present";"";"19:29:00";0.0
6594;507;"2026-09-15";"Present";"08:32:00";"";8.07
6595;507;"2026-09-16";"Absent";"08:09:00";"";10.57
6596;507;"2026-09-17";"Present";"09:28:00";"19:38:00";10.47
6597;507;"2026-09-18";"Absent";"10:11:00";"";0.0
6598;507;"2026-09-19";"Present";"08:38:00";"19:22:00";7.78
6599;507;"2026-09-20";"Present";"";"17:52:00";7.4
6600;507;"2026-09-21";"Present";"08:55:00";"19:04:00";7.98
6601;520;"2026-09-02";"Present";"08:51:00";"";8.57
6602;520;"2026-09-03";"Work From Home";"08:03:00";"17:39:00";6.37
6603;520;"2026-09-04";"Present";"09:02:00";"17:18:00";6.93
6604;520;"2026-09-05";"Present";"09:08:00";"19:58:00";9.03
6605;520;"2026-09-06";"Present";"09:51:00";"16:27:00";6.6
6606;520;"2026-09-07";"Present";"09:45:00";"16:40:00";8.95
6607;520;"2026-09-08";"Present";"10:11:00";"";8.1
6608;520;"2026-09-09";"Present";"09:46:00";"16:25:00";6.65
6609;520;"2026-09-10";"Work From Home";"08:37:00";"19:36:00";7.52
6610;520;"2026-09-11";"Absent";"09:48:00";"18:21:00";8.55
6611;520;"2026-09-12";"Present";"10:26:00";"16:28:00";10.55
6612;520;"2026-09-13";"Present";"09:07:00";"";10.75
6613;520;"2026-09-14";"Present";"09:27:00";"";0.0
6614;520;"2026-09-15";"Present";"09:46:00";"16:59:00";7.7
6615;520;"2026-09-16";"Present";"09:48:00";"16:12:00";8.32
6616;520;"2026-09-17";"Present";"08:31:00";"18:49:00";10.3
6617;520;"2026-09-18";"Present";"10:05:00";"18:33:00";6.92
6618;520;"2026-09-19";"Present";"08:53:00";"";8.05
6619;520;"2026-09-20";"Present";"09:35:00";"16:24:00";6.82
6620;520;"2026-09-21";"Present";"08:52:00";"19:10:00";7.42
6621;526;"2026-09-02";"Present";"08:11:00";"";8.23
6622;526;"2026-09-03";"Absent";"08:04:00";"";9.13
6623;526;"2026-09-04";"Present";"";"";7.05
6624;526;"2026-09-05";"Present";"08:43:00";"17:37:00";6.3
6625;526;"2026-09-06";"Present";"10:07:00";"18:27:00";7.5
6626;526;"2026-09-07";"Absent";"08:13:00";"18:21:00";10.13
6627;526;"2026-09-08";"Present";"08:14:00";"18:08:00";9.9
6628;526;"2026-09-09";"Present";"";"19:53:00";0.0
6629;526;"2026-09-10";"Present";"10:33:00";"16:00:00";5.45
6630;526;"2026-09-11";"Present";"08:01:00";"";7.58
6631;526;"2026-09-12";"Present";"09:19:00";"18:24:00";9.37
6632;526;"2026-09-13";"Present";"";"19:33:00";8.3
6633;526;"2026-09-14";"Absent";"08:49:00";"";8.82
6634;526;"2026-09-15";"Work From Home";"10:17:00";"19:26:00";9.35
6635;526;"2026-09-16";"Present";"08:11:00";"17:09:00";8.97
6636;526;"2026-09-17";"Absent";"10:27:00";"";9.4
6637;526;"2026-09-18";"Absent";"10:30:00";"19:39:00";9.15
6638;526;"2026-09-19";"Present";"09:32:00";"18:26:00";6.25
6639;526;"2026-09-20";"Present";"09:10:00";"";7.57
6640;526;"2026-09-21";"Work From Home";"09:17:00";"17:33:00";8.05
6641;532;"2026-09-02";"Present";"09:01:00";"18:41:00";9.67
6642;532;"2026-09-03";"Present";"10:22:00";"18:14:00";8.5
6643;532;"2026-09-04";"Present";"10:04:00";"19:49:00";7.8
6644;532;"2026-09-05";"Present";"08:14:00";"17:43:00";9.03
6645;532;"2026-09-06";"Present";"08:12:00";"18:34:00";8.28
6646;532;"2026-09-07";"Present";"10:58:00";"19:30:00";8.37
6647;532;"2026-09-08";"Present";"09:36:00";"";11.45
6648;532;"2026-09-09";"Present";"10:47:00";"19:00:00";8.53
6649;532;"2026-09-10";"On Leave";"";"16:13:00";6.37
6650;532;"2026-09-11";"Absent";"10:47:00";"16:50:00";6.05
6651;532;"2026-09-12";"Present";"09:10:00";"18:29:00";9.32
6652;532;"2026-09-13";"Present";"08:08:00";"17:15:00";9.12
6653;532;"2026-09-14";"Absent";"09:16:00";"18:00:00";8.73
6654;532;"2026-09-15";"Present";"09:31:00";"16:33:00";7.32
6655;532;"2026-09-16";"Present";"";"";7.95
6656;532;"2026-09-17";"Work From Home";"";"18:35:00";7.4
6657;532;"2026-09-18";"Present";"09:31:00";"18:54:00";6.87
6658;532;"2026-09-19";"Present";"08:00:00";"16:44:00";7.68
6659;532;"2026-09-20";"Present";"10:25:00";"16:14:00";5.82
6660;532;"2026-09-21";"Absent";"09:55:00";"19:53:00";6.6
6661;1029;"2026-09-02";"Present";"09:53:00";"";0.0
6662;1029;"2026-09-03";"Absent";"08:25:00";"17:34:00";9.05
6663;1029;"2026-09-04";"Absent";"10:14:00";"17:09:00";7.08
6664;1029;"2026-09-05";"Present";"08:23:00";"18:43:00";10.33
6665;1029;"2026-09-06";"Absent";"";"19:29:00";10.9
6666;1029;"2026-09-07";"Present";"09:00:00";"18:43:00";8.93
6667;1029;"2026-09-08";"Present";"";"19:06:00";6.78
6668;1029;"2026-09-09";"Present";"09:40:00";"16:45:00";7.72
6669;1029;"2026-09-10";"Present";"09:19:00";"19:21:00";8.22
6670;1029;"2026-09-11";"Present";"";"";8.88
6671;1029;"2026-09-12";"Present";"";"19:15:00";0.0
6672;1029;"2026-09-13";"Absent";"10:42:00";"17:36:00";8.62
6673;1029;"2026-09-14";"Present";"09:03:00";"17:40:00";8.73
6674;1029;"2026-09-15";"Absent";"09:30:00";"17:03:00";5.72
6675;1029;"2026-09-16";"Work From Home";"";"18:33:00";8.23
6676;1029;"2026-09-17";"Work From Home";"08:58:00";"18:14:00";8.73
6677;1029;"2026-09-18";"Present";"";"18:47:00";8.62
6678;1029;"2026-09-19";"Present";"09:28:00";"17:21:00";10.88
6679;1029;"2026-09-20";"Present";"08:49:00";"17:38:00";8.82
6680;1029;"2026-09-21";"Absent";"";"19:13:00";8.65
6681;4;"2026-09-02";"Present";"09:59:00";"";10.12
6682;4;"2026-09-03";"Absent";"08:35:00";"17:27:00";10.88
6683;4;"2026-09-04";"Absent";"08:35:00";"16:06:00";7.38
6684;4;"2026-09-05";"Present";"08:39:00";"16:57:00";9.25
6685;4;"2026-09-06";"Present";"09:02:00";"16:46:00";8.97
6686;4;"2026-09-07";"Present";"";"18:06:00";0.0
6687;4;"2026-09-08";"Present";"";"16:33:00";8.5
6688;4;"2026-09-09";"Present";"";"";8.07
6689;4;"2026-09-10";"Absent";"08:47:00";"16:01:00";7.23
6690;4;"2026-09-11";"Present";"08:43:00";"17:52:00";9.22
6691;4;"2026-09-12";"Present";"10:17:00";"19:45:00";8.27
6692;4;"2026-09-13";"Present";"";"17:10:00";0.0
6693;4;"2026-09-14";"Absent";"";"";8.77
6694;4;"2026-09-15";"Present";"10:14:00";"17:33:00";8.93
6695;4;"2026-09-16";"Present";"10:21:00";"19:25:00";9.07
6696;4;"2026-09-17";"Present";"10:06:00";"17:30:00";9.4
6697;4;"2026-09-18";"Absent";"08:06:00";"18:39:00";8.02
6698;4;"2026-09-19";"Present";"";"17:15:00";9.43
6699;4;"2026-09-20";"Present";"08:13:00";"19:55:00";6.83
6700;4;"2026-09-21";"Present";"10:12:00";"16:19:00";6.43
6701;13;"2026-09-02";"Present";"";"17:37:00";6.65
6702;13;"2026-09-03";"Present";"";"19:58:00";7.03
6703;13;"2026-09-04";"Absent";"09:41:00";"";10.9
6704;13;"2026-09-05";"Absent";"08:11:00";"19:02:00";10.85
6705;13;"2026-09-06";"Present";"10:21:00";"19:59:00";8.5
6706;13;"2026-09-07";"Present";"08:24:00";"18:19:00";8.5
6707;13;"2026-09-08";"Absent";"10:00:00";"";7.63
6708;13;"2026-09-09";"Absent";"08:13:00";"";7.08
6709;13;"2026-09-10";"Present";"10:30:00";"19:55:00";9.42
6710;13;"2026-09-11";"Present";"09:47:00";"";0.0
6711;13;"2026-09-12";"Present";"08:24:00";"18:48:00";6.27
6712;13;"2026-09-13";"Absent";"09:50:00";"16:01:00";5.77
6713;13;"2026-09-14";"Absent";"08:18:00";"";10.03
6714;13;"2026-09-15";"Present";"09:27:00";"";9.1
6715;13;"2026-09-16";"Present";"08:08:00";"";0.0
6716;13;"2026-09-17";"Present";"10:42:00";"17:38:00";6.93
6717;13;"2026-09-18";"Present";"08:21:00";"";6.67
6718;13;"2026-09-19";"Present";"09:51:00";"19:47:00";8.15
6719;13;"2026-09-20";"Present";"08:35:00";"17:23:00";8.3
6720;13;"2026-09-21";"Present";"09:29:00";"";7.7
6721;45;"2026-09-02";"Present";"";"16:16:00";5.3
6722;45;"2026-09-03";"Present";"10:44:00";"";10.57
6723;45;"2026-09-04";"Absent";"08:50:00";"17:58:00";7.43
6724;45;"2026-09-05";"Present";"10:14:00";"16:29:00";6.25
6725;45;"2026-09-06";"Present";"09:52:00";"17:04:00";6.78
6726;45;"2026-09-07";"Present";"08:03:00";"";8.93
6727;45;"2026-09-08";"Present";"09:36:00";"19:39:00";10.05
6728;45;"2026-09-09";"Present";"08:04:00";"16:13:00";8.15
6729;45;"2026-09-10";"Present";"";"16:31:00";8.78
6730;45;"2026-09-11";"Present";"";"19:58:00";6.55
6731;45;"2026-09-12";"Present";"10:41:00";"";5.83
6732;45;"2026-09-13";"Work From Home";"";"17:54:00";8.03
6733;45;"2026-09-14";"Present";"";"18:50:00";0.0
6734;45;"2026-09-15";"Absent";"09:44:00";"19:26:00";9.7
6735;45;"2026-09-16";"Present";"09:16:00";"19:18:00";10.32
6736;45;"2026-09-17";"Present";"08:09:00";"18:28:00";10.32
6737;45;"2026-09-18";"Present";"10:58:00";"";11.28
6738;45;"2026-09-19";"Present";"09:44:00";"18:38:00";8.67
6739;45;"2026-09-20";"Absent";"09:51:00";"18:39:00";11.37
6740;45;"2026-09-21";"Present";"09:23:00";"16:09:00";9.0
6741;55;"2026-09-02";"Absent";"";"19:41:00";0.0
6742;55;"2026-09-03";"Present";"";"16:12:00";7.38
6743;55;"2026-09-04";"Present";"08:02:00";"16:05:00";9.22
6744;55;"2026-09-05";"Present";"09:46:00";"";0.0
6745;55;"2026-09-06";"Work From Home";"10:40:00";"18:37:00";7.32
6746;55;"2026-09-07";"Present";"10:20:00";"17:13:00";9.08
6747;55;"2026-09-08";"Present";"09:51:00";"19:54:00";9.7
6748;55;"2026-09-09";"Present";"09:48:00";"";7.33
6749;55;"2026-09-10";"Present";"08:27:00";"18:18:00";7.68
6750;55;"2026-09-11";"Absent";"10:32:00";"";0.0
6751;55;"2026-09-12";"Present";"";"16:18:00";7.08
6752;55;"2026-09-13";"Present";"08:23:00";"18:42:00";10.32
6753;55;"2026-09-14";"Absent";"";"19:09:00";10.1
6754;55;"2026-09-15";"Absent";"";"17:42:00";11.1
6755;55;"2026-09-16";"Present";"10:50:00";"18:34:00";6.55
6756;55;"2026-09-17";"Absent";"09:49:00";"";9.0
6757;55;"2026-09-18";"Present";"";"";0.0
6758;55;"2026-09-19";"Present";"";"19:50:00";7.72
6759;55;"2026-09-20";"Present";"";"19:29:00";7.73
6760;55;"2026-09-21";"Present";"";"17:55:00";6.63
6761;81;"2026-09-02";"Present";"08:31:00";"17:30:00";9.63
6762;81;"2026-09-03";"Absent";"10:05:00";"19:30:00";9.42
6763;81;"2026-09-04";"Present";"08:35:00";"17:00:00";9.23
6764;81;"2026-09-05";"Present";"08:42:00";"";8.3
6765;81;"2026-09-06";"Present";"";"18:50:00";0.0
6766;81;"2026-09-07";"Absent";"";"19:02:00";5.85
6767;81;"2026-09-08";"Present";"09:10:00";"19:17:00";10.12
6768;81;"2026-09-09";"Present";"09:45:00";"16:25:00";6.67
6769;81;"2026-09-10";"Present";"10:37:00";"18:49:00";8.47
6770;81;"2026-09-11";"Present";"08:27:00";"";9.3
6771;81;"2026-09-12";"Present";"10:00:00";"";7.88
6772;81;"2026-09-13";"Present";"10:55:00";"16:28:00";8.38
6773;81;"2026-09-14";"Absent";"09:48:00";"";8.53
6774;81;"2026-09-15";"Present";"10:24:00";"18:58:00";8.57
6775;81;"2026-09-16";"Present";"10:20:00";"16:56:00";7.25
6776;81;"2026-09-17";"Present";"09:19:00";"16:43:00";8.15
6777;81;"2026-09-18";"Absent";"";"19:25:00";8.32
6778;81;"2026-09-19";"Present";"10:31:00";"16:55:00";8.25
6779;81;"2026-09-20";"Absent";"09:01:00";"19:00:00";9.98
6780;81;"2026-09-21";"Present";"";"";6.95
6781;84;"2026-09-02";"Present";"09:15:00";"17:15:00";6.05
6782;84;"2026-09-03";"Present";"09:05:00";"17:51:00";8.77
6783;84;"2026-09-04";"Present";"";"16:57:00";8.28
6784;84;"2026-09-05";"Present";"09:08:00";"19:31:00";8.17
6785;84;"2026-09-06";"Present";"09:26:00";"";10.97
6786;84;"2026-09-07";"Present";"";"19:37:00";7.0
6787;84;"2026-09-08";"Present";"10:05:00";"19:31:00";8.63
6788;84;"2026-09-09";"Absent";"08:32:00";"17:46:00";5.32
6789;84;"2026-09-10";"Present";"";"";8.17
6790;84;"2026-09-11";"Present";"09:10:00";"17:52:00";9.37
6791;84;"2026-09-12";"Present";"08:21:00";"19:33:00";11.2
6792;84;"2026-09-13";"Present";"08:22:00";"16:41:00";7.22
6793;84;"2026-09-14";"Absent";"08:13:00";"18:33:00";6.08
6794;84;"2026-09-15";"Present";"09:05:00";"";7.37
6795;84;"2026-09-16";"Present";"08:15:00";"17:03:00";8.68
6796;84;"2026-09-17";"Present";"09:23:00";"18:05:00";7.53
6797;84;"2026-09-18";"Present";"08:31:00";"";8.93
6798;84;"2026-09-19";"Present";"";"19:51:00";9.8
6799;84;"2026-09-20";"Present";"10:10:00";"";0.0
6800;84;"2026-09-21";"Present";"09:38:00";"";9.42
6801;94;"2026-09-02";"Present";"";"";6.78
6802;94;"2026-09-03";"Absent";"";"18:03:00";7.18
6803;94;"2026-09-04";"Present";"10:48:00";"";8.37
6804;94;"2026-09-05";"Present";"08:43:00";"18:30:00";8.88
6805;94;"2026-09-06";"Present";"";"18:43:00";5.87
6806;94;"2026-09-07";"Present";"09:32:00";"19:03:00";9.52
6807;94;"2026-09-08";"Work From Home";"08:32:00";"16:01:00";5.62
6808;94;"2026-09-09";"Present";"10:23:00";"";8.75
6809;94;"2026-09-10";"Present";"";"18:28:00";0.0
6810;94;"2026-09-11";"Present";"";"16:03:00";6.18
6811;94;"2026-09-12";"Absent";"09:44:00";"18:05:00";8.35
6812;94;"2026-09-13";"Present";"";"18:33:00";0.0
6813;94;"2026-09-14";"Present";"09:17:00";"18:18:00";10.58
6814;94;"2026-09-15";"Present";"";"17:50:00";11.0
6815;94;"2026-09-16";"Present";"";"18:41:00";6.52
6816;94;"2026-09-17";"Absent";"10:40:00";"19:33:00";10.95
6817;94;"2026-09-18";"Present";"08:45:00";"17:06:00";9.33
6818;94;"2026-09-19";"Present";"";"";0.0
6819;94;"2026-09-20";"Absent";"10:58:00";"19:30:00";8.9
6820;94;"2026-09-21";"Work From Home";"08:20:00";"";7.82
6821;98;"2026-09-02";"Work From Home";"08:53:00";"18:58:00";8.87
6822;98;"2026-09-03";"Absent";"10:15:00";"18:48:00";8.55
6823;98;"2026-09-04";"Absent";"09:47:00";"16:58:00";8.7
6824;98;"2026-09-05";"Absent";"08:55:00";"";0.0
6825;98;"2026-09-06";"Absent";"10:29:00";"19:00:00";8.2
6826;98;"2026-09-07";"Present";"10:03:00";"16:19:00";8.13
6827;98;"2026-09-08";"Present";"08:29:00";"";6.47
6828;98;"2026-09-09";"Absent";"10:11:00";"17:42:00";7.25
6829;98;"2026-09-10";"Present";"09:31:00";"";10.27
6830;98;"2026-09-11";"Work From Home";"08:47:00";"17:24:00";6.9
6831;98;"2026-09-12";"Present";"10:40:00";"";7.87
6832;98;"2026-09-13";"Absent";"";"";7.25
6833;98;"2026-09-14";"Present";"";"19:45:00";11.27
6834;98;"2026-09-15";"Present";"08:15:00";"19:44:00";5.13
6835;98;"2026-09-16";"Present";"";"";9.2
6836;98;"2026-09-17";"Present";"09:14:00";"17:37:00";7.82
6837;98;"2026-09-18";"Present";"10:13:00";"19:57:00";9.45
6838;98;"2026-09-19";"Present";"08:37:00";"19:43:00";11.1
6839;98;"2026-09-20";"Absent";"";"16:16:00";0.0
6840;98;"2026-09-21";"Present";"08:00:00";"";10.07
6841;101;"2026-09-02";"Absent";"";"17:33:00";6.75
6842;101;"2026-09-03";"Present";"09:13:00";"18:37:00";7.7
6843;101;"2026-09-04";"Absent";"";"";0.0
6844;101;"2026-09-05";"Present";"08:31:00";"18:07:00";7.5
6845;101;"2026-09-06";"Present";"08:48:00";"16:52:00";9.9
6846;101;"2026-09-07";"On Leave";"09:04:00";"18:55:00";9.05
6847;101;"2026-09-08";"Present";"09:25:00";"18:08:00";8.72
6848;101;"2026-09-09";"Absent";"09:06:00";"";8.62
6849;101;"2026-09-10";"Present";"09:26:00";"17:48:00";9.35
6850;101;"2026-09-11";"Present";"09:32:00";"19:29:00";9.95
6851;101;"2026-09-12";"Absent";"";"";0.0
6852;101;"2026-09-13";"Absent";"";"19:52:00";11.73
6853;101;"2026-09-14";"Present";"";"17:49:00";0.0
6854;101;"2026-09-15";"Work From Home";"09:30:00";"";9.38
6855;101;"2026-09-16";"Present";"10:47:00";"";5.47
6856;101;"2026-09-17";"Present";"09:15:00";"17:27:00";6.33
6857;101;"2026-09-18";"Present";"08:29:00";"18:58:00";11.18
6858;101;"2026-09-19";"Absent";"08:05:00";"19:11:00";6.88
6859;101;"2026-09-20";"Work From Home";"10:40:00";"17:06:00";9.12
6860;101;"2026-09-21";"Present";"09:15:00";"16:09:00";8.43
6861;112;"2026-09-02";"Absent";"08:51:00";"19:51:00";6.73
6862;112;"2026-09-03";"Present";"10:39:00";"17:39:00";7.17
6863;112;"2026-09-04";"Present";"08:38:00";"19:12:00";8.82
6864;112;"2026-09-05";"Present";"";"18:54:00";9.58
6865;112;"2026-09-06";"Present";"";"16:24:00";0.0
6866;112;"2026-09-07";"Present";"09:02:00";"19:51:00";7.97
6867;112;"2026-09-08";"Present";"08:19:00";"17:48:00";9.48
6868;112;"2026-09-09";"Present";"09:20:00";"16:14:00";6.1
6869;112;"2026-09-10";"Absent";"";"";5.92
6870;112;"2026-09-11";"Present";"08:47:00";"16:01:00";6.47
6871;112;"2026-09-12";"Present";"";"16:26:00";0.0
6872;112;"2026-09-13";"Present";"";"";8.63
6873;112;"2026-09-14";"Present";"";"19:00:00";9.83
6874;112;"2026-09-15";"Absent";"08:39:00";"17:09:00";7.25
6875;112;"2026-09-16";"Present";"";"18:48:00";9.23
6876;112;"2026-09-17";"Absent";"08:19:00";"18:49:00";8.38
6877;112;"2026-09-18";"Absent";"08:19:00";"18:00:00";9.68
6878;112;"2026-09-19";"Absent";"10:17:00";"16:50:00";6.55
6879;112;"2026-09-20";"Present";"";"18:26:00";7.42
6880;112;"2026-09-21";"Present";"";"16:20:00";7.93
6881;117;"2026-09-02";"Present";"08:06:00";"16:17:00";7.38
6882;117;"2026-09-03";"Present";"";"19:51:00";0.0
6883;117;"2026-09-04";"Present";"09:20:00";"17:30:00";10.47
6884;117;"2026-09-05";"Present";"08:07:00";"";10.1
6885;117;"2026-09-06";"Present";"08:19:00";"17:17:00";9.38
6886;117;"2026-09-07";"Present";"09:54:00";"18:38:00";9.1
6887;117;"2026-09-08";"Present";"10:27:00";"17:18:00";9.05
6888;117;"2026-09-09";"Present";"09:28:00";"17:30:00";7.3
6889;117;"2026-09-10";"Absent";"08:21:00";"19:34:00";8.02
6890;117;"2026-09-11";"Absent";"10:43:00";"17:40:00";8.77
6891;117;"2026-09-12";"Present";"08:12:00";"18:22:00";10.17
6892;117;"2026-09-13";"Present";"10:08:00";"18:25:00";7.85
6893;117;"2026-09-14";"Absent";"09:21:00";"17:50:00";7.73
6894;117;"2026-09-15";"Present";"08:19:00";"";6.63
6895;117;"2026-09-16";"Present";"10:18:00";"19:31:00";8.0
6896;117;"2026-09-17";"Present";"10:16:00";"";0.0
6897;117;"2026-09-18";"Absent";"10:09:00";"";10.22
6898;117;"2026-09-19";"Present";"09:28:00";"";10.13
6899;117;"2026-09-20";"Work From Home";"";"16:40:00";7.97
6900;117;"2026-09-21";"Present";"08:36:00";"";7.65
6901;126;"2026-09-02";"Present";"08:42:00";"16:51:00";9.35
6902;126;"2026-09-03";"Present";"09:12:00";"18:58:00";6.47
6903;126;"2026-09-04";"Present";"08:38:00";"";8.28
6904;126;"2026-09-05";"Present";"";"19:59:00";8.47
6905;126;"2026-09-06";"Present";"";"19:28:00";10.58
6906;126;"2026-09-07";"Absent";"09:16:00";"18:14:00";8.3
6907;126;"2026-09-08";"Present";"08:21:00";"";0.0
6908;126;"2026-09-09";"Present";"09:59:00";"17:24:00";7.42
6909;126;"2026-09-10";"Present";"";"19:09:00";9.73
6910;126;"2026-09-11";"Present";"09:36:00";"";8.62
6911;126;"2026-09-12";"Present";"";"18:21:00";6.6
6912;126;"2026-09-13";"Present";"";"18:10:00";6.05
6913;126;"2026-09-14";"Present";"10:37:00";"17:51:00";7.23
6914;126;"2026-09-15";"Present";"";"18:01:00";8.28
6915;126;"2026-09-16";"Present";"10:15:00";"";10.3
6916;126;"2026-09-17";"Present";"";"16:33:00";7.83
6917;126;"2026-09-18";"Present";"";"16:31:00";9.02
6918;126;"2026-09-19";"Present";"09:32:00";"18:01:00";8.48
6919;126;"2026-09-20";"Present";"09:40:00";"";11.53
6920;126;"2026-09-21";"Present";"09:33:00";"17:17:00";8.15
6921;130;"2026-09-02";"Present";"09:44:00";"";9.92
6922;130;"2026-09-03";"Absent";"08:40:00";"19:22:00";10.7
6923;130;"2026-09-04";"Present";"09:09:00";"17:36:00";8.45
6924;130;"2026-09-05";"Present";"";"19:56:00";0.0
6925;130;"2026-09-06";"Present";"08:43:00";"";0.0
6926;130;"2026-09-07";"Present";"08:24:00";"18:32:00";9.75
6927;130;"2026-09-08";"Work From Home";"08:15:00";"17:29:00";7.8
6928;130;"2026-09-09";"Present";"10:44:00";"17:03:00";8.78
6929;130;"2026-09-10";"Present";"10:58:00";"16:25:00";8.28
6930;130;"2026-09-11";"Absent";"09:03:00";"17:28:00";8.42
6931;130;"2026-09-12";"Present";"";"16:46:00";8.93
6932;130;"2026-09-13";"Present";"";"19:12:00";10.37
6933;130;"2026-09-14";"Absent";"08:38:00";"17:56:00";6.4
6934;130;"2026-09-15";"Present";"10:50:00";"16:04:00";5.23
6935;130;"2026-09-16";"Present";"";"";7.47
6936;130;"2026-09-17";"Present";"09:50:00";"16:25:00";10.08
6937;130;"2026-09-18";"Present";"10:47:00";"18:26:00";6.58
6938;130;"2026-09-19";"Present";"09:59:00";"";0.0
6939;130;"2026-09-20";"Present";"";"18:56:00";0.0
6940;130;"2026-09-21";"Absent";"";"18:50:00";5.97
6941;178;"2026-09-02";"Present";"08:01:00";"";8.55
6942;178;"2026-09-03";"Present";"09:39:00";"";5.53
6943;178;"2026-09-04";"Absent";"08:33:00";"19:34:00";7.03
6944;178;"2026-09-05";"Present";"08:57:00";"18:24:00";10.2
6945;178;"2026-09-06";"Present";"";"16:50:00";10.53
6946;178;"2026-09-07";"Present";"10:46:00";"";0.0
6947;178;"2026-09-08";"Absent";"09:43:00";"16:04:00";6.35
6948;178;"2026-09-09";"Present";"09:18:00";"";8.07
6949;178;"2026-09-10";"Present";"08:31:00";"18:46:00";10.25
6950;178;"2026-09-11";"Present";"10:16:00";"";8.7
6951;178;"2026-09-12";"Present";"09:05:00";"19:55:00";10.83
6952;178;"2026-09-13";"Present";"08:13:00";"18:38:00";7.75
6953;178;"2026-09-14";"Absent";"09:06:00";"";0.0
6954;178;"2026-09-15";"Present";"08:37:00";"17:25:00";6.83
6955;178;"2026-09-16";"Absent";"10:00:00";"";10.45
6956;178;"2026-09-17";"Present";"09:14:00";"";0.0
6957;178;"2026-09-18";"Present";"10:05:00";"19:03:00";8.97
6958;178;"2026-09-19";"Present";"09:31:00";"18:07:00";8.6
6959;178;"2026-09-20";"Present";"09:20:00";"18:01:00";10.73
6960;178;"2026-09-21";"Present";"09:52:00";"18:46:00";10.95
6961;197;"2026-09-02";"Absent";"08:37:00";"";11.28
6962;197;"2026-09-03";"Present";"08:28:00";"19:35:00";7.18
6963;197;"2026-09-04";"Absent";"09:45:00";"16:20:00";6.43
6964;197;"2026-09-05";"Present";"09:58:00";"";0.0
6965;197;"2026-09-06";"Present";"08:42:00";"16:26:00";7.73
6966;197;"2026-09-07";"Absent";"08:15:00";"19:37:00";11.37
6967;197;"2026-09-08";"Present";"";"19:13:00";8.82
6968;197;"2026-09-09";"Present";"10:28:00";"19:50:00";8.48
6969;197;"2026-09-10";"Present";"10:29:00";"18:04:00";5.88
6970;197;"2026-09-11";"Present";"09:40:00";"19:25:00";8.98
6971;197;"2026-09-12";"Present";"10:30:00";"18:05:00";7.58
6972;197;"2026-09-13";"Present";"10:38:00";"16:13:00";7.22
6973;197;"2026-09-14";"Work From Home";"";"16:51:00";9.25
6974;197;"2026-09-15";"Present";"";"19:48:00";11.05
6975;197;"2026-09-16";"Present";"10:22:00";"";11.12
6976;197;"2026-09-17";"Present";"09:34:00";"";0.0
6977;197;"2026-09-18";"Absent";"";"18:16:00";8.88
6978;197;"2026-09-19";"Present";"08:23:00";"17:04:00";6.93
6979;197;"2026-09-20";"Present";"";"19:47:00";0.0
6980;197;"2026-09-21";"Present";"08:29:00";"18:12:00";9.72
6981;205;"2026-09-02";"Present";"09:29:00";"17:01:00";9.48
6982;205;"2026-09-03";"Present";"09:25:00";"18:45:00";9.33
6983;205;"2026-09-04";"Present";"";"";6.05
6984;205;"2026-09-05";"Present";"08:09:00";"19:49:00";8.08
6985;205;"2026-09-06";"Present";"";"16:45:00";8.68
6986;205;"2026-09-07";"Present";"";"19:17:00";10.05
6987;205;"2026-09-08";"Present";"";"18:58:00";0.0
6988;205;"2026-09-09";"Present";"09:48:00";"17:43:00";7.92
6989;205;"2026-09-10";"Absent";"09:13:00";"";6.75
6990;205;"2026-09-11";"Present";"10:27:00";"";9.87
6991;205;"2026-09-12";"Present";"10:29:00";"";8.78
6992;205;"2026-09-13";"Absent";"10:11:00";"16:02:00";10.73
6993;205;"2026-09-14";"Absent";"";"17:36:00";0.0
6994;205;"2026-09-15";"Present";"";"19:09:00";9.75
6995;205;"2026-09-16";"Present";"08:53:00";"18:30:00";7.42
6996;205;"2026-09-17";"Present";"08:41:00";"18:47:00";10.1
6997;205;"2026-09-18";"Present";"10:20:00";"17:19:00";6.98
6998;205;"2026-09-19";"Present";"08:55:00";"19:56:00";11.3
6999;205;"2026-09-20";"Present";"09:47:00";"18:28:00";8.75
7000;205;"2026-09-21";"Absent";"08:50:00";"17:39:00";7.48
7001;220;"2026-09-02";"Absent";"09:17:00";"17:14:00";8.57
7002;220;"2026-09-03";"Present";"";"18:29:00";10.13
7003;220;"2026-09-04";"Present";"08:10:00";"18:59:00";10.82
7004;220;"2026-09-05";"Absent";"09:21:00";"";0.0
7005;220;"2026-09-06";"Work From Home";"08:53:00";"16:57:00";6.47
7006;220;"2026-09-07";"Present";"08:03:00";"";10.18
7007;220;"2026-09-08";"Present";"10:38:00";"16:02:00";9.3
7008;220;"2026-09-09";"Absent";"10:50:00";"";0.0
7009;220;"2026-09-10";"Present";"08:41:00";"19:31:00";8.55
7010;220;"2026-09-11";"Present";"09:31:00";"16:02:00";6.72
7011;220;"2026-09-12";"Present";"";"17:05:00";11.05
7012;220;"2026-09-13";"Absent";"10:27:00";"16:25:00";8.48
7013;220;"2026-09-14";"Absent";"";"19:23:00";7.88
7014;220;"2026-09-15";"Present";"09:43:00";"19:06:00";7.67
7015;220;"2026-09-16";"Present";"10:29:00";"";7.27
7016;220;"2026-09-17";"Present";"08:49:00";"";9.88
7017;220;"2026-09-18";"Present";"08:37:00";"";7.55
7018;220;"2026-09-19";"Present";"08:02:00";"17:10:00";10.68
7019;220;"2026-09-20";"Present";"";"17:46:00";10.62
7020;220;"2026-09-21";"Absent";"10:39:00";"";0.0
7021;222;"2026-09-02";"Absent";"09:24:00";"";6.3
7022;222;"2026-09-03";"Present";"";"";0.0
7023;222;"2026-09-04";"Present";"09:39:00";"18:44:00";9.17
7024;222;"2026-09-05";"Present";"";"";9.37
7025;222;"2026-09-06";"Work From Home";"";"";8.62
7026;222;"2026-09-07";"Absent";"09:12:00";"18:08:00";9.68
7027;222;"2026-09-08";"Work From Home";"09:44:00";"17:31:00";10.52
7028;222;"2026-09-09";"Present";"09:59:00";"";8.25
7029;222;"2026-09-10";"Present";"";"18:36:00";7.33
7030;222;"2026-09-11";"Absent";"08:04:00";"";9.72
7031;222;"2026-09-12";"Present";"";"16:20:00";9.67
7032;222;"2026-09-13";"Absent";"09:22:00";"17:26:00";8.07
7033;222;"2026-09-14";"Present";"";"19:03:00";9.63
7034;222;"2026-09-15";"Present";"10:14:00";"19:22:00";11.07
7035;222;"2026-09-16";"Present";"09:09:00";"17:05:00";9.98
7036;222;"2026-09-17";"Present";"";"";10.67
7037;222;"2026-09-18";"Present";"08:15:00";"19:12:00";8.37
7038;222;"2026-09-19";"Present";"09:07:00";"18:01:00";7.72
7039;222;"2026-09-20";"Present";"08:36:00";"";0.0
7040;222;"2026-09-21";"Present";"09:45:00";"";0.0
7041;225;"2026-09-02";"Present";"09:52:00";"17:21:00";7.48
7042;225;"2026-09-03";"Present";"10:12:00";"19:16:00";9.55
7043;225;"2026-09-04";"Absent";"";"19:18:00";11.0
7044;225;"2026-09-05";"Absent";"";"";6.78
7045;225;"2026-09-06";"Present";"09:11:00";"17:52:00";9.95
7046;225;"2026-09-07";"Absent";"";"17:24:00";5.85
7047;225;"2026-09-08";"Present";"08:46:00";"17:43:00";7.53
7048;225;"2026-09-09";"Present";"08:12:00";"";0.0
7049;225;"2026-09-10";"Present";"08:48:00";"18:38:00";8.93
7050;225;"2026-09-11";"Absent";"10:31:00";"18:06:00";5.83
7051;225;"2026-09-12";"Absent";"";"16:52:00";9.5
7052;225;"2026-09-13";"Present";"";"19:03:00";0.0
7053;225;"2026-09-14";"Present";"08:56:00";"18:34:00";9.77
7054;225;"2026-09-15";"Present";"09:23:00";"";9.65
7055;225;"2026-09-16";"Present";"09:40:00";"16:30:00";7.57
7056;225;"2026-09-17";"Present";"";"17:01:00";6.88
7057;225;"2026-09-18";"Absent";"08:40:00";"19:08:00";9.67
7058;225;"2026-09-19";"Absent";"10:04:00";"19:40:00";7.22
7059;225;"2026-09-20";"Work From Home";"09:09:00";"";7.53
7060;225;"2026-09-21";"Present";"10:27:00";"17:08:00";7.38
7061;243;"2026-09-02";"Present";"";"19:39:00";0.0
7062;243;"2026-09-03";"Present";"09:22:00";"";8.82
7063;243;"2026-09-04";"Present";"09:04:00";"19:53:00";11.18
7064;243;"2026-09-05";"Absent";"09:42:00";"";9.23
7065;243;"2026-09-06";"Present";"";"";9.68
7066;243;"2026-09-07";"Present";"08:50:00";"";7.55
7067;243;"2026-09-08";"Absent";"";"18:40:00";8.33
7068;243;"2026-09-09";"Absent";"08:30:00";"16:58:00";8.47
7069;243;"2026-09-10";"Absent";"10:32:00";"";0.0
7070;243;"2026-09-11";"Present";"08:50:00";"";7.0
7071;243;"2026-09-12";"Present";"";"18:49:00";0.0
7072;243;"2026-09-13";"Present";"08:51:00";"18:23:00";6.6
7073;243;"2026-09-14";"Present";"09:13:00";"16:48:00";5.93
7074;243;"2026-09-15";"Present";"10:55:00";"17:17:00";8.02
7075;243;"2026-09-16";"Absent";"10:27:00";"18:26:00";7.5
7076;243;"2026-09-17";"Present";"08:38:00";"16:29:00";8.52
7077;243;"2026-09-18";"Present";"09:57:00";"";9.42
7078;243;"2026-09-19";"Present";"09:11:00";"17:51:00";10.65
7079;243;"2026-09-20";"Present";"08:54:00";"16:15:00";7.2
7080;243;"2026-09-21";"Present";"09:59:00";"";6.37
7081;277;"2026-09-02";"Absent";"08:53:00";"17:40:00";8.78
7082;277;"2026-09-03";"Absent";"10:22:00";"";0.0
7083;277;"2026-09-04";"Absent";"09:18:00";"18:15:00";7.67
7084;277;"2026-09-05";"Present";"08:29:00";"17:20:00";8.85
7085;277;"2026-09-06";"Absent";"";"19:12:00";7.0
7086;277;"2026-09-07";"Absent";"10:29:00";"17:56:00";7.45
7087;277;"2026-09-08";"Absent";"09:04:00";"18:21:00";9.28
7088;277;"2026-09-09";"Absent";"08:33:00";"19:08:00";10.58
7089;277;"2026-09-10";"Present";"08:16:00";"19:35:00";9.87
7090;277;"2026-09-11";"Absent";"08:04:00";"17:08:00";9.47
7091;277;"2026-09-12";"Present";"10:07:00";"16:29:00";5.92
7092;277;"2026-09-13";"Present";"09:52:00";"18:54:00";6.97
7093;277;"2026-09-14";"Present";"09:30:00";"16:23:00";9.42
7094;277;"2026-09-15";"Present";"10:30:00";"";9.9
7095;277;"2026-09-16";"Present";"10:49:00";"";7.18
7096;277;"2026-09-17";"Absent";"";"19:24:00";6.33
7097;277;"2026-09-18";"Present";"10:41:00";"";5.58
7098;277;"2026-09-19";"Work From Home";"10:10:00";"17:33:00";7.38
7099;277;"2026-09-20";"Present";"";"18:05:00";0.0
7100;277;"2026-09-21";"Absent";"10:16:00";"17:52:00";5.47
7101;296;"2026-09-02";"Absent";"09:39:00";"17:01:00";10.1
7102;296;"2026-09-03";"Present";"09:28:00";"17:02:00";6.62
7103;296;"2026-09-04";"Absent";"09:46:00";"17:56:00";6.93
7104;296;"2026-09-05";"Present";"09:49:00";"";9.57
7105;296;"2026-09-06";"Present";"08:06:00";"19:27:00";11.35
7106;296;"2026-09-07";"Work From Home";"08:32:00";"18:36:00";8.73
7107;296;"2026-09-08";"Present";"08:40:00";"";8.25
7108;296;"2026-09-09";"Present";"";"16:26:00";10.58
7109;296;"2026-09-10";"Present";"09:38:00";"17:08:00";7.5
7110;296;"2026-09-11";"Present";"09:23:00";"16:17:00";6.9
7111;296;"2026-09-12";"Present";"10:43:00";"16:01:00";8.03
7112;296;"2026-09-13";"Present";"09:19:00";"";10.87
7113;296;"2026-09-14";"Present";"09:22:00";"18:49:00";9.67
7114;296;"2026-09-15";"Work From Home";"10:00:00";"";8.2
7115;296;"2026-09-16";"Present";"09:23:00";"";9.47
7116;296;"2026-09-17";"Present";"08:51:00";"";0.0
7117;296;"2026-09-18";"Present";"09:40:00";"16:10:00";11.18
7118;296;"2026-09-19";"Absent";"10:36:00";"18:59:00";8.38
7119;296;"2026-09-20";"Present";"";"18:15:00";10.98
7120;296;"2026-09-21";"Present";"08:46:00";"17:01:00";8.25
7121;300;"2026-09-02";"Present";"";"18:12:00";7.52
7122;300;"2026-09-03";"Present";"08:38:00";"19:27:00";9.63
7123;300;"2026-09-04";"Absent";"";"19:01:00";8.3
7124;300;"2026-09-05";"Present";"";"";0.0
7125;300;"2026-09-06";"Present";"10:41:00";"18:13:00";7.83
7126;300;"2026-09-07";"Present";"08:57:00";"16:01:00";8.65
7127;300;"2026-09-08";"Absent";"10:50:00";"";8.72
7128;300;"2026-09-09";"Present";"09:36:00";"17:51:00";8.25
7129;300;"2026-09-10";"Present";"";"19:31:00";10.13
7130;300;"2026-09-11";"Present";"10:02:00";"";11.27
7131;300;"2026-09-12";"Absent";"";"17:03:00";6.83
7132;300;"2026-09-13";"Present";"08:20:00";"18:22:00";10.03
7133;300;"2026-09-14";"Work From Home";"08:50:00";"16:45:00";7.92
7134;300;"2026-09-15";"Present";"10:31:00";"19:27:00";7.53
7135;300;"2026-09-16";"Present";"09:13:00";"19:45:00";10.53
7136;300;"2026-09-17";"Present";"10:54:00";"17:52:00";9.57
7137;300;"2026-09-18";"Present";"";"16:51:00";9.18
7138;300;"2026-09-19";"Absent";"08:39:00";"";9.0
7139;300;"2026-09-20";"Present";"08:55:00";"";9.98
7140;300;"2026-09-21";"Present";"08:32:00";"16:02:00";7.5
7141;307;"2026-09-02";"Absent";"10:45:00";"19:37:00";9.68
7142;307;"2026-09-03";"Absent";"10:56:00";"18:56:00";11.2
7143;307;"2026-09-04";"Present";"10:42:00";"";9.12
7144;307;"2026-09-05";"Absent";"08:26:00";"19:03:00";10.62
7145;307;"2026-09-06";"Work From Home";"08:40:00";"17:09:00";8.45
7146;307;"2026-09-07";"Present";"10:26:00";"18:21:00";7.05
7147;307;"2026-09-08";"Absent";"09:28:00";"17:55:00";7.7
7148;307;"2026-09-09";"Absent";"";"";0.0
7149;307;"2026-09-10";"Absent";"";"18:23:00";8.5
7150;307;"2026-09-11";"Absent";"10:59:00";"16:07:00";7.6
7151;307;"2026-09-12";"Absent";"10:19:00";"16:18:00";5.98
7152;307;"2026-09-13";"Present";"10:27:00";"";7.92
7153;307;"2026-09-14";"Present";"08:06:00";"19:13:00";10.42
7154;307;"2026-09-15";"Present";"08:05:00";"";5.88
7155;307;"2026-09-16";"Present";"10:12:00";"17:06:00";6.13
7156;307;"2026-09-17";"Absent";"08:50:00";"18:36:00";9.38
7157;307;"2026-09-18";"Present";"09:34:00";"";0.0
7158;307;"2026-09-19";"Present";"08:12:00";"19:18:00";11.1
7159;307;"2026-09-20";"Present";"";"";9.88
7160;307;"2026-09-21";"Present";"10:30:00";"";10.75
7161;314;"2026-09-02";"Absent";"09:19:00";"16:52:00";9.43
7162;314;"2026-09-03";"Present";"08:55:00";"16:44:00";6.5
7163;314;"2026-09-04";"Absent";"09:28:00";"17:51:00";7.18
7164;314;"2026-09-05";"Present";"";"";10.03
7165;314;"2026-09-06";"Present";"";"";6.83
7166;314;"2026-09-07";"Absent";"10:58:00";"19:47:00";8.3
7167;314;"2026-09-08";"Present";"09:50:00";"19:24:00";9.57
7168;314;"2026-09-09";"Present";"09:26:00";"18:32:00";9.77
7169;314;"2026-09-10";"Present";"08:06:00";"";9.83
7170;314;"2026-09-11";"Present";"09:33:00";"";8.9
7171;314;"2026-09-12";"Present";"";"17:07:00";8.78
7172;314;"2026-09-13";"Absent";"10:51:00";"17:51:00";8.73
7173;314;"2026-09-14";"Present";"09:49:00";"17:48:00";8.07
7174;314;"2026-09-15";"Present";"08:46:00";"16:24:00";6.05
7175;314;"2026-09-16";"Present";"";"19:30:00";0.0
7176;314;"2026-09-17";"Absent";"08:26:00";"16:00:00";7.93
7177;314;"2026-09-18";"Present";"";"19:59:00";0.0
7178;314;"2026-09-19";"Present";"10:00:00";"16:06:00";9.63
7179;314;"2026-09-20";"Present";"10:19:00";"17:46:00";9.93
7180;314;"2026-09-21";"Present";"10:49:00";"16:17:00";10.35
7181;315;"2026-09-02";"Present";"09:50:00";"18:00:00";8.17
7182;315;"2026-09-03";"Present";"09:38:00";"19:47:00";9.13
7183;315;"2026-09-04";"Present";"09:21:00";"18:38:00";7.72
7184;315;"2026-09-05";"Present";"08:44:00";"19:59:00";10.48
7185;315;"2026-09-06";"Absent";"08:12:00";"19:06:00";11.82
7186;315;"2026-09-07";"Present";"";"19:08:00";11.48
7187;315;"2026-09-08";"Absent";"10:55:00";"16:25:00";10.3
7188;315;"2026-09-09";"Present";"08:54:00";"16:36:00";7.7
7189;315;"2026-09-10";"Present";"10:33:00";"19:43:00";11.82
7190;315;"2026-09-11";"Present";"";"18:49:00";5.53
7191;315;"2026-09-12";"Present";"08:52:00";"18:24:00";8.78
7192;315;"2026-09-13";"Present";"08:04:00";"17:43:00";8.77
7193;315;"2026-09-14";"Absent";"09:09:00";"18:10:00";9.88
7194;315;"2026-09-15";"Present";"";"";8.23
7195;315;"2026-09-16";"Absent";"09:42:00";"17:38:00";10.43
7196;315;"2026-09-17";"Present";"10:54:00";"18:17:00";7.58
7197;315;"2026-09-18";"Present";"08:48:00";"";7.12
7198;315;"2026-09-19";"Present";"08:45:00";"17:22:00";9.32
7199;315;"2026-09-20";"Absent";"09:08:00";"16:55:00";10.48
7200;315;"2026-09-21";"Present";"";"16:29:00";8.32
7201;319;"2026-09-02";"Absent";"08:04:00";"19:54:00";9.82
7202;319;"2026-09-03";"Present";"";"18:49:00";10.2
7203;319;"2026-09-04";"Present";"10:48:00";"";6.25
7204;319;"2026-09-05";"Absent";"09:27:00";"16:52:00";7.92
7205;319;"2026-09-06";"Present";"10:59:00";"16:30:00";8.95
7206;319;"2026-09-07";"Absent";"08:05:00";"18:47:00";7.43
7207;319;"2026-09-08";"Present";"";"17:39:00";7.52
7208;319;"2026-09-09";"Present";"";"";0.0
7209;319;"2026-09-10";"Absent";"08:53:00";"19:44:00";6.82
7210;319;"2026-09-11";"Present";"";"17:10:00";7.17
7211;319;"2026-09-12";"Present";"10:28:00";"16:40:00";7.75
7212;319;"2026-09-13";"Present";"10:05:00";"16:42:00";6.17
7213;319;"2026-09-14";"Present";"";"19:47:00";9.28
7214;319;"2026-09-15";"Absent";"";"17:01:00";8.87
7215;319;"2026-09-16";"Present";"10:05:00";"16:36:00";8.08
7216;319;"2026-09-17";"Present";"09:45:00";"16:22:00";6.62
7217;319;"2026-09-18";"Present";"08:01:00";"16:27:00";6.32
7218;319;"2026-09-19";"Present";"08:48:00";"17:33:00";8.75
7219;319;"2026-09-20";"Present";"";"16:31:00";10.27
7220;319;"2026-09-21";"Present";"";"16:00:00";6.78
7221;322;"2026-09-02";"Present";"08:31:00";"18:57:00";10.35
7222;322;"2026-09-03";"Absent";"";"18:20:00";0.0
7223;322;"2026-09-04";"Present";"10:01:00";"16:42:00";6.68
7224;322;"2026-09-05";"Present";"08:29:00";"19:38:00";9.12
7225;322;"2026-09-06";"Present";"10:33:00";"";10.7
7226;322;"2026-09-07";"Present";"09:28:00";"16:49:00";7.6
7227;322;"2026-09-08";"Absent";"10:59:00";"19:38:00";8.65
7228;322;"2026-09-09";"Present";"08:03:00";"";5.88
7229;322;"2026-09-10";"Present";"";"19:09:00";8.28
7230;322;"2026-09-11";"Present";"08:07:00";"";7.58
7231;322;"2026-09-12";"Absent";"";"";7.93
7232;322;"2026-09-13";"Absent";"10:39:00";"";0.0
7233;322;"2026-09-14";"Present";"10:47:00";"18:51:00";8.07
7234;322;"2026-09-15";"Present";"10:40:00";"18:17:00";7.62
7235;322;"2026-09-16";"Present";"08:16:00";"18:54:00";10.63
7236;322;"2026-09-17";"Present";"08:59:00";"17:31:00";8.53
7237;322;"2026-09-18";"Present";"10:38:00";"16:40:00";11.33
7238;322;"2026-09-19";"Present";"08:23:00";"19:03:00";10.67
7239;322;"2026-09-20";"Absent";"08:25:00";"16:56:00";7.83
7240;322;"2026-09-21";"Absent";"08:27:00";"";9.43
7241;324;"2026-09-02";"Present";"08:18:00";"19:05:00";8.68
7242;324;"2026-09-03";"Present";"10:39:00";"19:06:00";9.17
7243;324;"2026-09-04";"Work From Home";"";"";0.0
7244;324;"2026-09-05";"Present";"08:56:00";"18:17:00";5.3
7245;324;"2026-09-06";"Present";"";"";0.0
7246;324;"2026-09-07";"Present";"10:03:00";"16:42:00";6.65
7247;324;"2026-09-08";"Absent";"10:32:00";"17:42:00";8.6
7248;324;"2026-09-09";"Present";"";"";8.23
7249;324;"2026-09-10";"Present";"09:20:00";"17:20:00";8.0
7250;324;"2026-09-11";"Absent";"09:50:00";"19:55:00";10.42
7251;324;"2026-09-12";"Present";"";"18:43:00";0.0
7252;324;"2026-09-13";"Present";"08:12:00";"16:52:00";9.75
7253;324;"2026-09-14";"Present";"09:43:00";"17:09:00";9.63
7254;324;"2026-09-15";"Present";"";"19:53:00";0.0
7255;324;"2026-09-16";"Present";"";"18:50:00";11.7
7256;324;"2026-09-17";"Present";"10:09:00";"18:24:00";8.25
7257;324;"2026-09-18";"Absent";"";"19:20:00";0.0
7258;324;"2026-09-19";"Present";"";"18:07:00";8.5
7259;324;"2026-09-20";"Present";"08:13:00";"16:49:00";8.67
7260;324;"2026-09-21";"Present";"";"19:07:00";0.0
7261;354;"2026-09-02";"Present";"08:59:00";"17:07:00";11.77
7262;354;"2026-09-03";"Present";"10:49:00";"16:48:00";8.2
7263;354;"2026-09-04";"Present";"08:47:00";"19:16:00";8.07
7264;354;"2026-09-05";"Present";"09:13:00";"19:41:00";8.1
7265;354;"2026-09-06";"Present";"";"";0.0
7266;354;"2026-09-07";"Present";"10:41:00";"18:57:00";8.27
7267;354;"2026-09-08";"Present";"08:16:00";"19:24:00";8.58
7268;354;"2026-09-09";"Present";"08:25:00";"18:44:00";8.45
7269;354;"2026-09-10";"Present";"08:21:00";"19:01:00";8.45
7270;354;"2026-09-11";"Present";"";"18:37:00";7.43
7271;354;"2026-09-12";"Absent";"";"17:24:00";10.2
7272;354;"2026-09-13";"Present";"08:17:00";"";0.0
7273;354;"2026-09-14";"Present";"10:40:00";"16:00:00";11.07
7274;354;"2026-09-15";"Present";"09:53:00";"";10.8
7275;354;"2026-09-16";"Present";"09:32:00";"17:01:00";7.25
7276;354;"2026-09-17";"Present";"08:27:00";"18:14:00";8.03
7277;354;"2026-09-18";"Absent";"10:50:00";"16:17:00";9.35
7278;354;"2026-09-19";"Present";"09:39:00";"18:02:00";7.5
7279;354;"2026-09-20";"Absent";"09:05:00";"16:00:00";6.92
7280;354;"2026-09-21";"Absent";"";"17:06:00";10.35
7281;355;"2026-09-02";"Present";"10:55:00";"";0.0
7282;355;"2026-09-03";"Present";"09:47:00";"17:13:00";10.3
7283;355;"2026-09-04";"Present";"08:29:00";"16:46:00";11.1
7284;355;"2026-09-05";"Present";"";"19:46:00";8.52
7285;355;"2026-09-06";"Present";"10:18:00";"18:29:00";8.18
7286;355;"2026-09-07";"Present";"";"17:16:00";8.8
7287;355;"2026-09-08";"Present";"";"";0.0
7288;355;"2026-09-09";"Absent";"10:51:00";"16:09:00";8.97
7289;355;"2026-09-10";"Work From Home";"10:57:00";"19:06:00";9.5
7290;355;"2026-09-11";"Present";"10:37:00";"18:11:00";5.98
7291;355;"2026-09-12";"Present";"09:49:00";"17:07:00";8.28
7292;355;"2026-09-13";"Absent";"08:55:00";"16:56:00";6.0
7293;355;"2026-09-14";"Present";"10:22:00";"";6.43
7294;355;"2026-09-15";"Present";"10:10:00";"19:22:00";9.93
7295;355;"2026-09-16";"Present";"09:08:00";"16:46:00";10.12
7296;355;"2026-09-17";"Present";"08:10:00";"17:29:00";9.32
7297;355;"2026-09-18";"Work From Home";"10:40:00";"19:59:00";6.22
7298;355;"2026-09-19";"Absent";"10:49:00";"19:58:00";8.85
7299;355;"2026-09-20";"Absent";"09:58:00";"18:54:00";8.93
7300;355;"2026-09-21";"Present";"";"18:48:00";0.0
7301;359;"2026-09-02";"Present";"10:01:00";"";5.85
7302;359;"2026-09-03";"Present";"";"16:27:00";0.0
7303;359;"2026-09-04";"Present";"";"19:16:00";0.0
7304;359;"2026-09-05";"Absent";"09:03:00";"19:57:00";8.48
7305;359;"2026-09-06";"Present";"08:21:00";"16:51:00";7.83
7306;359;"2026-09-07";"Present";"";"16:27:00";0.0
7307;359;"2026-09-08";"Present";"09:29:00";"16:46:00";6.47
7308;359;"2026-09-09";"Present";"10:16:00";"19:52:00";7.7
7309;359;"2026-09-10";"Present";"09:28:00";"";11.42
7310;359;"2026-09-11";"Present";"10:10:00";"16:04:00";7.42
7311;359;"2026-09-12";"Present";"10:53:00";"";7.78
7312;359;"2026-09-13";"Present";"";"";6.93
7313;359;"2026-09-14";"Present";"";"17:00:00";0.0
7314;359;"2026-09-15";"Present";"10:23:00";"";7.05
7315;359;"2026-09-16";"Absent";"";"";8.78
7316;359;"2026-09-17";"Present";"08:46:00";"";10.92
7317;359;"2026-09-18";"Present";"";"17:30:00";9.9
7318;359;"2026-09-19";"Present";"10:26:00";"";0.0
7319;359;"2026-09-20";"Present";"09:34:00";"18:39:00";8.05
7320;359;"2026-09-21";"Absent";"10:14:00";"";9.68
7321;360;"2026-09-02";"Present";"09:20:00";"16:22:00";8.82
7322;360;"2026-09-03";"Present";"10:08:00";"17:27:00";6.67
7323;360;"2026-09-04";"Present";"09:09:00";"19:59:00";10.4
7324;360;"2026-09-05";"Absent";"09:15:00";"16:14:00";6.98
7325;360;"2026-09-06";"Present";"10:29:00";"";5.78
7326;360;"2026-09-07";"Absent";"";"";8.92
7327;360;"2026-09-08";"Present";"";"18:58:00";8.12
7328;360;"2026-09-09";"Present";"10:57:00";"19:48:00";10.07
7329;360;"2026-09-10";"Present";"09:57:00";"16:35:00";6.63
7330;360;"2026-09-11";"Absent";"10:40:00";"19:02:00";7.87
7331;360;"2026-09-12";"Work From Home";"08:20:00";"18:16:00";7.0
7332;360;"2026-09-13";"Present";"10:31:00";"";5.93
7333;360;"2026-09-14";"Present";"10:02:00";"";6.23
7334;360;"2026-09-15";"Present";"08:19:00";"16:30:00";10.03
7335;360;"2026-09-16";"On Leave";"08:10:00";"18:19:00";10.15
7336;360;"2026-09-17";"Absent";"09:45:00";"19:13:00";9.27
7337;360;"2026-09-18";"Present";"";"19:43:00";11.1
7338;360;"2026-09-19";"Present";"";"18:42:00";11.62
7339;360;"2026-09-20";"Present";"10:11:00";"";0.0
7340;360;"2026-09-21";"Present";"09:14:00";"";9.48
7341;371;"2026-09-02";"Present";"";"";9.62
7342;371;"2026-09-03";"Absent";"08:59:00";"16:49:00";7.93
7343;371;"2026-09-04";"Present";"10:36:00";"18:56:00";8.33
7344;371;"2026-09-05";"Absent";"08:00:00";"19:43:00";11.72
7345;371;"2026-09-06";"Present";"";"18:04:00";7.48
7346;371;"2026-09-07";"Present";"09:16:00";"17:53:00";8.07
7347;371;"2026-09-08";"Present";"08:19:00";"18:43:00";8.07
7348;371;"2026-09-09";"Absent";"";"";8.62
7349;371;"2026-09-10";"Present";"10:42:00";"17:19:00";10.22
7350;371;"2026-09-11";"Present";"";"";7.0
7351;371;"2026-09-12";"Present";"";"18:47:00";10.18
7352;371;"2026-09-13";"Present";"09:49:00";"19:00:00";9.58
7353;371;"2026-09-14";"Present";"09:09:00";"18:36:00";7.95
7354;371;"2026-09-15";"Present";"09:45:00";"";6.1
7355;371;"2026-09-16";"Work From Home";"";"";0.0
7356;371;"2026-09-17";"Present";"";"17:27:00";0.0
7357;371;"2026-09-18";"Present";"10:57:00";"16:12:00";6.62
7358;371;"2026-09-19";"Present";"09:14:00";"";0.0
7359;371;"2026-09-20";"Absent";"";"16:35:00";8.82
7360;371;"2026-09-21";"Present";"";"16:21:00";8.33
7361;377;"2026-09-02";"Present";"";"18:46:00";8.45
7362;377;"2026-09-03";"Present";"";"16:17:00";0.0
7363;377;"2026-09-04";"Absent";"09:23:00";"19:34:00";5.48
7364;377;"2026-09-05";"Absent";"";"16:38:00";0.0
7365;377;"2026-09-06";"Present";"09:09:00";"19:14:00";7.82
7366;377;"2026-09-07";"Present";"";"16:31:00";0.0
7367;377;"2026-09-08";"Present";"10:46:00";"";8.97
7368;377;"2026-09-09";"Present";"";"";0.0
7369;377;"2026-09-10";"Present";"10:45:00";"18:06:00";9.73
7370;377;"2026-09-11";"Present";"08:26:00";"18:20:00";6.87
7371;377;"2026-09-12";"Present";"09:34:00";"19:03:00";6.1
7372;377;"2026-09-13";"Present";"";"17:21:00";8.88
7373;377;"2026-09-14";"Present";"10:50:00";"";11.23
7374;377;"2026-09-15";"Present";"10:02:00";"17:01:00";6.98
7375;377;"2026-09-16";"Present";"10:37:00";"16:43:00";11.37
7376;377;"2026-09-17";"Present";"08:10:00";"18:37:00";7.82
7377;377;"2026-09-18";"Present";"09:01:00";"18:08:00";9.12
7378;377;"2026-09-19";"Present";"09:25:00";"17:40:00";9.73
7379;377;"2026-09-20";"Absent";"08:37:00";"16:08:00";7.75
7380;377;"2026-09-21";"Present";"09:59:00";"18:17:00";8.52
7381;388;"2026-09-02";"Present";"08:25:00";"19:29:00";8.08
7382;388;"2026-09-03";"Present";"10:33:00";"";0.0
7383;388;"2026-09-04";"Present";"";"";0.0
7384;388;"2026-09-05";"Present";"10:49:00";"";7.65
7385;388;"2026-09-06";"Present";"10:13:00";"";10.88
7386;388;"2026-09-07";"Absent";"08:34:00";"17:45:00";9.18
7387;388;"2026-09-08";"Present";"10:36:00";"";8.88
7388;388;"2026-09-09";"Present";"10:36:00";"16:00:00";8.77
7389;388;"2026-09-10";"Present";"09:40:00";"19:45:00";6.45
7390;388;"2026-09-11";"Present";"";"";9.92
7391;388;"2026-09-12";"Present";"09:24:00";"16:18:00";7.37
7392;388;"2026-09-13";"Absent";"08:05:00";"18:30:00";9.77
7393;388;"2026-09-14";"Present";"09:18:00";"";0.0
7394;388;"2026-09-15";"Present";"10:12:00";"";6.8
7395;388;"2026-09-16";"Present";"08:26:00";"";6.4
7396;388;"2026-09-17";"Present";"09:36:00";"16:56:00";8.7
7397;388;"2026-09-18";"Absent";"10:07:00";"19:15:00";8.6
7398;388;"2026-09-19";"Absent";"09:19:00";"18:49:00";7.95
7399;388;"2026-09-20";"Present";"10:06:00";"16:37:00";6.52
7400;388;"2026-09-21";"Present";"08:26:00";"";7.88
7401;394;"2026-09-02";"Absent";"10:52:00";"19:33:00";8.68
7402;394;"2026-09-03";"Present";"09:25:00";"19:09:00";9.73
7403;394;"2026-09-04";"Present";"09:26:00";"16:53:00";7.45
7404;394;"2026-09-05";"Present";"";"17:34:00";0.0
7405;394;"2026-09-06";"Present";"";"18:54:00";0.0
7406;394;"2026-09-07";"Present";"";"";8.18
7407;394;"2026-09-08";"Present";"09:32:00";"19:41:00";10.15
7408;394;"2026-09-09";"Present";"";"";7.33
7409;394;"2026-09-10";"On Leave";"09:11:00";"19:07:00";9.93
7410;394;"2026-09-11";"Present";"10:02:00";"";0.0
7411;394;"2026-09-12";"Present";"09:02:00";"16:51:00";7.68
7412;394;"2026-09-13";"Present";"09:02:00";"";10.73
7413;394;"2026-09-14";"Present";"10:20:00";"16:40:00";7.95
7414;394;"2026-09-15";"Present";"09:56:00";"18:37:00";9.5
7415;394;"2026-09-16";"Present";"";"16:16:00";10.82
7416;394;"2026-09-17";"Present";"";"17:52:00";9.13
7417;394;"2026-09-18";"Present";"08:14:00";"19:41:00";11.45
7418;394;"2026-09-19";"Present";"08:13:00";"16:04:00";7.47
7419;394;"2026-09-20";"Absent";"";"19:40:00";7.35
7420;394;"2026-09-21";"Absent";"10:38:00";"19:32:00";8.9
7421;423;"2026-09-02";"Present";"";"";9.35
7422;423;"2026-09-03";"Present";"09:37:00";"19:59:00";10.37
7423;423;"2026-09-04";"Present";"08:52:00";"19:20:00";10.47
7424;423;"2026-09-05";"Present";"";"17:34:00";9.9
7425;423;"2026-09-06";"Absent";"09:18:00";"16:34:00";8.92
7426;423;"2026-09-07";"Present";"09:35:00";"";9.7
7427;423;"2026-09-08";"Present";"08:34:00";"17:40:00";7.95
7428;423;"2026-09-09";"Present";"08:34:00";"16:09:00";8.18
7429;423;"2026-09-10";"Present";"09:07:00";"19:30:00";9.45
7430;423;"2026-09-11";"Present";"";"19:45:00";10.52
7431;423;"2026-09-12";"Absent";"";"18:08:00";0.0
7432;423;"2026-09-13";"Absent";"10:57:00";"";9.27
7433;423;"2026-09-14";"Absent";"10:54:00";"";9.52
7434;423;"2026-09-15";"Absent";"10:43:00";"19:20:00";5.4
7435;423;"2026-09-16";"Present";"08:21:00";"19:47:00";11.43
7436;423;"2026-09-17";"Absent";"08:26:00";"19:16:00";9.0
7437;423;"2026-09-18";"Absent";"";"";8.17
7438;423;"2026-09-19";"Present";"09:23:00";"19:25:00";10.03
7439;423;"2026-09-20";"Present";"08:21:00";"19:40:00";11.55
7440;423;"2026-09-21";"Present";"10:18:00";"";7.37
7441;427;"2026-09-02";"Present";"";"16:14:00";8.77
7442;427;"2026-09-03";"Absent";"09:40:00";"";0.0
7443;427;"2026-09-04";"Present";"";"";7.05
7444;427;"2026-09-05";"Present";"10:17:00";"17:10:00";11.15
7445;427;"2026-09-06";"Absent";"";"19:25:00";0.0
7446;427;"2026-09-07";"Absent";"09:59:00";"17:13:00";7.23
7447;427;"2026-09-08";"Present";"08:04:00";"";0.0
7448;427;"2026-09-09";"Present";"10:49:00";"18:11:00";7.37
7449;427;"2026-09-10";"Present";"10:16:00";"16:41:00";10.98
7450;427;"2026-09-11";"Present";"08:17:00";"16:37:00";8.33
7451;427;"2026-09-12";"Present";"09:19:00";"18:57:00";9.63
7452;427;"2026-09-13";"Present";"10:42:00";"18:51:00";8.15
7453;427;"2026-09-14";"Present";"";"19:29:00";9.4
7454;427;"2026-09-15";"Absent";"09:15:00";"";8.8
7455;427;"2026-09-16";"Present";"";"19:01:00";7.57
7456;427;"2026-09-17";"Present";"09:35:00";"16:16:00";6.68
7457;427;"2026-09-18";"Work From Home";"";"18:18:00";10.72
7458;427;"2026-09-19";"Present";"09:08:00";"16:13:00";7.3
7459;427;"2026-09-20";"Absent";"09:39:00";"17:37:00";8.85
7460;427;"2026-09-21";"Absent";"08:53:00";"19:37:00";9.37
7461;441;"2026-09-02";"Work From Home";"";"17:51:00";8.2
7462;441;"2026-09-03";"Present";"09:23:00";"16:10:00";7.7
7463;441;"2026-09-04";"Present";"";"19:53:00";0.0
7464;441;"2026-09-05";"Present";"10:47:00";"18:10:00";7.38
7465;441;"2026-09-06";"Absent";"09:38:00";"19:04:00";7.17
7466;441;"2026-09-07";"Absent";"09:37:00";"19:58:00";10.35
7467;441;"2026-09-08";"Present";"09:28:00";"16:04:00";6.6
7468;441;"2026-09-09";"Present";"08:39:00";"19:41:00";11.03
7469;441;"2026-09-10";"Present";"08:52:00";"";0.0
7470;441;"2026-09-11";"Present";"";"16:40:00";9.07
7471;441;"2026-09-12";"Present";"10:08:00";"17:19:00";7.18
7472;441;"2026-09-13";"Present";"08:51:00";"";6.45
7473;441;"2026-09-14";"Present";"08:43:00";"17:02:00";8.32
7474;441;"2026-09-15";"Absent";"08:15:00";"19:19:00";8.9
7475;441;"2026-09-16";"Present";"10:42:00";"18:45:00";7.68
7476;441;"2026-09-17";"Present";"08:21:00";"16:36:00";7.62
7477;441;"2026-09-18";"Present";"10:06:00";"19:04:00";7.73
7478;441;"2026-09-19";"Present";"";"18:02:00";8.42
7479;441;"2026-09-20";"Present";"";"18:33:00";8.92
7480;441;"2026-09-21";"Present";"09:36:00";"17:15:00";7.65
7481;446;"2026-09-02";"Present";"";"";11.22
7482;446;"2026-09-03";"Present";"";"16:41:00";10.17
7483;446;"2026-09-04";"Present";"09:06:00";"19:48:00";10.65
7484;446;"2026-09-05";"Present";"09:45:00";"17:43:00";7.97
7485;446;"2026-09-06";"Present";"";"";7.75
7486;446;"2026-09-07";"Present";"";"19:15:00";8.37
7487;446;"2026-09-08";"Present";"";"";7.85
7488;446;"2026-09-09";"Present";"10:44:00";"17:04:00";8.55
7489;446;"2026-09-10";"Present";"08:49:00";"16:58:00";8.12
7490;446;"2026-09-11";"Present";"10:44:00";"";7.82
7491;446;"2026-09-12";"Present";"";"16:07:00";8.0
7492;446;"2026-09-13";"Present";"10:29:00";"17:26:00";6.52
7493;446;"2026-09-14";"Absent";"08:19:00";"17:54:00";7.88
7494;446;"2026-09-15";"Present";"";"18:16:00";11.37
7495;446;"2026-09-16";"Present";"09:40:00";"16:17:00";6.62
7496;446;"2026-09-17";"Present";"08:25:00";"17:20:00";5.87
7497;446;"2026-09-18";"Present";"08:58:00";"19:53:00";8.77
7498;446;"2026-09-19";"Present";"08:21:00";"18:12:00";9.85
7499;446;"2026-09-20";"Present";"08:31:00";"16:45:00";6.35
7500;446;"2026-09-21";"Present";"08:36:00";"18:51:00";10.25
7501;457;"2026-09-02";"Absent";"10:27:00";"";8.2
7502;457;"2026-09-03";"Present";"08:56:00";"19:41:00";10.75
7503;457;"2026-09-04";"Present";"08:27:00";"16:18:00";6.18
7504;457;"2026-09-05";"Present";"10:23:00";"";7.78
7505;457;"2026-09-06";"Absent";"10:44:00";"16:32:00";8.45
7506;457;"2026-09-07";"Work From Home";"";"19:28:00";6.05
7507;457;"2026-09-08";"Present";"08:49:00";"17:10:00";8.03
7508;457;"2026-09-09";"Present";"10:34:00";"17:47:00";7.22
7509;457;"2026-09-10";"Present";"10:22:00";"17:45:00";10.78
7510;457;"2026-09-11";"Present";"09:18:00";"17:55:00";7.05
7511;457;"2026-09-12";"Present";"09:32:00";"18:06:00";8.75
7512;457;"2026-09-13";"Absent";"08:49:00";"";7.55
7513;457;"2026-09-14";"Absent";"10:21:00";"";0.0
7514;457;"2026-09-15";"Present";"10:57:00";"";6.87
7515;457;"2026-09-16";"Present";"09:31:00";"16:42:00";10.03
7516;457;"2026-09-17";"Present";"08:17:00";"16:41:00";8.4
7517;457;"2026-09-18";"Present";"09:49:00";"17:51:00";8.03
7518;457;"2026-09-19";"Present";"";"";7.22
7519;457;"2026-09-20";"Present";"08:36:00";"";8.4
7520;457;"2026-09-21";"Absent";"09:48:00";"18:46:00";10.9
7521;458;"2026-09-02";"Present";"08:29:00";"17:18:00";10.2
7522;458;"2026-09-03";"Present";"08:29:00";"16:19:00";7.77
7523;458;"2026-09-04";"Present";"08:34:00";"19:13:00";10.65
7524;458;"2026-09-05";"Absent";"10:11:00";"19:36:00";10.42
7525;458;"2026-09-06";"Present";"10:33:00";"18:31:00";7.97
7526;458;"2026-09-07";"Present";"08:55:00";"19:30:00";7.08
7527;458;"2026-09-08";"Absent";"10:57:00";"18:32:00";8.98
7528;458;"2026-09-09";"Present";"09:34:00";"17:16:00";6.3
7529;458;"2026-09-10";"Present";"10:23:00";"18:19:00";9.08
7530;458;"2026-09-11";"Absent";"";"16:24:00";10.9
7531;458;"2026-09-12";"Present";"10:19:00";"19:52:00";9.43
7532;458;"2026-09-13";"Present";"08:15:00";"16:10:00";9.72
7533;458;"2026-09-14";"Present";"09:06:00";"";7.03
7534;458;"2026-09-15";"Present";"08:47:00";"17:24:00";10.45
7535;458;"2026-09-16";"Present";"10:16:00";"19:54:00";6.02
7536;458;"2026-09-17";"Absent";"08:09:00";"17:55:00";9.77
7537;458;"2026-09-18";"Present";"10:11:00";"17:55:00";7.73
7538;458;"2026-09-19";"Present";"10:53:00";"16:48:00";8.52
7539;458;"2026-09-20";"Present";"";"18:30:00";8.78
7540;458;"2026-09-21";"Absent";"";"16:35:00";8.23
7541;472;"2026-09-02";"Present";"10:34:00";"";0.0
7542;472;"2026-09-03";"Present";"10:27:00";"18:33:00";8.1
7543;472;"2026-09-04";"Absent";"10:22:00";"17:15:00";6.88
7544;472;"2026-09-05";"Work From Home";"09:57:00";"19:05:00";7.73
7545;472;"2026-09-06";"Present";"08:20:00";"16:49:00";8.48
7546;472;"2026-09-07";"Absent";"08:58:00";"19:53:00";6.23
7547;472;"2026-09-08";"Present";"09:59:00";"16:17:00";8.55
7548;472;"2026-09-09";"Present";"";"16:55:00";8.98
7549;472;"2026-09-10";"Absent";"08:56:00";"";0.0
7550;472;"2026-09-11";"Present";"08:59:00";"16:02:00";9.53
7551;472;"2026-09-12";"Present";"10:42:00";"16:16:00";8.62
7552;472;"2026-09-13";"Absent";"";"16:51:00";10.08
7553;472;"2026-09-14";"Present";"";"17:03:00";11.87
7554;472;"2026-09-15";"Present";"10:46:00";"16:25:00";5.65
7555;472;"2026-09-16";"Absent";"";"16:54:00";6.68
7556;472;"2026-09-17";"Absent";"10:24:00";"16:15:00";7.88
7557;472;"2026-09-18";"Present";"10:12:00";"19:34:00";8.28
7558;472;"2026-09-19";"Absent";"";"";8.62
7559;472;"2026-09-20";"Absent";"08:02:00";"17:02:00";8.48
7560;472;"2026-09-21";"Present";"10:09:00";"17:10:00";6.53
7561;473;"2026-09-02";"Present";"08:18:00";"19:47:00";9.65
7562;473;"2026-09-03";"Absent";"10:20:00";"16:25:00";10.08
7563;473;"2026-09-04";"Absent";"09:52:00";"";0.0
7564;473;"2026-09-05";"Present";"09:52:00";"";7.77
7565;473;"2026-09-06";"Absent";"";"16:07:00";7.35
7566;473;"2026-09-07";"Absent";"";"19:57:00";0.0
7567;473;"2026-09-08";"Present";"10:43:00";"19:28:00";7.82
7568;473;"2026-09-09";"Present";"08:34:00";"18:28:00";6.67
7569;473;"2026-09-10";"Present";"08:36:00";"";5.53
7570;473;"2026-09-11";"Present";"09:45:00";"17:14:00";8.3
7571;473;"2026-09-12";"Present";"10:30:00";"17:51:00";8.13
7572;473;"2026-09-13";"Present";"10:17:00";"16:09:00";9.38
7573;473;"2026-09-14";"Present";"09:05:00";"";8.88
7574;473;"2026-09-15";"Present";"10:44:00";"17:29:00";6.75
7575;473;"2026-09-16";"Present";"09:32:00";"17:03:00";6.82
7576;473;"2026-09-17";"Present";"09:06:00";"17:53:00";8.78
7577;473;"2026-09-18";"Present";"09:21:00";"16:16:00";6.92
7578;473;"2026-09-19";"Absent";"08:28:00";"19:41:00";7.45
7579;473;"2026-09-20";"Present";"09:23:00";"17:55:00";6.13
7580;473;"2026-09-21";"Present";"10:45:00";"16:28:00";5.72
7581;498;"2026-09-02";"Present";"08:46:00";"17:38:00";9.15
7582;498;"2026-09-03";"Present";"09:08:00";"18:06:00";8.97
7583;498;"2026-09-04";"Present";"";"16:15:00";9.57
7584;498;"2026-09-05";"Present";"10:20:00";"18:17:00";7.05
7585;498;"2026-09-06";"Absent";"";"18:19:00";0.0
7586;498;"2026-09-07";"Present";"";"19:58:00";10.85
7587;498;"2026-09-08";"Present";"09:41:00";"19:24:00";10.4
7588;498;"2026-09-09";"Present";"08:40:00";"18:09:00";6.52
7589;498;"2026-09-10";"Present";"09:32:00";"";7.73
7590;498;"2026-09-11";"Present";"09:04:00";"16:38:00";9.22
7591;498;"2026-09-12";"Present";"09:19:00";"18:31:00";6.9
7592;498;"2026-09-13";"Present";"09:02:00";"19:14:00";10.2
7593;498;"2026-09-14";"Present";"";"17:37:00";0.0
7594;498;"2026-09-15";"Absent";"10:19:00";"18:11:00";8.28
7595;498;"2026-09-16";"Absent";"09:18:00";"";8.1
7596;498;"2026-09-17";"Present";"08:44:00";"18:48:00";9.45
7597;498;"2026-09-18";"Present";"09:49:00";"19:34:00";8.63
7598;498;"2026-09-19";"Absent";"08:42:00";"16:21:00";8.12
7599;498;"2026-09-20";"Absent";"08:39:00";"16:51:00";8.2
7600;498;"2026-09-21";"Present";"10:11:00";"18:55:00";6.75
7601;519;"2026-09-02";"Present";"";"18:53:00";6.5
7602;519;"2026-09-03";"Present";"";"19:30:00";7.88
7603;519;"2026-09-04";"Present";"09:51:00";"";6.95
7604;519;"2026-09-05";"Present";"";"18:06:00";11.27
7605;519;"2026-09-06";"Present";"10:07:00";"";0.0
7606;519;"2026-09-07";"Present";"10:48:00";"16:38:00";5.83
7607;519;"2026-09-08";"Present";"10:38:00";"19:03:00";8.42
7608;519;"2026-09-09";"Absent";"08:35:00";"16:33:00";7.97
7609;519;"2026-09-10";"Present";"08:59:00";"19:12:00";10.22
7610;519;"2026-09-11";"Present";"09:27:00";"17:18:00";7.72
7611;519;"2026-09-12";"Present";"10:42:00";"18:49:00";9.78
7612;519;"2026-09-13";"Present";"";"16:50:00";6.88
7613;519;"2026-09-14";"Present";"09:08:00";"18:24:00";8.55
7614;519;"2026-09-15";"Present";"09:12:00";"18:06:00";8.9
7615;519;"2026-09-16";"Present";"09:12:00";"";9.2
7616;519;"2026-09-17";"Absent";"10:48:00";"18:04:00";9.53
7617;519;"2026-09-18";"Present";"";"19:53:00";10.67
7618;519;"2026-09-19";"Absent";"";"19:38:00";9.67
7619;519;"2026-09-20";"Absent";"10:08:00";"16:28:00";6.33
7620;519;"2026-09-21";"Absent";"08:51:00";"16:04:00";7.22
7621;524;"2026-09-02";"Absent";"08:48:00";"";0.0
7622;524;"2026-09-03";"Present";"08:00:00";"";7.5
7623;524;"2026-09-04";"Absent";"";"";9.12
7624;524;"2026-09-05";"Present";"";"16:18:00";9.32
7625;524;"2026-09-06";"Absent";"08:21:00";"";10.25
7626;524;"2026-09-07";"Present";"08:24:00";"";10.75
7627;524;"2026-09-08";"Present";"09:27:00";"17:23:00";7.03
7628;524;"2026-09-09";"Present";"09:44:00";"17:33:00";10.8
7629;524;"2026-09-10";"Present";"08:18:00";"16:28:00";8.17
7630;524;"2026-09-11";"Present";"08:46:00";"";8.35
7631;524;"2026-09-12";"Present";"";"16:48:00";5.58
7632;524;"2026-09-13";"Present";"";"16:57:00";11.42
7633;524;"2026-09-14";"Work From Home";"09:53:00";"19:57:00";7.13
7634;524;"2026-09-15";"Present";"10:21:00";"";9.08
7635;524;"2026-09-16";"Present";"10:32:00";"18:53:00";8.5
7636;524;"2026-09-17";"Present";"08:40:00";"19:55:00";10.38
7637;524;"2026-09-18";"Present";"";"17:53:00";7.32
7638;524;"2026-09-19";"Present";"08:10:00";"16:28:00";10.07
7639;524;"2026-09-20";"Present";"10:29:00";"18:59:00";8.58
7640;524;"2026-09-21";"Present";"";"";6.18
7641;527;"2026-09-02";"Present";"09:38:00";"16:53:00";7.25
7642;527;"2026-09-03";"Present";"";"";0.0
7643;527;"2026-09-04";"Present";"08:47:00";"";0.0
7644;527;"2026-09-05";"Absent";"08:40:00";"19:01:00";7.55
7645;527;"2026-09-06";"Present";"09:47:00";"";11.58
7646;527;"2026-09-07";"Present";"09:25:00";"19:57:00";9.42
7647;527;"2026-09-08";"Present";"08:10:00";"";8.07
7648;527;"2026-09-09";"Absent";"";"18:39:00";6.92
7649;527;"2026-09-10";"Present";"09:41:00";"17:48:00";8.12
7650;527;"2026-09-11";"Absent";"09:20:00";"";0.0
7651;527;"2026-09-12";"Absent";"09:35:00";"16:54:00";7.32
7652;527;"2026-09-13";"Present";"09:24:00";"";11.53
7653;527;"2026-09-14";"Absent";"";"17:31:00";0.0
7654;527;"2026-09-15";"Present";"";"19:30:00";10.13
7655;527;"2026-09-16";"Present";"";"18:46:00";10.73
7656;527;"2026-09-17";"Absent";"08:23:00";"17:36:00";9.22
7657;527;"2026-09-18";"Absent";"09:43:00";"19:10:00";9.22
7658;527;"2026-09-19";"Work From Home";"10:58:00";"19:29:00";9.62
7659;527;"2026-09-20";"Present";"08:02:00";"";9.35
7660;527;"2026-09-21";"Present";"";"16:46:00";7.62
7661;1025;"2026-09-02";"Present";"";"16:06:00";9.7
7662;1025;"2026-09-03";"Present";"08:11:00";"18:44:00";8.92
7663;1025;"2026-09-04";"Absent";"08:07:00";"";9.97
7664;1025;"2026-09-05";"Present";"09:52:00";"17:22:00";7.5
7665;1025;"2026-09-06";"Present";"";"19:17:00";7.48
7666;1025;"2026-09-07";"Present";"";"18:54:00";11.53
7667;1025;"2026-09-08";"Absent";"";"17:13:00";6.4
7668;1025;"2026-09-09";"Present";"08:12:00";"";0.0
7669;1025;"2026-09-10";"Present";"10:29:00";"";0.0
7670;1025;"2026-09-11";"Absent";"09:31:00";"17:24:00";9.85
7671;1025;"2026-09-12";"Present";"09:36:00";"18:30:00";9.6
7672;1025;"2026-09-13";"Present";"10:29:00";"";7.85
7673;1025;"2026-09-14";"Present";"";"17:31:00";10.0
7674;1025;"2026-09-15";"Absent";"08:06:00";"17:53:00";8.5
7675;1025;"2026-09-16";"Present";"08:54:00";"19:25:00";9.97
7676;1025;"2026-09-17";"Present";"09:33:00";"";10.1
7677;1025;"2026-09-18";"Absent";"09:38:00";"";10.38
7678;1025;"2026-09-19";"Present";"";"16:58:00";8.23
7679;1025;"2026-09-20";"Absent";"08:54:00";"18:56:00";8.27
7680;1025;"2026-09-21";"Present";"09:40:00";"";0.0
7681;5;"2026-09-02";"Absent";"08:33:00";"19:41:00";9.7
7682;5;"2026-09-03";"Absent";"09:13:00";"18:04:00";9.03
7683;5;"2026-09-04";"Present";"09:05:00";"18:47:00";9.7
7684;5;"2026-09-05";"Present";"";"17:01:00";7.98
7685;5;"2026-09-06";"Present";"";"";9.78
7686;5;"2026-09-07";"Absent";"10:09:00";"16:59:00";6.83
7687;5;"2026-09-08";"Present";"10:22:00";"18:47:00";8.0
7688;5;"2026-09-09";"Absent";"09:09:00";"";7.05
7689;5;"2026-09-10";"Present";"08:49:00";"";8.23
7690;5;"2026-09-11";"Absent";"";"16:04:00";8.62
7691;5;"2026-09-12";"Present";"08:48:00";"17:50:00";9.13
7692;5;"2026-09-13";"Present";"";"";7.17
7693;5;"2026-09-14";"Present";"08:22:00";"16:31:00";7.95
7694;5;"2026-09-15";"Present";"08:36:00";"16:05:00";7.48
7695;5;"2026-09-16";"Absent";"10:38:00";"17:05:00";10.1
7696;5;"2026-09-17";"Present";"08:24:00";"17:45:00";9.35
7697;5;"2026-09-18";"Present";"10:04:00";"19:42:00";9.63
7698;5;"2026-09-19";"Present";"09:52:00";"";8.93
7699;5;"2026-09-20";"Absent";"09:15:00";"16:04:00";6.82
7700;5;"2026-09-21";"Present";"";"17:38:00";9.27
7701;17;"2026-09-02";"Present";"08:59:00";"19:53:00";10.9
7702;17;"2026-09-03";"Present";"08:49:00";"";5.68
7703;17;"2026-09-04";"Present";"09:53:00";"";8.67
7704;17;"2026-09-05";"Present";"";"19:51:00";0.0
7705;17;"2026-09-06";"Present";"";"19:28:00";8.82
7706;17;"2026-09-07";"Present";"10:12:00";"";7.68
7707;17;"2026-09-08";"Present";"09:00:00";"19:53:00";8.77
7708;17;"2026-09-09";"Present";"";"19:41:00";9.67
7709;17;"2026-09-10";"Absent";"";"16:15:00";6.75
7710;17;"2026-09-11";"Present";"";"18:03:00";7.37
7711;17;"2026-09-12";"Work From Home";"09:09:00";"19:29:00";6.62
7712;17;"2026-09-13";"Absent";"08:22:00";"";0.0
7713;17;"2026-09-14";"Present";"10:08:00";"19:26:00";9.3
7714;17;"2026-09-15";"Present";"08:02:00";"";0.0
7715;17;"2026-09-16";"Absent";"10:19:00";"17:21:00";5.82
7716;17;"2026-09-17";"Absent";"10:17:00";"17:30:00";9.27
7717;17;"2026-09-18";"Present";"";"";0.0
7718;17;"2026-09-19";"Present";"";"17:01:00";9.4
7719;17;"2026-09-20";"Present";"";"";0.0
7720;17;"2026-09-21";"Present";"09:43:00";"18:31:00";8.8
7721;23;"2026-09-02";"Work From Home";"08:13:00";"17:58:00";5.55
7722;23;"2026-09-03";"Absent";"08:33:00";"16:24:00";7.85
7723;23;"2026-09-04";"Absent";"09:31:00";"19:18:00";7.13
7724;23;"2026-09-05";"Absent";"08:28:00";"";6.63
7725;23;"2026-09-06";"Work From Home";"08:09:00";"18:15:00";8.7
7726;23;"2026-09-07";"Present";"08:45:00";"18:02:00";9.75
7727;23;"2026-09-08";"Present";"08:23:00";"16:39:00";7.3
7728;23;"2026-09-09";"Absent";"08:46:00";"";8.28
7729;23;"2026-09-10";"Present";"08:20:00";"16:27:00";9.6
7730;23;"2026-09-11";"Absent";"";"19:42:00";6.55
7731;23;"2026-09-12";"Absent";"09:10:00";"19:02:00";9.87
7732;23;"2026-09-13";"Absent";"08:55:00";"19:28:00";10.7
7733;23;"2026-09-14";"Absent";"08:49:00";"";5.57
7734;23;"2026-09-15";"Work From Home";"10:19:00";"18:57:00";7.28
7735;23;"2026-09-16";"Present";"09:48:00";"19:50:00";8.0
7736;23;"2026-09-17";"Present";"08:27:00";"17:14:00";8.42
7737;23;"2026-09-18";"Absent";"08:40:00";"16:44:00";6.72
7738;23;"2026-09-19";"Present";"09:32:00";"16:49:00";7.28
7739;23;"2026-09-20";"Present";"";"";10.92
7740;23;"2026-09-21";"Present";"09:27:00";"";7.13
7741;30;"2026-09-02";"Present";"09:01:00";"18:13:00";11.4
7742;30;"2026-09-03";"Absent";"";"17:18:00";10.0
7743;30;"2026-09-04";"Present";"";"19:49:00";0.0
7744;30;"2026-09-05";"Work From Home";"08:22:00";"18:58:00";9.1
7745;30;"2026-09-06";"Absent";"09:14:00";"16:04:00";6.83
7746;30;"2026-09-07";"Absent";"";"";8.8
7747;30;"2026-09-08";"Work From Home";"08:48:00";"";9.47
7748;30;"2026-09-09";"Absent";"09:42:00";"18:18:00";8.12
7749;30;"2026-09-10";"Present";"09:27:00";"19:15:00";9.63
7750;30;"2026-09-11";"Present";"10:04:00";"";7.65
7751;30;"2026-09-12";"Present";"09:10:00";"17:46:00";8.6
7752;30;"2026-09-13";"Absent";"09:43:00";"18:51:00";7.98
7753;30;"2026-09-14";"Present";"";"19:09:00";0.0
7754;30;"2026-09-15";"Present";"10:18:00";"";7.08
7755;30;"2026-09-16";"Present";"08:33:00";"17:59:00";8.27
7756;30;"2026-09-17";"Absent";"09:11:00";"19:06:00";9.47
7757;30;"2026-09-18";"Present";"10:40:00";"19:48:00";7.37
7758;30;"2026-09-19";"Absent";"10:32:00";"16:28:00";8.47
7759;30;"2026-09-20";"Present";"10:00:00";"16:09:00";7.85
7760;30;"2026-09-21";"Present";"";"";7.88
7761;39;"2026-09-02";"Present";"08:19:00";"16:15:00";7.93
7762;39;"2026-09-03";"Present";"10:14:00";"18:12:00";9.0
7763;39;"2026-09-04";"Present";"08:35:00";"16:03:00";8.9
7764;39;"2026-09-05";"Absent";"08:08:00";"17:51:00";9.72
7765;39;"2026-09-06";"Present";"08:05:00";"19:55:00";6.6
7766;39;"2026-09-07";"Present";"10:46:00";"";0.0
7767;39;"2026-09-08";"Present";"09:24:00";"17:01:00";6.63
7768;39;"2026-09-09";"Present";"09:14:00";"18:15:00";8.0
7769;39;"2026-09-10";"Present";"10:01:00";"18:42:00";9.15
7770;39;"2026-09-11";"Present";"08:14:00";"17:01:00";8.78
7771;39;"2026-09-12";"Present";"09:11:00";"";10.03
7772;39;"2026-09-13";"Present";"08:48:00";"18:39:00";9.67
7773;39;"2026-09-14";"Present";"10:39:00";"19:48:00";9.77
7774;39;"2026-09-15";"Present";"10:14:00";"";7.48
7775;39;"2026-09-16";"Present";"08:06:00";"";8.02
7776;39;"2026-09-17";"Present";"08:41:00";"18:30:00";7.9
7777;39;"2026-09-18";"Present";"09:13:00";"";10.05
7778;39;"2026-09-19";"Present";"";"18:51:00";8.1
7779;39;"2026-09-20";"Absent";"09:23:00";"18:58:00";8.83
7780;39;"2026-09-21";"Present";"08:37:00";"16:17:00";11.73
7781;41;"2026-09-02";"Present";"";"";0.0
7782;41;"2026-09-03";"Present";"09:08:00";"19:26:00";10.3
7783;41;"2026-09-04";"Present";"";"";7.58
7784;41;"2026-09-05";"Present";"09:51:00";"";0.0
7785;41;"2026-09-06";"Present";"09:59:00";"17:02:00";6.93
7786;41;"2026-09-07";"Work From Home";"09:38:00";"18:43:00";8.58
7787;41;"2026-09-08";"Absent";"08:45:00";"16:30:00";7.33
7788;41;"2026-09-09";"Present";"08:58:00";"18:08:00";9.62
7789;41;"2026-09-10";"Present";"08:40:00";"18:47:00";8.7
7790;41;"2026-09-11";"Absent";"08:58:00";"18:54:00";9.93
7791;41;"2026-09-12";"Present";"10:49:00";"18:35:00";8.5
7792;41;"2026-09-13";"Present";"08:44:00";"17:12:00";9.95
7793;41;"2026-09-14";"Absent";"10:05:00";"19:07:00";9.03
7794;41;"2026-09-15";"Present";"";"19:27:00";11.62
7795;41;"2026-09-16";"Absent";"10:56:00";"17:11:00";6.25
7796;41;"2026-09-17";"Absent";"09:07:00";"19:10:00";10.38
7797;41;"2026-09-18";"Present";"";"19:36:00";9.68
7798;41;"2026-09-19";"Present";"08:51:00";"16:54:00";10.62
7799;41;"2026-09-20";"Present";"09:48:00";"17:37:00";11.02
7800;41;"2026-09-21";"Absent";"10:46:00";"17:07:00";7.57
7801;53;"2026-09-02";"Absent";"08:56:00";"19:00:00";8.05
7802;53;"2026-09-03";"Present";"10:39:00";"";7.85
7803;53;"2026-09-04";"Absent";"08:52:00";"19:52:00";7.02
7804;53;"2026-09-05";"Work From Home";"08:46:00";"19:36:00";9.32
7805;53;"2026-09-06";"Present";"09:39:00";"";6.52
7806;53;"2026-09-07";"Present";"08:15:00";"17:36:00";9.15
7807;53;"2026-09-08";"Present";"10:37:00";"";9.48
7808;53;"2026-09-09";"Present";"09:20:00";"17:34:00";8.23
7809;53;"2026-09-10";"Present";"";"";0.0
7810;53;"2026-09-11";"Present";"";"17:06:00";7.65
7811;53;"2026-09-12";"Present";"10:04:00";"18:35:00";8.7
7812;53;"2026-09-13";"Present";"09:23:00";"";8.7
7813;53;"2026-09-14";"Present";"";"19:47:00";8.1
7814;53;"2026-09-15";"Absent";"08:07:00";"18:14:00";8.35
7815;53;"2026-09-16";"Absent";"08:40:00";"18:48:00";10.13
7816;53;"2026-09-17";"Present";"08:53:00";"16:30:00";9.47
7817;53;"2026-09-18";"Present";"09:43:00";"17:04:00";9.88
7818;53;"2026-09-19";"Present";"";"18:27:00";8.23
7819;53;"2026-09-20";"Absent";"10:20:00";"19:03:00";8.72
7820;53;"2026-09-21";"Present";"10:33:00";"19:41:00";8.38
7821;62;"2026-09-02";"Present";"09:34:00";"19:19:00";9.42
7822;62;"2026-09-03";"Present";"09:38:00";"";9.03
7823;62;"2026-09-04";"Present";"09:55:00";"";9.85
7824;62;"2026-09-05";"Present";"09:56:00";"16:28:00";6.53
7825;62;"2026-09-06";"Present";"08:10:00";"16:56:00";6.17
7826;62;"2026-09-07";"Present";"09:06:00";"17:09:00";8.05
7827;62;"2026-09-08";"Absent";"10:34:00";"19:20:00";9.57
7828;62;"2026-09-09";"Absent";"09:01:00";"16:29:00";8.95
7829;62;"2026-09-10";"Present";"10:23:00";"16:19:00";5.93
7830;62;"2026-09-11";"Present";"10:43:00";"";0.0
7831;62;"2026-09-12";"Present";"10:28:00";"18:44:00";8.27
7832;62;"2026-09-13";"Present";"09:34:00";"19:32:00";7.53
7833;62;"2026-09-14";"Present";"09:38:00";"";9.4
7834;62;"2026-09-15";"Absent";"08:38:00";"16:20:00";8.62
7835;62;"2026-09-16";"Present";"10:08:00";"16:44:00";10.17
7836;62;"2026-09-17";"Present";"10:14:00";"";6.0
7837;62;"2026-09-18";"Present";"08:37:00";"18:40:00";7.6
7838;62;"2026-09-19";"Present";"08:16:00";"17:48:00";10.73
7839;62;"2026-09-20";"Present";"08:54:00";"16:41:00";7.78
7840;62;"2026-09-21";"On Leave";"08:13:00";"17:34:00";10.78
7841;65;"2026-09-02";"Absent";"09:22:00";"16:29:00";7.12
7842;65;"2026-09-03";"Work From Home";"08:08:00";"19:50:00";5.55
7843;65;"2026-09-04";"Absent";"08:14:00";"18:39:00";9.72
7844;65;"2026-09-05";"Present";"09:51:00";"19:07:00";9.27
7845;65;"2026-09-06";"Absent";"10:32:00";"19:39:00";9.12
7846;65;"2026-09-07";"Absent";"";"";9.28
7847;65;"2026-09-08";"Present";"";"";0.0
7848;65;"2026-09-09";"Present";"08:03:00";"19:05:00";10.1
7849;65;"2026-09-10";"Present";"08:54:00";"16:03:00";8.48
7850;65;"2026-09-11";"Present";"09:15:00";"16:20:00";9.32
7851;65;"2026-09-12";"Present";"09:34:00";"16:18:00";6.73
7852;65;"2026-09-13";"Present";"09:09:00";"18:26:00";8.87
7853;65;"2026-09-14";"Present";"";"16:05:00";0.0
7854;65;"2026-09-15";"Present";"08:17:00";"16:46:00";9.47
7855;65;"2026-09-16";"Present";"09:34:00";"19:37:00";6.6
7856;65;"2026-09-17";"Work From Home";"10:23:00";"";7.35
7857;65;"2026-09-18";"Present";"08:18:00";"17:07:00";11.72
7858;65;"2026-09-19";"Present";"10:35:00";"18:24:00";9.1
7859;65;"2026-09-20";"Present";"";"17:08:00";0.0
7860;65;"2026-09-21";"Absent";"10:21:00";"";0.0
7861;79;"2026-09-02";"Present";"";"";0.0
7862;79;"2026-09-03";"Present";"";"18:09:00";8.63
7863;79;"2026-09-04";"Present";"09:39:00";"19:18:00";10.67
7864;79;"2026-09-05";"Absent";"";"19:39:00";8.87
7865;79;"2026-09-06";"Present";"";"18:45:00";7.1
7866;79;"2026-09-07";"Present";"09:02:00";"16:31:00";8.5
7867;79;"2026-09-08";"Present";"08:47:00";"";7.4
7868;79;"2026-09-09";"Present";"10:09:00";"16:01:00";7.78
7869;79;"2026-09-10";"Present";"09:07:00";"18:13:00";9.03
7870;79;"2026-09-11";"Present";"";"";8.92
7871;79;"2026-09-12";"Absent";"08:39:00";"19:32:00";10.88
7872;79;"2026-09-13";"Present";"09:47:00";"18:42:00";8.92
7873;79;"2026-09-14";"Absent";"09:00:00";"";7.03
7874;79;"2026-09-15";"Present";"";"";0.0
7875;79;"2026-09-16";"Present";"09:33:00";"";11.18
7876;79;"2026-09-17";"Present";"09:58:00";"";5.32
7877;79;"2026-09-18";"Present";"08:16:00";"16:02:00";5.73
7878;79;"2026-09-19";"Absent";"09:10:00";"17:32:00";8.22
7879;79;"2026-09-20";"Present";"08:03:00";"17:45:00";7.18
7880;79;"2026-09-21";"Present";"08:12:00";"16:54:00";9.37
7881;91;"2026-09-02";"Present";"10:09:00";"";0.0
7882;91;"2026-09-03";"Present";"";"19:40:00";8.95
7883;91;"2026-09-04";"Present";"";"";0.0
7884;91;"2026-09-05";"Present";"";"17:55:00";9.55
7885;91;"2026-09-06";"Present";"09:07:00";"19:52:00";7.18
7886;91;"2026-09-07";"Present";"";"";6.2
7887;91;"2026-09-08";"Present";"09:37:00";"17:16:00";11.48
7888;91;"2026-09-09";"Present";"09:10:00";"19:52:00";10.7
7889;91;"2026-09-10";"Present";"";"";0.0
7890;91;"2026-09-11";"Present";"08:12:00";"18:04:00";8.43
7891;91;"2026-09-12";"Present";"08:05:00";"17:12:00";9.12
7892;91;"2026-09-13";"Present";"09:02:00";"";11.77
7893;91;"2026-09-14";"Present";"10:20:00";"19:48:00";6.08
7894;91;"2026-09-15";"Absent";"10:46:00";"18:20:00";7.57
7895;91;"2026-09-16";"Present";"09:56:00";"18:27:00";10.78
7896;91;"2026-09-17";"Present";"10:50:00";"18:57:00";9.37
7897;91;"2026-09-18";"Present";"08:41:00";"16:38:00";5.75
7898;91;"2026-09-19";"Present";"08:23:00";"17:21:00";8.97
7899;91;"2026-09-20";"Present";"10:32:00";"16:38:00";9.38
7900;91;"2026-09-21";"Present";"10:20:00";"16:22:00";8.42
7901;105;"2026-09-02";"Present";"08:40:00";"19:50:00";6.17
7902;105;"2026-09-03";"Present";"08:14:00";"19:40:00";9.95
7903;105;"2026-09-04";"Absent";"10:52:00";"18:37:00";9.85
7904;105;"2026-09-05";"Absent";"";"16:44:00";9.73
7905;105;"2026-09-06";"Present";"10:17:00";"18:51:00";8.78
7906;105;"2026-09-07";"Present";"08:47:00";"19:36:00";10.82
7907;105;"2026-09-08";"Present";"09:44:00";"17:14:00";7.5
7908;105;"2026-09-09";"Present";"08:20:00";"";7.15
7909;105;"2026-09-10";"Present";"";"16:55:00";10.47
7910;105;"2026-09-11";"Present";"09:36:00";"19:18:00";7.8
7911;105;"2026-09-12";"Absent";"";"19:43:00";9.33
7912;105;"2026-09-13";"Present";"";"18:01:00";9.1
7913;105;"2026-09-14";"Absent";"";"17:02:00";9.67
7914;105;"2026-09-15";"Absent";"09:27:00";"19:40:00";7.78
7915;105;"2026-09-16";"Present";"09:45:00";"17:31:00";6.93
7916;105;"2026-09-17";"Present";"10:32:00";"";9.62
7917;105;"2026-09-18";"Present";"";"16:39:00";10.22
7918;105;"2026-09-19";"Present";"10:16:00";"17:06:00";6.83
7919;105;"2026-09-20";"Present";"08:34:00";"";0.0
7920;105;"2026-09-21";"Present";"";"18:15:00";8.92
7921;106;"2026-09-02";"Present";"08:13:00";"";8.47
7922;106;"2026-09-03";"Present";"10:06:00";"16:27:00";6.02
7923;106;"2026-09-04";"Present";"";"16:25:00";6.73
7924;106;"2026-09-05";"Absent";"08:48:00";"";0.0
7925;106;"2026-09-06";"Present";"08:18:00";"19:48:00";10.12
7926;106;"2026-09-07";"Present";"10:57:00";"19:37:00";8.37
7927;106;"2026-09-08";"Present";"10:04:00";"19:48:00";8.32
7928;106;"2026-09-09";"Present";"08:24:00";"19:50:00";7.32
7929;106;"2026-09-10";"Present";"";"17:28:00";9.13
7930;106;"2026-09-11";"Work From Home";"09:23:00";"18:34:00";7.85
7931;106;"2026-09-12";"Present";"10:10:00";"16:12:00";10.4
7932;106;"2026-09-13";"Present";"08:30:00";"18:51:00";10.35
7933;106;"2026-09-14";"Present";"";"16:19:00";0.0
7934;106;"2026-09-15";"Present";"08:35:00";"17:57:00";6.78
7935;106;"2026-09-16";"Absent";"09:13:00";"";9.9
7936;106;"2026-09-17";"Present";"";"";6.1
7937;106;"2026-09-18";"Present";"08:36:00";"18:26:00";8.58
7938;106;"2026-09-19";"Present";"";"";0.0
7939;106;"2026-09-20";"Present";"10:11:00";"16:56:00";9.2
7940;106;"2026-09-21";"Absent";"09:42:00";"16:41:00";6.98
7941;107;"2026-09-02";"Absent";"09:15:00";"";6.53
7942;107;"2026-09-03";"Absent";"10:36:00";"19:33:00";9.07
7943;107;"2026-09-04";"Absent";"09:42:00";"17:22:00";7.67
7944;107;"2026-09-05";"Present";"10:48:00";"";7.75
7945;107;"2026-09-06";"Present";"10:33:00";"";6.15
7946;107;"2026-09-07";"Present";"09:09:00";"19:57:00";7.43
7947;107;"2026-09-08";"Absent";"09:36:00";"17:47:00";7.65
7948;107;"2026-09-09";"Absent";"08:54:00";"";10.23
7949;107;"2026-09-10";"Present";"08:25:00";"16:27:00";10.3
7950;107;"2026-09-11";"Absent";"";"19:09:00";0.0
7951;107;"2026-09-12";"Absent";"09:07:00";"19:11:00";6.85
7952;107;"2026-09-13";"Absent";"10:16:00";"19:28:00";9.2
7953;107;"2026-09-14";"Absent";"08:51:00";"";10.28
7954;107;"2026-09-15";"Present";"";"";0.0
7955;107;"2026-09-16";"Absent";"";"18:07:00";0.0
7956;107;"2026-09-17";"Present";"09:58:00";"19:32:00";9.57
7957;107;"2026-09-18";"Present";"09:33:00";"";0.0
7958;107;"2026-09-19";"Work From Home";"";"17:17:00";9.37
7959;107;"2026-09-20";"Present";"10:45:00";"19:10:00";7.83
7960;107;"2026-09-21";"Present";"08:46:00";"19:00:00";7.83
7961;135;"2026-09-02";"Present";"10:09:00";"16:08:00";9.05
7962;135;"2026-09-03";"Present";"10:47:00";"19:02:00";8.25
7963;135;"2026-09-04";"Present";"09:36:00";"18:28:00";8.87
7964;135;"2026-09-05";"Absent";"08:40:00";"17:31:00";11.33
7965;135;"2026-09-06";"Present";"10:40:00";"19:49:00";9.15
7966;135;"2026-09-07";"Work From Home";"08:34:00";"16:05:00";10.33
7967;135;"2026-09-08";"Present";"08:42:00";"18:57:00";8.15
7968;135;"2026-09-09";"Present";"10:30:00";"";0.0
7969;135;"2026-09-10";"Absent";"08:45:00";"18:53:00";7.8
7970;135;"2026-09-11";"Present";"";"19:27:00";0.0
7971;135;"2026-09-12";"Absent";"08:09:00";"19:43:00";7.82
7972;135;"2026-09-13";"Present";"";"18:45:00";9.7
7973;135;"2026-09-14";"Present";"";"17:48:00";7.7
7974;135;"2026-09-15";"Present";"08:14:00";"19:48:00";8.6
7975;135;"2026-09-16";"Absent";"10:23:00";"";7.83
7976;135;"2026-09-17";"Absent";"09:22:00";"16:57:00";7.37
7977;135;"2026-09-18";"Present";"09:06:00";"";8.42
7978;135;"2026-09-19";"Present";"08:48:00";"16:57:00";9.32
7979;135;"2026-09-20";"Present";"10:03:00";"17:43:00";11.0
7980;135;"2026-09-21";"Present";"08:18:00";"";0.0
7981;141;"2026-09-02";"Present";"";"";7.75
7982;141;"2026-09-03";"Absent";"08:50:00";"18:45:00";9.73
7983;141;"2026-09-04";"Present";"10:30:00";"16:07:00";6.8
7984;141;"2026-09-05";"Present";"10:37:00";"18:58:00";8.35
7985;141;"2026-09-06";"Present";"10:14:00";"19:50:00";10.1
7986;141;"2026-09-07";"Work From Home";"10:07:00";"17:56:00";8.27
7987;141;"2026-09-08";"Absent";"09:00:00";"16:29:00";7.05
7988;141;"2026-09-09";"Present";"08:28:00";"18:52:00";10.02
7989;141;"2026-09-10";"Work From Home";"09:29:00";"";0.0
7990;141;"2026-09-11";"Absent";"09:23:00";"19:33:00";10.17
7991;141;"2026-09-12";"Present";"10:32:00";"18:00:00";8.0
7992;141;"2026-09-13";"Present";"09:24:00";"16:50:00";7.43
7993;141;"2026-09-14";"Present";"10:23:00";"";6.88
7994;141;"2026-09-15";"Present";"09:03:00";"";9.52
7995;141;"2026-09-16";"Absent";"";"16:42:00";8.88
7996;141;"2026-09-17";"Present";"10:06:00";"";7.3
7997;141;"2026-09-18";"Present";"";"17:57:00";0.0
7998;141;"2026-09-19";"Present";"10:29:00";"";8.62
7999;141;"2026-09-20";"Present";"09:08:00";"18:59:00";5.68
8000;141;"2026-09-21";"Absent";"08:23:00";"17:05:00";7.35
8001;166;"2026-09-02";"Present";"08:37:00";"18:55:00";10.3
8002;166;"2026-09-03";"Present";"09:05:00";"";8.7
8003;166;"2026-09-04";"Present";"09:17:00";"19:25:00";10.8
8004;166;"2026-09-05";"Present";"09:01:00";"16:53:00";7.87
8005;166;"2026-09-06";"Present";"09:33:00";"";9.78
8006;166;"2026-09-07";"Present";"08:08:00";"18:07:00";7.98
8007;166;"2026-09-08";"Absent";"08:09:00";"";8.6
8008;166;"2026-09-09";"Present";"10:57:00";"19:32:00";8.6
8009;166;"2026-09-10";"Present";"10:40:00";"19:29:00";9.58
8010;166;"2026-09-11";"Present";"";"19:29:00";9.05
8011;166;"2026-09-12";"Present";"10:22:00";"17:22:00";7.0
8012;166;"2026-09-13";"Present";"";"16:42:00";5.42
8013;166;"2026-09-14";"Present";"10:20:00";"";0.0
8014;166;"2026-09-15";"Present";"09:18:00";"17:02:00";9.88
8015;166;"2026-09-16";"Present";"10:29:00";"17:08:00";5.4
8016;166;"2026-09-17";"Absent";"";"";7.82
8017;166;"2026-09-18";"Present";"09:51:00";"17:19:00";9.73
8018;166;"2026-09-19";"Present";"10:25:00";"16:25:00";6.0
8019;166;"2026-09-20";"Present";"";"18:40:00";8.68
8020;166;"2026-09-21";"Present";"";"16:29:00";7.18
8021;169;"2026-09-02";"Present";"08:43:00";"";0.0
8022;169;"2026-09-03";"Present";"";"18:58:00";9.25
8023;169;"2026-09-04";"Present";"08:10:00";"18:27:00";9.15
8024;169;"2026-09-05";"Present";"08:02:00";"18:42:00";9.57
8025;169;"2026-09-06";"Present";"09:36:00";"";0.0
8026;169;"2026-09-07";"Present";"09:10:00";"";9.42
8027;169;"2026-09-08";"Absent";"08:31:00";"16:49:00";8.3
8028;169;"2026-09-09";"Present";"";"16:18:00";8.62
8029;169;"2026-09-10";"Absent";"";"18:57:00";9.03
8030;169;"2026-09-11";"Absent";"10:31:00";"16:38:00";9.77
8031;169;"2026-09-12";"Present";"";"18:29:00";7.2
8032;169;"2026-09-13";"Present";"10:33:00";"17:16:00";6.7
8033;169;"2026-09-14";"Absent";"09:51:00";"18:34:00";5.25
8034;169;"2026-09-15";"Absent";"10:22:00";"17:10:00";6.8
8035;169;"2026-09-16";"Present";"09:51:00";"17:51:00";8.93
8036;169;"2026-09-17";"Present";"10:11:00";"19:45:00";7.0
8037;169;"2026-09-18";"Present";"";"18:50:00";11.13
8038;169;"2026-09-19";"Present";"08:13:00";"19:39:00";8.37
8039;169;"2026-09-20";"Present";"";"18:37:00";5.45
8040;169;"2026-09-21";"Present";"08:52:00";"";9.8
8041;173;"2026-09-02";"Present";"09:49:00";"16:00:00";6.18
8042;173;"2026-09-03";"Present";"10:40:00";"";0.0
8043;173;"2026-09-04";"Present";"10:02:00";"";9.57
8044;173;"2026-09-05";"Absent";"09:00:00";"";5.78
8045;173;"2026-09-06";"Present";"";"18:15:00";0.0
8046;173;"2026-09-07";"Present";"";"16:21:00";7.43
8047;173;"2026-09-08";"Present";"09:02:00";"19:51:00";8.17
8048;173;"2026-09-09";"Present";"08:57:00";"19:44:00";8.43
8049;173;"2026-09-10";"Present";"";"";9.9
8050;173;"2026-09-11";"Absent";"";"16:20:00";9.7
8051;173;"2026-09-12";"Absent";"10:06:00";"19:28:00";6.58
8052;173;"2026-09-13";"Present";"08:26:00";"18:55:00";10.48
8053;173;"2026-09-14";"Present";"08:59:00";"";0.0
8054;173;"2026-09-15";"Present";"08:42:00";"16:06:00";7.38
8055;173;"2026-09-16";"Present";"08:24:00";"18:35:00";11.47
8056;173;"2026-09-17";"Work From Home";"08:46:00";"19:22:00";9.28
8057;173;"2026-09-18";"Present";"08:04:00";"19:57:00";11.88
8058;173;"2026-09-19";"Present";"08:53:00";"17:48:00";8.92
8059;173;"2026-09-20";"Present";"10:51:00";"";0.0
8060;173;"2026-09-21";"Absent";"";"18:57:00";10.7
8061;180;"2026-09-02";"Absent";"09:34:00";"19:26:00";9.38
8062;180;"2026-09-03";"Present";"09:36:00";"";7.4
8063;180;"2026-09-04";"Present";"09:43:00";"17:29:00";7.77
8064;180;"2026-09-05";"Present";"10:16:00";"19:39:00";8.45
8065;180;"2026-09-06";"Present";"";"17:59:00";0.0
8066;180;"2026-09-07";"Absent";"10:58:00";"18:02:00";9.52
8067;180;"2026-09-08";"Present";"10:56:00";"";0.0
8068;180;"2026-09-09";"Present";"10:35:00";"18:57:00";8.37
8069;180;"2026-09-10";"Present";"10:09:00";"18:03:00";8.82
8070;180;"2026-09-11";"Present";"10:51:00";"18:10:00";9.52
8071;180;"2026-09-12";"Present";"09:47:00";"17:08:00";9.3
8072;180;"2026-09-13";"Present";"08:43:00";"17:34:00";8.13
8073;180;"2026-09-14";"Present";"08:29:00";"17:47:00";9.15
8074;180;"2026-09-15";"Present";"10:41:00";"16:11:00";6.75
8075;180;"2026-09-16";"Present";"";"16:49:00";0.0
8076;180;"2026-09-17";"Work From Home";"";"16:42:00";0.0
8077;180;"2026-09-18";"Present";"09:37:00";"17:21:00";9.97
8078;180;"2026-09-19";"Present";"09:36:00";"18:17:00";7.45
8079;180;"2026-09-20";"Present";"10:19:00";"19:26:00";9.12
8080;180;"2026-09-21";"Present";"09:50:00";"19:26:00";8.23
8081;207;"2026-09-02";"Present";"10:33:00";"17:26:00";6.88
8082;207;"2026-09-03";"Present";"09:36:00";"";9.35
8083;207;"2026-09-04";"Present";"09:05:00";"16:04:00";6.98
8084;207;"2026-09-05";"Present";"08:43:00";"19:38:00";8.07
8085;207;"2026-09-06";"Absent";"09:23:00";"18:44:00";9.35
8086;207;"2026-09-07";"Absent";"";"18:20:00";7.08
8087;207;"2026-09-08";"Absent";"";"19:31:00";0.0
8088;207;"2026-09-09";"Absent";"10:29:00";"17:09:00";8.28
8089;207;"2026-09-10";"Present";"08:03:00";"19:17:00";11.23
8090;207;"2026-09-11";"Present";"";"17:02:00";0.0
8091;207;"2026-09-12";"Present";"";"17:13:00";10.87
8092;207;"2026-09-13";"Absent";"10:29:00";"17:31:00";7.03
8093;207;"2026-09-14";"Present";"10:21:00";"16:33:00";9.53
8094;207;"2026-09-15";"Present";"09:58:00";"18:39:00";8.93
8095;207;"2026-09-16";"Absent";"10:13:00";"18:11:00";6.6
8096;207;"2026-09-17";"Present";"08:06:00";"17:10:00";9.07
8097;207;"2026-09-18";"Absent";"08:17:00";"16:40:00";11.05
8098;207;"2026-09-19";"Present";"10:04:00";"16:28:00";9.6
8099;207;"2026-09-20";"Absent";"";"19:34:00";9.13
8100;207;"2026-09-21";"Present";"08:17:00";"18:24:00";10.12
8101;230;"2026-09-02";"Present";"08:38:00";"18:09:00";8.23
8102;230;"2026-09-03";"Present";"";"";9.1
8103;230;"2026-09-04";"Present";"09:58:00";"19:47:00";8.75
8104;230;"2026-09-05";"Absent";"09:30:00";"17:30:00";9.4
8105;230;"2026-09-06";"Absent";"09:05:00";"19:39:00";10.57
8106;230;"2026-09-07";"Present";"";"17:42:00";8.18
8107;230;"2026-09-08";"Present";"09:27:00";"17:30:00";10.25
8108;230;"2026-09-09";"Present";"";"16:24:00";11.72
8109;230;"2026-09-10";"Present";"09:25:00";"16:47:00";7.37
8110;230;"2026-09-11";"Absent";"10:43:00";"";10.03
8111;230;"2026-09-12";"Present";"09:04:00";"19:25:00";7.7
8112;230;"2026-09-13";"Absent";"09:31:00";"16:54:00";6.82
8113;230;"2026-09-14";"Present";"10:54:00";"16:59:00";8.9
8114;230;"2026-09-15";"Present";"";"";8.38
8115;230;"2026-09-16";"Present";"10:09:00";"19:52:00";10.17
8116;230;"2026-09-17";"Present";"09:46:00";"";7.17
8117;230;"2026-09-18";"Present";"08:24:00";"16:28:00";8.77
8118;230;"2026-09-19";"Present";"09:15:00";"17:58:00";8.78
8119;230;"2026-09-20";"Absent";"10:59:00";"";0.0
8120;230;"2026-09-21";"Present";"08:06:00";"19:05:00";9.27
8121;235;"2026-09-02";"Present";"";"16:24:00";0.0
8122;235;"2026-09-03";"Present";"08:04:00";"17:32:00";9.47
8123;235;"2026-09-04";"Absent";"09:43:00";"";9.32
8124;235;"2026-09-05";"Present";"08:02:00";"17:34:00";7.55
8125;235;"2026-09-06";"Present";"10:29:00";"19:06:00";9.13
8126;235;"2026-09-07";"Present";"08:57:00";"";11.23
8127;235;"2026-09-08";"Present";"";"";8.73
8128;235;"2026-09-09";"Present";"10:55:00";"16:09:00";11.4
8129;235;"2026-09-10";"Present";"08:55:00";"16:09:00";8.87
8130;235;"2026-09-11";"Present";"";"17:54:00";8.5
8131;235;"2026-09-12";"Present";"";"18:59:00";6.73
8132;235;"2026-09-13";"Present";"08:16:00";"19:49:00";8.43
8133;235;"2026-09-14";"Present";"09:34:00";"19:54:00";8.75
8134;235;"2026-09-15";"Present";"10:21:00";"18:10:00";7.32
8135;235;"2026-09-16";"Present";"09:07:00";"19:03:00";9.1
8136;235;"2026-09-17";"Present";"09:48:00";"17:42:00";7.9
8137;235;"2026-09-18";"Present";"08:30:00";"16:26:00";8.83
8138;235;"2026-09-19";"Present";"08:40:00";"16:11:00";10.88
8139;235;"2026-09-20";"Present";"08:59:00";"19:27:00";10.32
8140;235;"2026-09-21";"Absent";"";"";0.0
8141;242;"2026-09-02";"Present";"";"";8.17
8142;242;"2026-09-03";"Present";"";"";8.22
8143;242;"2026-09-04";"Present";"10:28:00";"19:23:00";6.4
8144;242;"2026-09-05";"Present";"";"19:43:00";9.02
8145;242;"2026-09-06";"Present";"09:48:00";"18:42:00";8.9
8146;242;"2026-09-07";"Present";"10:34:00";"18:18:00";8.02
8147;242;"2026-09-08";"Present";"08:29:00";"";8.77
8148;242;"2026-09-09";"Present";"08:00:00";"16:15:00";8.62
8149;242;"2026-09-10";"Absent";"09:20:00";"19:24:00";9.22
8150;242;"2026-09-11";"Present";"10:03:00";"17:22:00";8.75
8151;242;"2026-09-12";"Present";"10:43:00";"";0.0
8152;242;"2026-09-13";"Present";"";"18:18:00";8.4
8153;242;"2026-09-14";"Present";"09:16:00";"";0.0
8154;242;"2026-09-15";"Present";"09:20:00";"19:55:00";9.58
8155;242;"2026-09-16";"Present";"08:57:00";"17:49:00";10.73
8156;242;"2026-09-17";"Present";"08:38:00";"";0.0
8157;242;"2026-09-18";"Present";"10:48:00";"17:54:00";7.58
8158;242;"2026-09-19";"Present";"";"";6.55
8159;242;"2026-09-20";"Present";"";"17:36:00";0.0
8160;242;"2026-09-21";"Absent";"09:11:00";"19:37:00";8.37
8161;262;"2026-09-02";"Absent";"";"";0.0
8162;262;"2026-09-03";"Present";"10:53:00";"";0.0
8163;262;"2026-09-04";"Present";"08:15:00";"17:10:00";8.0
8164;262;"2026-09-05";"Present";"";"19:13:00";10.2
8165;262;"2026-09-06";"Present";"09:46:00";"17:09:00";7.38
8166;262;"2026-09-07";"Present";"10:17:00";"17:14:00";8.47
8167;262;"2026-09-08";"Present";"10:38:00";"";7.8
8168;262;"2026-09-09";"Present";"08:18:00";"";8.97
8169;262;"2026-09-10";"Absent";"";"";8.53
8170;262;"2026-09-11";"Present";"";"";7.15
8171;262;"2026-09-12";"Absent";"08:04:00";"";7.95
8172;262;"2026-09-13";"Present";"";"19:48:00";5.7
8173;262;"2026-09-14";"Present";"09:17:00";"17:00:00";7.72
8174;262;"2026-09-15";"Present";"08:01:00";"18:43:00";10.7
8175;262;"2026-09-16";"Absent";"";"";0.0
8176;262;"2026-09-17";"Present";"10:52:00";"16:06:00";6.85
8177;262;"2026-09-18";"Present";"10:46:00";"18:39:00";10.5
8178;262;"2026-09-19";"Present";"09:41:00";"";9.68
8179;262;"2026-09-20";"Present";"10:17:00";"18:18:00";7.13
8180;262;"2026-09-21";"Absent";"09:31:00";"16:03:00";6.53
8181;288;"2026-09-02";"Present";"09:44:00";"19:07:00";6.03
8182;288;"2026-09-03";"Present";"09:10:00";"17:34:00";11.1
8183;288;"2026-09-04";"Present";"10:02:00";"16:08:00";9.8
8184;288;"2026-09-05";"Present";"10:17:00";"";8.57
8185;288;"2026-09-06";"Present";"09:40:00";"17:15:00";10.33
8186;288;"2026-09-07";"Present";"10:18:00";"19:02:00";8.25
8187;288;"2026-09-08";"Absent";"10:51:00";"17:03:00";7.8
8188;288;"2026-09-09";"Present";"10:43:00";"17:52:00";9.5
8189;288;"2026-09-10";"Present";"09:35:00";"16:51:00";7.27
8190;288;"2026-09-11";"Present";"09:22:00";"17:14:00";6.62
8191;288;"2026-09-12";"Present";"08:41:00";"17:35:00";9.22
8192;288;"2026-09-13";"Present";"09:16:00";"19:00:00";6.62
8193;288;"2026-09-14";"Present";"08:48:00";"";0.0
8194;288;"2026-09-15";"Absent";"10:04:00";"";8.67
8195;288;"2026-09-16";"Present";"";"17:36:00";6.22
8196;288;"2026-09-17";"Present";"10:55:00";"";8.92
8197;288;"2026-09-18";"Present";"09:02:00";"";9.5
8198;288;"2026-09-19";"Present";"08:49:00";"";0.0
8199;288;"2026-09-20";"Work From Home";"";"";8.62
8200;288;"2026-09-21";"Present";"09:13:00";"17:47:00";6.43
8201;343;"2026-09-02";"Absent";"";"19:02:00";0.0
8202;343;"2026-09-03";"Present";"";"17:36:00";9.38
8203;343;"2026-09-04";"Present";"09:15:00";"18:30:00";9.25
8204;343;"2026-09-05";"Present";"10:12:00";"17:45:00";6.9
8205;343;"2026-09-06";"Present";"08:29:00";"18:46:00";8.23
8206;343;"2026-09-07";"Present";"09:09:00";"18:29:00";9.33
8207;343;"2026-09-08";"Absent";"";"18:35:00";8.52
8208;343;"2026-09-09";"Present";"10:25:00";"17:39:00";7.23
8209;343;"2026-09-10";"Absent";"08:07:00";"18:34:00";5.87
8210;343;"2026-09-11";"Present";"";"17:16:00";0.0
8211;343;"2026-09-12";"Present";"08:54:00";"18:56:00";10.03
8212;343;"2026-09-13";"On Leave";"10:15:00";"19:21:00";6.7
8213;343;"2026-09-14";"Present";"09:14:00";"17:35:00";8.35
8214;343;"2026-09-15";"Present";"10:10:00";"17:02:00";6.87
8215;343;"2026-09-16";"Present";"09:43:00";"17:17:00";9.3
8216;343;"2026-09-17";"Present";"";"17:47:00";0.0
8217;343;"2026-09-18";"Present";"08:17:00";"16:27:00";8.17
8218;343;"2026-09-19";"Present";"09:20:00";"16:30:00";9.18
8219;343;"2026-09-20";"Present";"10:32:00";"16:59:00";6.45
8220;343;"2026-09-21";"Absent";"10:05:00";"18:03:00";9.77
8221;351;"2026-09-02";"Absent";"";"17:34:00";9.03
8222;351;"2026-09-03";"Present";"09:46:00";"17:09:00";5.43
8223;351;"2026-09-04";"Present";"09:41:00";"16:21:00";8.32
8224;351;"2026-09-05";"Absent";"08:35:00";"";6.95
8225;351;"2026-09-06";"Absent";"08:26:00";"18:54:00";9.07
8226;351;"2026-09-07";"Present";"10:51:00";"18:02:00";8.32
8227;351;"2026-09-08";"Present";"08:18:00";"18:50:00";9.17
8228;351;"2026-09-09";"Present";"09:29:00";"16:45:00";11.47
8229;351;"2026-09-10";"Present";"10:10:00";"18:04:00";9.88
8230;351;"2026-09-11";"Present";"09:39:00";"16:22:00";9.27
8231;351;"2026-09-12";"Work From Home";"";"";7.55
8232;351;"2026-09-13";"Present";"09:19:00";"17:10:00";9.48
8233;351;"2026-09-14";"Work From Home";"";"16:15:00";8.32
8234;351;"2026-09-15";"Absent";"";"18:06:00";5.62
8235;351;"2026-09-16";"Present";"09:04:00";"";9.85
8236;351;"2026-09-17";"Present";"09:41:00";"19:47:00";8.68
8237;351;"2026-09-18";"Present";"08:12:00";"";8.95
8238;351;"2026-09-19";"Present";"09:48:00";"";0.0
8239;351;"2026-09-20";"Present";"08:42:00";"17:47:00";8.02
8240;351;"2026-09-21";"Present";"";"18:37:00";9.32
8241;370;"2026-09-02";"Present";"08:27:00";"18:43:00";10.27
8242;370;"2026-09-03";"Absent";"08:54:00";"";8.22
8243;370;"2026-09-04";"Present";"10:34:00";"16:20:00";9.42
8244;370;"2026-09-05";"Absent";"08:50:00";"18:14:00";6.37
8245;370;"2026-09-06";"Present";"08:12:00";"19:31:00";8.97
8246;370;"2026-09-07";"Present";"10:07:00";"17:12:00";9.13
8247;370;"2026-09-08";"Absent";"";"16:48:00";9.1
8248;370;"2026-09-09";"Present";"10:42:00";"16:09:00";5.45
8249;370;"2026-09-10";"Present";"09:11:00";"17:05:00";8.97
8250;370;"2026-09-11";"Present";"09:26:00";"16:08:00";7.85
8251;370;"2026-09-12";"Present";"08:50:00";"16:21:00";7.4
8252;370;"2026-09-13";"Present";"";"16:59:00";9.67
8253;370;"2026-09-14";"Present";"08:15:00";"17:33:00";8.58
8254;370;"2026-09-15";"Absent";"08:26:00";"";9.65
8255;370;"2026-09-16";"Present";"";"16:30:00";7.02
8256;370;"2026-09-17";"Present";"";"";0.0
8257;370;"2026-09-18";"Present";"08:46:00";"19:11:00";9.03
8258;370;"2026-09-19";"Present";"08:32:00";"";8.78
8259;370;"2026-09-20";"Present";"09:24:00";"19:12:00";7.8
8260;370;"2026-09-21";"Present";"08:48:00";"";8.17
8261;372;"2026-09-02";"Absent";"08:51:00";"19:28:00";9.13
8262;372;"2026-09-03";"Absent";"";"19:52:00";6.65
8263;372;"2026-09-04";"Present";"09:21:00";"16:09:00";9.77
8264;372;"2026-09-05";"Present";"10:58:00";"16:38:00";10.28
8265;372;"2026-09-06";"Present";"";"16:33:00";10.3
8266;372;"2026-09-07";"Present";"08:06:00";"18:20:00";10.23
8267;372;"2026-09-08";"Present";"08:33:00";"19:38:00";8.57
8268;372;"2026-09-09";"Absent";"09:59:00";"19:15:00";7.32
8269;372;"2026-09-10";"Present";"";"17:37:00";5.95
8270;372;"2026-09-11";"Present";"";"18:37:00";0.0
8271;372;"2026-09-12";"Present";"10:47:00";"18:06:00";7.32
8272;372;"2026-09-13";"Present";"09:16:00";"18:41:00";10.2
8273;372;"2026-09-14";"Absent";"09:42:00";"19:22:00";9.67
8274;372;"2026-09-15";"Absent";"09:22:00";"16:40:00";7.87
8275;372;"2026-09-16";"Present";"08:14:00";"18:13:00";9.57
8276;372;"2026-09-17";"Present";"10:42:00";"";0.0
8277;372;"2026-09-18";"Absent";"08:27:00";"18:19:00";9.87
8278;372;"2026-09-19";"Present";"10:09:00";"";0.0
8279;372;"2026-09-20";"Present";"10:13:00";"19:39:00";8.93
8280;372;"2026-09-21";"Present";"";"18:27:00";8.55
8281;378;"2026-09-02";"Absent";"09:31:00";"19:29:00";9.97
8282;378;"2026-09-03";"Absent";"";"18:07:00";9.58
8283;378;"2026-09-04";"Work From Home";"10:24:00";"16:58:00";6.15
8284;378;"2026-09-05";"Present";"10:52:00";"";8.12
8285;378;"2026-09-06";"Work From Home";"09:04:00";"19:09:00";9.22
8286;378;"2026-09-07";"Absent";"08:37:00";"17:13:00";8.6
8287;378;"2026-09-08";"Present";"09:16:00";"";0.0
8288;378;"2026-09-09";"Present";"08:20:00";"16:52:00";7.85
8289;378;"2026-09-10";"Absent";"09:30:00";"19:44:00";10.23
8290;378;"2026-09-11";"Work From Home";"09:59:00";"19:23:00";5.58
8291;378;"2026-09-12";"Present";"";"16:09:00";7.53
8292;378;"2026-09-13";"Present";"08:09:00";"16:34:00";8.42
8293;378;"2026-09-14";"Work From Home";"10:42:00";"19:43:00";8.92
8294;378;"2026-09-15";"Present";"08:13:00";"";0.0
8295;378;"2026-09-16";"Absent";"";"";0.0
8296;378;"2026-09-17";"Present";"09:23:00";"16:30:00";7.12
8297;378;"2026-09-18";"Present";"10:01:00";"18:09:00";9.0
8298;378;"2026-09-19";"Present";"08:05:00";"18:45:00";9.78
8299;378;"2026-09-20";"Absent";"09:17:00";"18:49:00";8.1
8300;378;"2026-09-21";"Work From Home";"09:48:00";"16:51:00";10.55
8301;395;"2026-09-02";"Absent";"";"17:41:00";10.82
8302;395;"2026-09-03";"Present";"10:47:00";"17:50:00";7.73
8303;395;"2026-09-04";"Present";"10:41:00";"17:52:00";8.85
8304;395;"2026-09-05";"Absent";"08:09:00";"";9.47
8305;395;"2026-09-06";"Absent";"10:14:00";"19:41:00";7.58
8306;395;"2026-09-07";"Present";"";"";0.0
8307;395;"2026-09-08";"Present";"10:04:00";"16:44:00";10.32
8308;395;"2026-09-09";"Present";"08:06:00";"18:22:00";10.68
8309;395;"2026-09-10";"Absent";"08:16:00";"18:32:00";8.88
8310;395;"2026-09-11";"Present";"08:36:00";"19:43:00";7.33
8311;395;"2026-09-12";"Present";"08:25:00";"19:28:00";5.93
8312;395;"2026-09-13";"Present";"";"";10.8
8313;395;"2026-09-14";"Present";"08:50:00";"16:03:00";11.28
8314;395;"2026-09-15";"Present";"10:28:00";"18:05:00";8.22
8315;395;"2026-09-16";"Present";"10:30:00";"16:27:00";7.82
8316;395;"2026-09-17";"Absent";"09:59:00";"19:11:00";7.02
8317;395;"2026-09-18";"Present";"10:31:00";"";10.65
8318;395;"2026-09-19";"Absent";"09:42:00";"19:13:00";9.52
8319;395;"2026-09-20";"Present";"08:35:00";"18:34:00";9.98
8320;395;"2026-09-21";"Present";"";"19:00:00";9.68
8321;401;"2026-09-02";"Present";"10:20:00";"19:31:00";9.18
8322;401;"2026-09-03";"Present";"";"";0.0
8323;401;"2026-09-04";"Present";"10:22:00";"18:26:00";9.63
8324;401;"2026-09-05";"Absent";"09:56:00";"";6.5
8325;401;"2026-09-06";"Present";"";"17:54:00";10.25
8326;401;"2026-09-07";"Present";"08:42:00";"19:02:00";8.22
8327;401;"2026-09-08";"Present";"";"";7.75
8328;401;"2026-09-09";"Absent";"10:58:00";"18:39:00";9.98
8329;401;"2026-09-10";"Work From Home";"10:35:00";"17:27:00";9.75
8330;401;"2026-09-11";"Work From Home";"";"";8.0
8331;401;"2026-09-12";"Present";"09:46:00";"18:17:00";9.37
8332;401;"2026-09-13";"Absent";"08:34:00";"";5.2
8333;401;"2026-09-14";"Present";"10:12:00";"17:43:00";9.4
8334;401;"2026-09-15";"Absent";"09:20:00";"17:54:00";8.57
8335;401;"2026-09-16";"Present";"08:35:00";"19:03:00";10.47
8336;401;"2026-09-17";"Present";"09:07:00";"17:57:00";8.83
8337;401;"2026-09-18";"Present";"09:34:00";"19:37:00";7.6
8338;401;"2026-09-19";"Absent";"09:19:00";"17:51:00";7.67
8339;401;"2026-09-20";"Absent";"";"19:25:00";5.95
8340;401;"2026-09-21";"Absent";"10:38:00";"17:01:00";6.47
8341;408;"2026-09-02";"Absent";"";"18:45:00";0.0
8342;408;"2026-09-03";"Present";"09:18:00";"18:13:00";8.33
8343;408;"2026-09-04";"Present";"09:52:00";"18:27:00";8.62
8344;408;"2026-09-05";"Present";"08:19:00";"";6.28
8345;408;"2026-09-06";"Present";"";"16:53:00";8.2
8346;408;"2026-09-07";"Present";"08:07:00";"19:56:00";8.68
8347;408;"2026-09-08";"Present";"";"17:16:00";5.35
8348;408;"2026-09-09";"Present";"10:02:00";"";9.35
8349;408;"2026-09-10";"Present";"10:38:00";"17:09:00";9.57
8350;408;"2026-09-11";"Absent";"08:09:00";"16:30:00";7.75
8351;408;"2026-09-12";"Present";"10:10:00";"";0.0
8352;408;"2026-09-13";"Present";"09:24:00";"16:52:00";9.95
8353;408;"2026-09-14";"Absent";"10:39:00";"18:18:00";7.65
8354;408;"2026-09-15";"Absent";"08:52:00";"18:08:00";8.53
8355;408;"2026-09-16";"Present";"";"";9.8
8356;408;"2026-09-17";"Present";"10:37:00";"17:00:00";7.5
8357;408;"2026-09-18";"Present";"";"16:30:00";7.42
8358;408;"2026-09-19";"Present";"10:44:00";"";9.22
8359;408;"2026-09-20";"Present";"";"18:10:00";6.75
8360;408;"2026-09-21";"Present";"";"";9.1
8361;432;"2026-09-02";"Present";"09:11:00";"16:32:00";9.78
8362;432;"2026-09-03";"Present";"10:48:00";"";10.73
8363;432;"2026-09-04";"Present";"09:26:00";"18:17:00";7.92
8364;432;"2026-09-05";"Present";"10:54:00";"17:24:00";6.92
8365;432;"2026-09-06";"Work From Home";"08:40:00";"16:06:00";7.33
8366;432;"2026-09-07";"Present";"10:09:00";"19:52:00";9.72
8367;432;"2026-09-08";"Present";"09:17:00";"16:46:00";9.62
8368;432;"2026-09-09";"Present";"09:49:00";"19:28:00";9.65
8369;432;"2026-09-10";"Present";"";"17:17:00";10.98
8370;432;"2026-09-11";"Present";"09:53:00";"16:17:00";8.07
8371;432;"2026-09-12";"Present";"08:23:00";"16:16:00";7.88
8372;432;"2026-09-13";"Present";"";"";0.0
8373;432;"2026-09-14";"Absent";"08:45:00";"16:02:00";7.28
8374;432;"2026-09-15";"Absent";"";"18:52:00";9.58
8375;432;"2026-09-16";"Absent";"";"";7.62
8376;432;"2026-09-17";"Present";"10:53:00";"19:01:00";9.4
8377;432;"2026-09-18";"Absent";"10:04:00";"";5.43
8378;432;"2026-09-19";"Present";"08:21:00";"";8.3
8379;432;"2026-09-20";"Absent";"";"16:46:00";10.1
8380;432;"2026-09-21";"Present";"08:26:00";"19:57:00";6.87
8381;437;"2026-09-02";"Present";"";"17:24:00";8.55
8382;437;"2026-09-03";"Absent";"";"17:13:00";9.73
8383;437;"2026-09-04";"Work From Home";"08:45:00";"";8.78
8384;437;"2026-09-05";"Absent";"09:55:00";"16:45:00";8.6
8385;437;"2026-09-06";"Present";"09:33:00";"18:33:00";9.0
8386;437;"2026-09-07";"Absent";"";"19:30:00";10.93
8387;437;"2026-09-08";"Absent";"10:43:00";"";0.0
8388;437;"2026-09-09";"Absent";"10:01:00";"17:20:00";5.8
8389;437;"2026-09-10";"Present";"";"18:15:00";8.97
8390;437;"2026-09-11";"Absent";"09:28:00";"";0.0
8391;437;"2026-09-12";"Present";"";"";5.95
8392;437;"2026-09-13";"Present";"10:13:00";"16:22:00";6.53
8393;437;"2026-09-14";"Absent";"10:53:00";"";9.58
8394;437;"2026-09-15";"Present";"08:17:00";"16:29:00";7.05
8395;437;"2026-09-16";"Present";"09:57:00";"";10.3
8396;437;"2026-09-17";"Work From Home";"09:03:00";"";10.58
8397;437;"2026-09-18";"Present";"09:15:00";"";6.72
8398;437;"2026-09-19";"Present";"";"16:07:00";10.75
8399;437;"2026-09-20";"Absent";"10:37:00";"17:12:00";10.03
8400;437;"2026-09-21";"Present";"";"19:26:00";10.9
8401;438;"2026-09-02";"Present";"";"19:53:00";9.58
8402;438;"2026-09-03";"Absent";"10:38:00";"18:25:00";7.78
8403;438;"2026-09-04";"Present";"";"19:36:00";8.17
8404;438;"2026-09-05";"Present";"09:29:00";"";9.95
8405;438;"2026-09-06";"Present";"";"19:04:00";8.95
8406;438;"2026-09-07";"Present";"09:52:00";"18:09:00";6.35
8407;438;"2026-09-08";"Work From Home";"09:20:00";"18:34:00";7.37
8408;438;"2026-09-09";"Work From Home";"";"17:34:00";0.0
8409;438;"2026-09-10";"Work From Home";"10:32:00";"19:04:00";10.12
8410;438;"2026-09-11";"Present";"10:35:00";"18:46:00";8.18
8411;438;"2026-09-12";"Present";"";"19:24:00";8.52
8412;438;"2026-09-13";"Present";"";"17:57:00";6.03
8413;438;"2026-09-14";"Present";"";"18:47:00";0.0
8414;438;"2026-09-15";"Present";"08:14:00";"17:35:00";5.88
8415;438;"2026-09-16";"Present";"08:38:00";"19:01:00";10.72
8416;438;"2026-09-17";"Work From Home";"10:40:00";"16:46:00";6.1
8417;438;"2026-09-18";"Absent";"08:20:00";"18:10:00";9.38
8418;438;"2026-09-19";"Present";"10:27:00";"18:31:00";8.07
8419;438;"2026-09-20";"Absent";"";"19:23:00";6.28
8420;438;"2026-09-21";"Present";"08:49:00";"19:28:00";8.75
8421;440;"2026-09-02";"Present";"";"";10.13
8422;440;"2026-09-03";"Present";"08:24:00";"16:39:00";8.62
8423;440;"2026-09-04";"Present";"";"19:26:00";7.97
8424;440;"2026-09-05";"Present";"09:56:00";"";8.0
8425;440;"2026-09-06";"Present";"";"17:59:00";0.0
8426;440;"2026-09-07";"Present";"08:38:00";"17:04:00";8.43
8427;440;"2026-09-08";"Absent";"10:20:00";"17:29:00";5.7
8428;440;"2026-09-09";"Present";"";"";6.0
8429;440;"2026-09-10";"Present";"10:59:00";"19:25:00";8.43
8430;440;"2026-09-11";"Absent";"10:37:00";"";0.0
8431;440;"2026-09-12";"Present";"";"18:29:00";0.0
8432;440;"2026-09-13";"Present";"10:09:00";"19:15:00";8.4
8433;440;"2026-09-14";"Present";"";"17:12:00";5.23
8434;440;"2026-09-15";"Present";"08:31:00";"16:37:00";5.57
8435;440;"2026-09-16";"Present";"08:15:00";"19:32:00";11.28
8436;440;"2026-09-17";"Present";"10:45:00";"19:25:00";5.4
8437;440;"2026-09-18";"Present";"08:44:00";"18:49:00";10.08
8438;440;"2026-09-19";"Work From Home";"10:57:00";"19:43:00";9.27
8439;440;"2026-09-20";"Present";"";"18:01:00";7.72
8440;440;"2026-09-21";"Work From Home";"09:53:00";"";9.28
8441;444;"2026-09-02";"Present";"09:27:00";"19:12:00";10.12
8442;444;"2026-09-03";"Present";"10:08:00";"";0.0
8443;444;"2026-09-04";"Present";"10:01:00";"";11.88
8444;444;"2026-09-05";"Work From Home";"10:57:00";"";7.07
8445;444;"2026-09-06";"Present";"10:49:00";"17:49:00";11.08
8446;444;"2026-09-07";"Work From Home";"09:11:00";"";9.23
8447;444;"2026-09-08";"Present";"08:28:00";"";9.33
8448;444;"2026-09-09";"Present";"10:04:00";"19:17:00";6.98
8449;444;"2026-09-10";"Present";"";"19:17:00";5.52
8450;444;"2026-09-11";"Work From Home";"09:08:00";"19:53:00";7.3
8451;444;"2026-09-12";"Present";"08:15:00";"16:25:00";8.17
8452;444;"2026-09-13";"Present";"08:37:00";"17:07:00";10.87
8453;444;"2026-09-14";"Present";"08:52:00";"19:52:00";10.33
8454;444;"2026-09-15";"Present";"09:43:00";"16:54:00";5.85
8455;444;"2026-09-16";"Present";"08:28:00";"16:18:00";7.83
8456;444;"2026-09-17";"Present";"";"18:27:00";6.37
8457;444;"2026-09-18";"Absent";"08:07:00";"16:45:00";9.62
8458;444;"2026-09-19";"Present";"10:27:00";"16:52:00";6.42
8459;444;"2026-09-20";"Work From Home";"";"16:30:00";8.77
8460;444;"2026-09-21";"Present";"10:51:00";"19:12:00";7.95
8461;447;"2026-09-02";"Present";"";"17:39:00";8.65
8462;447;"2026-09-03";"Present";"10:35:00";"16:35:00";7.7
8463;447;"2026-09-04";"Present";"08:56:00";"17:15:00";9.35
8464;447;"2026-09-05";"Present";"10:11:00";"";0.0
8465;447;"2026-09-06";"Absent";"08:05:00";"19:53:00";8.3
8466;447;"2026-09-07";"Present";"";"";10.9
8467;447;"2026-09-08";"Present";"09:17:00";"";7.02
8468;447;"2026-09-09";"Present";"09:58:00";"16:51:00";8.27
8469;447;"2026-09-10";"Absent";"09:02:00";"17:11:00";9.45
8470;447;"2026-09-11";"Present";"10:06:00";"18:49:00";5.47
8471;447;"2026-09-12";"Absent";"08:55:00";"17:28:00";7.63
8472;447;"2026-09-13";"Absent";"08:02:00";"19:24:00";11.37
8473;447;"2026-09-14";"Present";"10:36:00";"16:07:00";8.15
8474;447;"2026-09-15";"Present";"10:09:00";"16:44:00";10.22
8475;447;"2026-09-16";"Present";"08:31:00";"";0.0
8476;447;"2026-09-17";"Present";"09:37:00";"";0.0
8477;447;"2026-09-18";"Present";"10:23:00";"18:15:00";5.7
8478;447;"2026-09-19";"Present";"";"18:59:00";0.0
8479;447;"2026-09-20";"Present";"";"";0.0
8480;447;"2026-09-21";"Present";"09:57:00";"16:16:00";6.32
8481;475;"2026-09-02";"Work From Home";"";"";0.0
8482;475;"2026-09-03";"Present";"";"19:39:00";8.5
8483;475;"2026-09-04";"Present";"";"";8.88
8484;475;"2026-09-05";"Present";"09:13:00";"16:09:00";9.73
8485;475;"2026-09-06";"Present";"08:24:00";"19:19:00";10.92
8486;475;"2026-09-07";"Present";"09:43:00";"19:36:00";8.3
8487;475;"2026-09-08";"Present";"09:49:00";"";0.0
8488;475;"2026-09-09";"Present";"09:59:00";"16:35:00";11.73
8489;475;"2026-09-10";"Present";"09:10:00";"";9.05
8490;475;"2026-09-11";"Present";"09:28:00";"17:58:00";8.5
8491;475;"2026-09-12";"Present";"";"17:58:00";6.93
8492;475;"2026-09-13";"Absent";"09:17:00";"17:11:00";9.55
8493;475;"2026-09-14";"Present";"08:15:00";"19:37:00";8.57
8494;475;"2026-09-15";"Present";"08:01:00";"17:51:00";8.5
8495;475;"2026-09-16";"Present";"10:02:00";"18:57:00";5.92
8496;475;"2026-09-17";"Absent";"08:04:00";"";8.05
8497;475;"2026-09-18";"Present";"09:19:00";"17:52:00";8.8
8498;475;"2026-09-19";"Present";"";"";6.75
8499;475;"2026-09-20";"Present";"10:45:00";"";0.0
8500;475;"2026-09-21";"Present";"10:13:00";"16:39:00";8.52
8501;481;"2026-09-02";"Present";"10:46:00";"17:21:00";6.58
8502;481;"2026-09-03";"Present";"10:39:00";"17:58:00";7.32
8503;481;"2026-09-04";"Present";"09:38:00";"17:38:00";10.47
8504;481;"2026-09-05";"Present";"10:34:00";"17:17:00";7.68
8505;481;"2026-09-06";"Present";"";"17:40:00";10.07
8506;481;"2026-09-07";"Present";"08:13:00";"18:05:00";9.87
8507;481;"2026-09-08";"Present";"08:14:00";"18:23:00";9.38
8508;481;"2026-09-09";"Present";"10:23:00";"17:04:00";6.68
8509;481;"2026-09-10";"Work From Home";"08:20:00";"18:50:00";8.22
8510;481;"2026-09-11";"Present";"09:40:00";"17:26:00";7.77
8511;481;"2026-09-12";"Present";"10:45:00";"17:28:00";6.72
8512;481;"2026-09-13";"Present";"10:12:00";"19:30:00";9.3
8513;481;"2026-09-14";"Present";"09:59:00";"16:02:00";6.05
8514;481;"2026-09-15";"Present";"09:15:00";"";7.17
8515;481;"2026-09-16";"Present";"10:34:00";"18:30:00";10.4
8516;481;"2026-09-17";"Present";"08:53:00";"17:28:00";9.63
8517;481;"2026-09-18";"Present";"09:35:00";"";0.0
8518;481;"2026-09-19";"Absent";"";"17:30:00";8.72
8519;481;"2026-09-20";"Absent";"10:44:00";"16:37:00";11.13
8520;481;"2026-09-21";"Present";"08:08:00";"16:16:00";8.32
8521;487;"2026-09-02";"Present";"10:51:00";"18:30:00";9.18
8522;487;"2026-09-03";"Present";"08:02:00";"";5.8
8523;487;"2026-09-04";"Present";"09:01:00";"17:54:00";9.18
8524;487;"2026-09-05";"Present";"";"18:00:00";0.0
8525;487;"2026-09-06";"Present";"";"";9.07
8526;487;"2026-09-07";"Present";"10:41:00";"16:01:00";8.53
8527;487;"2026-09-08";"Present";"10:09:00";"";8.92
8528;487;"2026-09-09";"Present";"10:41:00";"";6.37
8529;487;"2026-09-10";"Present";"10:17:00";"";5.87
8530;487;"2026-09-11";"Present";"10:40:00";"16:13:00";5.55
8531;487;"2026-09-12";"Present";"09:25:00";"19:19:00";8.35
8532;487;"2026-09-13";"Present";"09:23:00";"16:56:00";9.88
8533;487;"2026-09-14";"Present";"09:13:00";"18:33:00";9.33
8534;487;"2026-09-15";"Present";"09:14:00";"19:58:00";11.12
8535;487;"2026-09-16";"Present";"10:18:00";"18:46:00";9.05
8536;487;"2026-09-17";"Present";"";"19:40:00";9.28
8537;487;"2026-09-18";"Absent";"08:41:00";"18:26:00";9.02
8538;487;"2026-09-19";"Present";"09:11:00";"16:22:00";8.68
8539;487;"2026-09-20";"Absent";"";"19:46:00";9.35
8540;487;"2026-09-21";"Present";"";"16:32:00";7.93
8541;521;"2026-09-02";"Present";"08:07:00";"";9.92
8542;521;"2026-09-03";"Present";"";"19:44:00";6.12
8543;521;"2026-09-04";"Absent";"09:01:00";"";8.8
8544;521;"2026-09-05";"Absent";"08:34:00";"";0.0
8545;521;"2026-09-06";"Present";"";"17:48:00";0.0
8546;521;"2026-09-07";"Present";"08:05:00";"";9.9
8547;521;"2026-09-08";"Present";"09:18:00";"18:44:00";9.43
8548;521;"2026-09-09";"Present";"10:15:00";"19:20:00";9.07
8549;521;"2026-09-10";"Present";"";"19:00:00";6.97
8550;521;"2026-09-11";"Present";"";"17:26:00";11.1
8551;521;"2026-09-12";"Present";"08:40:00";"";9.02
8552;521;"2026-09-13";"Present";"08:47:00";"17:29:00";8.7
8553;521;"2026-09-14";"Present";"";"";0.0
8554;521;"2026-09-15";"Present";"09:04:00";"";10.85
8555;521;"2026-09-16";"Present";"09:04:00";"17:16:00";6.55
8556;521;"2026-09-17";"Present";"10:28:00";"";8.23
8557;521;"2026-09-18";"Absent";"08:16:00";"";9.47
8558;521;"2026-09-19";"Present";"09:49:00";"16:48:00";6.07
8559;521;"2026-09-20";"Work From Home";"";"";9.12
8560;521;"2026-09-21";"Present";"08:20:00";"18:29:00";7.07
8561;1038;"2026-09-02";"Present";"";"16:58:00";6.38
8562;1038;"2026-09-03";"Present";"";"16:21:00";9.2
8563;1038;"2026-09-04";"Present";"10:06:00";"16:14:00";10.58
8564;1038;"2026-09-05";"Present";"09:05:00";"";0.0
8565;1038;"2026-09-06";"Present";"10:00:00";"";8.78
8566;1038;"2026-09-07";"Present";"10:15:00";"";0.0
8567;1038;"2026-09-08";"Present";"";"16:38:00";9.62
8568;1038;"2026-09-09";"Absent";"09:59:00";"16:22:00";10.13
8569;1038;"2026-09-10";"Present";"08:46:00";"16:13:00";8.28
8570;1038;"2026-09-11";"Absent";"10:55:00";"16:05:00";7.55
8571;1038;"2026-09-12";"Present";"08:10:00";"";8.3
8572;1038;"2026-09-13";"Present";"";"17:02:00";7.92
8573;1038;"2026-09-14";"Present";"09:36:00";"";9.05
8574;1038;"2026-09-15";"Present";"08:59:00";"16:43:00";8.2
8575;1038;"2026-09-16";"Present";"10:07:00";"16:13:00";8.78
8576;1038;"2026-09-17";"Present";"";"18:12:00";8.85
8577;1038;"2026-09-18";"Absent";"08:48:00";"16:45:00";11.32
8578;1038;"2026-09-19";"Absent";"09:05:00";"17:06:00";7.63
8579;1038;"2026-09-20";"Absent";"10:23:00";"17:14:00";8.6
8580;1038;"2026-09-21";"Absent";"10:04:00";"";0.0
8581;12;"2026-09-02";"Present";"09:37:00";"17:54:00";8.12
8582;12;"2026-09-03";"Present";"08:29:00";"19:35:00";7.47
8583;12;"2026-09-04";"Present";"08:43:00";"";5.97
8584;12;"2026-09-05";"Present";"";"18:15:00";6.6
8585;12;"2026-09-06";"Absent";"";"17:17:00";7.5
8586;12;"2026-09-07";"Present";"10:36:00";"";5.8
8587;12;"2026-09-08";"Absent";"10:40:00";"18:22:00";7.7
8588;12;"2026-09-09";"Present";"10:39:00";"16:58:00";8.65
8589;12;"2026-09-10";"Present";"10:26:00";"17:58:00";6.83
8590;12;"2026-09-11";"Absent";"";"";0.0
8591;12;"2026-09-12";"Present";"";"19:38:00";8.17
8592;12;"2026-09-13";"Absent";"10:34:00";"";10.93
8593;12;"2026-09-14";"Present";"10:10:00";"17:47:00";8.48
8594;12;"2026-09-15";"Present";"08:33:00";"";8.32
8595;12;"2026-09-16";"Present";"09:33:00";"";9.98
8596;12;"2026-09-17";"Present";"08:56:00";"16:40:00";7.73
8597;12;"2026-09-18";"Present";"08:25:00";"";8.32
8598;12;"2026-09-19";"Present";"09:50:00";"19:47:00";10.92
8599;12;"2026-09-20";"Absent";"08:47:00";"16:51:00";8.07
8600;12;"2026-09-21";"Work From Home";"08:05:00";"16:46:00";7.87
8601;16;"2026-09-02";"Present";"10:50:00";"19:49:00";10.87
8602;16;"2026-09-03";"Present";"";"16:32:00";0.0
8603;16;"2026-09-04";"Absent";"09:43:00";"18:53:00";8.17
8604;16;"2026-09-05";"Absent";"08:19:00";"18:02:00";7.45
8605;16;"2026-09-06";"Present";"10:08:00";"18:58:00";7.35
8606;16;"2026-09-07";"Present";"";"16:54:00";7.15
8607;16;"2026-09-08";"Present";"09:17:00";"16:11:00";9.67
8608;16;"2026-09-09";"Present";"08:02:00";"17:30:00";7.65
8609;16;"2026-09-10";"Present";"08:11:00";"18:42:00";10.08
8610;16;"2026-09-11";"Absent";"";"";0.0
8611;16;"2026-09-12";"Present";"10:00:00";"19:30:00";11.15
8612;16;"2026-09-13";"Present";"";"18:54:00";11.25
8613;16;"2026-09-14";"Absent";"";"";9.58
8614;16;"2026-09-15";"Present";"09:02:00";"";0.0
8615;16;"2026-09-16";"Present";"";"18:30:00";6.03
8616;16;"2026-09-17";"Present";"";"";8.58
8617;16;"2026-09-18";"Present";"08:50:00";"19:25:00";7.87
8618;16;"2026-09-19";"Present";"08:55:00";"16:53:00";7.97
8619;16;"2026-09-20";"Present";"08:14:00";"";5.77
8620;16;"2026-09-21";"Present";"09:40:00";"";10.52
8621;19;"2026-09-02";"Present";"08:05:00";"19:59:00";8.93
8622;19;"2026-09-03";"Present";"08:46:00";"";7.57
8623;19;"2026-09-04";"Present";"09:26:00";"18:34:00";9.13
8624;19;"2026-09-05";"Present";"08:32:00";"";8.03
8625;19;"2026-09-06";"Present";"09:35:00";"18:28:00";8.0
8626;19;"2026-09-07";"Present";"09:43:00";"17:14:00";10.45
8627;19;"2026-09-08";"Present";"08:43:00";"17:42:00";8.18
8628;19;"2026-09-09";"Present";"08:07:00";"18:39:00";9.3
8629;19;"2026-09-10";"Present";"08:29:00";"";9.38
8630;19;"2026-09-11";"Present";"10:10:00";"19:10:00";6.82
8631;19;"2026-09-12";"Present";"08:28:00";"17:46:00";7.07
8632;19;"2026-09-13";"Present";"08:59:00";"18:56:00";9.95
8633;19;"2026-09-14";"Absent";"08:39:00";"";9.45
8634;19;"2026-09-15";"Present";"08:32:00";"17:42:00";8.32
8635;19;"2026-09-16";"Present";"10:59:00";"16:37:00";5.63
8636;19;"2026-09-17";"Present";"";"18:58:00";0.0
8637;19;"2026-09-18";"Absent";"10:52:00";"19:34:00";8.0
8638;19;"2026-09-19";"Present";"08:41:00";"16:53:00";11.37
8639;19;"2026-09-20";"Present";"08:16:00";"19:18:00";9.23
8640;19;"2026-09-21";"Present";"09:10:00";"18:34:00";6.97
8641;20;"2026-09-02";"Present";"";"16:53:00";11.72
8642;20;"2026-09-03";"Present";"10:21:00";"19:16:00";8.3
8643;20;"2026-09-04";"Present";"08:30:00";"16:32:00";9.23
8644;20;"2026-09-05";"Present";"";"18:31:00";8.87
8645;20;"2026-09-06";"Present";"10:03:00";"19:17:00";9.27
8646;20;"2026-09-07";"Absent";"08:06:00";"";8.65
8647;20;"2026-09-08";"Present";"08:11:00";"19:57:00";9.62
8648;20;"2026-09-09";"Present";"";"19:35:00";9.42
8649;20;"2026-09-10";"Present";"08:17:00";"16:33:00";9.37
8650;20;"2026-09-11";"Present";"09:02:00";"";8.23
8651;20;"2026-09-12";"Absent";"08:20:00";"17:33:00";9.8
8652;20;"2026-09-13";"Present";"09:05:00";"19:50:00";10.75
8653;20;"2026-09-14";"Present";"08:47:00";"16:00:00";9.15
8654;20;"2026-09-15";"Present";"10:42:00";"16:26:00";5.73
8655;20;"2026-09-16";"Present";"08:51:00";"17:07:00";6.7
8656;20;"2026-09-17";"Present";"08:56:00";"17:22:00";8.43
8657;20;"2026-09-18";"Absent";"08:55:00";"17:39:00";8.65
8658;20;"2026-09-19";"Present";"10:32:00";"";6.52
8659;20;"2026-09-20";"Present";"09:28:00";"";8.38
8660;20;"2026-09-21";"Present";"09:57:00";"16:03:00";6.63
8661;29;"2026-09-02";"Work From Home";"09:06:00";"19:59:00";9.33
8662;29;"2026-09-03";"Work From Home";"08:01:00";"19:23:00";9.48
8663;29;"2026-09-04";"Present";"09:35:00";"16:55:00";7.33
8664;29;"2026-09-05";"Absent";"08:43:00";"17:21:00";8.9
8665;29;"2026-09-06";"Present";"";"16:52:00";0.0
8666;29;"2026-09-07";"Present";"";"19:41:00";0.0
8667;29;"2026-09-08";"Present";"";"19:52:00";0.0
8668;29;"2026-09-09";"Present";"09:40:00";"16:23:00";8.32
8669;29;"2026-09-10";"Present";"10:28:00";"";8.7
8670;29;"2026-09-11";"Present";"09:21:00";"17:16:00";6.82
8671;29;"2026-09-12";"Present";"";"18:00:00";8.77
8672;29;"2026-09-13";"Absent";"08:12:00";"17:19:00";8.53
8673;29;"2026-09-14";"Present";"09:15:00";"16:21:00";8.45
8674;29;"2026-09-15";"Present";"";"18:40:00";9.57
8675;29;"2026-09-16";"Present";"10:09:00";"18:22:00";10.62
8676;29;"2026-09-17";"Absent";"09:50:00";"19:52:00";6.58
8677;29;"2026-09-18";"Present";"";"16:07:00";0.0
8678;29;"2026-09-19";"Present";"09:16:00";"17:22:00";6.1
8679;29;"2026-09-20";"Absent";"";"16:55:00";8.98
8680;29;"2026-09-21";"Present";"09:30:00";"19:28:00";7.58
8681;85;"2026-09-02";"Present";"09:53:00";"16:59:00";7.37
8682;85;"2026-09-03";"Present";"08:53:00";"16:17:00";7.4
8683;85;"2026-09-04";"Present";"09:34:00";"19:05:00";9.52
8684;85;"2026-09-05";"Present";"";"";7.65
8685;85;"2026-09-06";"Present";"";"17:57:00";7.75
8686;85;"2026-09-07";"Present";"10:39:00";"17:16:00";9.35
8687;85;"2026-09-08";"Present";"";"17:49:00";8.97
8688;85;"2026-09-09";"Absent";"09:59:00";"";0.0
8689;85;"2026-09-10";"Present";"";"";0.0
8690;85;"2026-09-11";"Present";"";"16:50:00";0.0
8691;85;"2026-09-12";"Present";"10:57:00";"18:05:00";7.82
8692;85;"2026-09-13";"Present";"09:01:00";"16:20:00";7.67
8693;85;"2026-09-14";"Present";"08:13:00";"17:51:00";8.28
8694;85;"2026-09-15";"Present";"08:52:00";"19:05:00";9.03
8695;85;"2026-09-16";"Present";"08:07:00";"16:54:00";9.7
8696;85;"2026-09-17";"Absent";"09:41:00";"19:03:00";7.65
8697;85;"2026-09-18";"Present";"09:29:00";"19:42:00";7.18
8698;85;"2026-09-19";"Present";"09:20:00";"19:38:00";10.3
8699;85;"2026-09-20";"Absent";"";"17:46:00";9.8
8700;85;"2026-09-21";"Present";"09:07:00";"18:55:00";9.17
8701;88;"2026-09-02";"Present";"";"18:00:00";9.93
8702;88;"2026-09-03";"Present";"09:13:00";"19:07:00";7.67
8703;88;"2026-09-04";"Present";"09:25:00";"";5.7
8704;88;"2026-09-05";"Present";"08:15:00";"18:15:00";6.95
8705;88;"2026-09-06";"Present";"10:35:00";"";0.0
8706;88;"2026-09-07";"Absent";"10:23:00";"18:36:00";9.92
8707;88;"2026-09-08";"Present";"";"16:49:00";7.23
8708;88;"2026-09-09";"Present";"";"19:21:00";0.0
8709;88;"2026-09-10";"Present";"10:10:00";"19:10:00";11.03
8710;88;"2026-09-11";"Present";"08:45:00";"18:03:00";7.97
8711;88;"2026-09-12";"Present";"10:55:00";"16:01:00";5.1
8712;88;"2026-09-13";"Present";"09:34:00";"16:27:00";8.07
8713;88;"2026-09-14";"Present";"08:12:00";"18:37:00";5.47
8714;88;"2026-09-15";"Absent";"09:19:00";"";6.53
8715;88;"2026-09-16";"Absent";"";"";0.0
8716;88;"2026-09-17";"Present";"09:52:00";"18:30:00";8.63
8717;88;"2026-09-18";"Present";"09:36:00";"";9.5
8718;88;"2026-09-19";"Present";"";"19:01:00";8.55
8719;88;"2026-09-20";"Present";"09:37:00";"18:00:00";8.22
8720;88;"2026-09-21";"Present";"08:04:00";"18:28:00";10.4
8721;118;"2026-09-02";"Absent";"10:12:00";"16:47:00";6.58
8722;118;"2026-09-03";"Present";"10:42:00";"";7.85
8723;118;"2026-09-04";"Absent";"08:05:00";"18:41:00";8.9
8724;118;"2026-09-05";"Work From Home";"08:59:00";"16:00:00";8.72
8725;118;"2026-09-06";"Work From Home";"09:29:00";"";7.73
8726;118;"2026-09-07";"Absent";"";"19:27:00";0.0
8727;118;"2026-09-08";"Absent";"08:59:00";"16:51:00";9.87
8728;118;"2026-09-09";"Present";"08:26:00";"16:20:00";10.45
8729;118;"2026-09-10";"Absent";"";"19:54:00";5.88
8730;118;"2026-09-11";"Present";"10:09:00";"19:25:00";9.95
8731;118;"2026-09-12";"Present";"08:18:00";"16:22:00";10.07
8732;118;"2026-09-13";"Present";"08:25:00";"19:39:00";11.23
8733;118;"2026-09-14";"Absent";"";"18:47:00";7.08
8734;118;"2026-09-15";"Present";"08:31:00";"18:35:00";9.47
8735;118;"2026-09-16";"Present";"09:15:00";"";6.95
8736;118;"2026-09-17";"Present";"08:10:00";"17:02:00";9.38
8737;118;"2026-09-18";"Absent";"08:25:00";"";7.9
8738;118;"2026-09-19";"Present";"";"19:47:00";6.27
8739;118;"2026-09-20";"Present";"10:24:00";"";9.75
8740;118;"2026-09-21";"Present";"";"17:46:00";7.6
8741;125;"2026-09-02";"Present";"";"";11.57
8742;125;"2026-09-03";"Present";"";"";7.37
8743;125;"2026-09-04";"Present";"";"18:25:00";10.32
8744;125;"2026-09-05";"Present";"";"17:00:00";8.7
8745;125;"2026-09-06";"Present";"";"";7.63
8746;125;"2026-09-07";"Present";"";"";8.65
8747;125;"2026-09-08";"Present";"09:45:00";"17:23:00";7.5
8748;125;"2026-09-09";"Present";"09:53:00";"18:41:00";8.42
8749;125;"2026-09-10";"Present";"";"18:09:00";9.2
8750;125;"2026-09-11";"Present";"";"";9.52
8751;125;"2026-09-12";"Present";"";"19:48:00";7.22
8752;125;"2026-09-13";"Present";"08:19:00";"19:25:00";8.73
8753;125;"2026-09-14";"Present";"08:21:00";"16:18:00";7.23
8754;125;"2026-09-15";"Present";"10:44:00";"17:57:00";7.22
8755;125;"2026-09-16";"Absent";"09:09:00";"17:08:00";9.47
8756;125;"2026-09-17";"Present";"";"18:31:00";5.2
8757;125;"2026-09-18";"On Leave";"10:17:00";"16:07:00";8.88
8758;125;"2026-09-19";"Work From Home";"08:48:00";"17:55:00";10.87
8759;125;"2026-09-20";"Present";"";"18:42:00";7.63
8760;125;"2026-09-21";"Present";"10:00:00";"16:41:00";6.68
8761;132;"2026-09-02";"Present";"09:20:00";"16:41:00";7.38
8762;132;"2026-09-03";"Present";"10:03:00";"19:41:00";9.63
8763;132;"2026-09-04";"Present";"";"18:57:00";0.0
8764;132;"2026-09-05";"Present";"";"";0.0
8765;132;"2026-09-06";"Absent";"08:16:00";"17:29:00";8.37
8766;132;"2026-09-07";"Present";"10:48:00";"17:27:00";9.38
8767;132;"2026-09-08";"Present";"08:48:00";"16:49:00";7.68
8768;132;"2026-09-09";"Absent";"10:50:00";"18:07:00";10.2
8769;132;"2026-09-10";"Present";"";"19:11:00";10.35
8770;132;"2026-09-11";"Absent";"09:47:00";"17:01:00";7.23
8771;132;"2026-09-12";"Absent";"09:22:00";"17:16:00";8.72
8772;132;"2026-09-13";"Work From Home";"10:53:00";"19:50:00";10.0
8773;132;"2026-09-14";"Present";"10:24:00";"18:12:00";7.8
8774;132;"2026-09-15";"Present";"10:34:00";"19:04:00";8.42
8775;132;"2026-09-16";"Present";"09:24:00";"17:54:00";9.53
8776;132;"2026-09-17";"Present";"";"";8.87
8777;132;"2026-09-18";"Present";"08:56:00";"16:13:00";8.0
8778;132;"2026-09-19";"Present";"09:27:00";"";7.33
8779;132;"2026-09-20";"Absent";"09:24:00";"18:36:00";6.42
8780;132;"2026-09-21";"Present";"08:52:00";"18:04:00";9.2
8781;152;"2026-09-02";"Present";"";"19:41:00";0.0
8782;152;"2026-09-03";"Present";"";"";8.45
8783;152;"2026-09-04";"Present";"";"18:01:00";7.08
8784;152;"2026-09-05";"Present";"08:49:00";"16:37:00";6.83
8785;152;"2026-09-06";"Absent";"10:24:00";"17:05:00";9.08
8786;152;"2026-09-07";"Absent";"08:21:00";"";6.83
8787;152;"2026-09-08";"Present";"10:21:00";"17:37:00";7.27
8788;152;"2026-09-09";"Present";"09:58:00";"18:45:00";8.78
8789;152;"2026-09-10";"Present";"09:43:00";"18:04:00";9.85
8790;152;"2026-09-11";"Present";"08:55:00";"19:02:00";10.12
8791;152;"2026-09-12";"Present";"10:41:00";"19:34:00";9.85
8792;152;"2026-09-13";"Present";"09:04:00";"17:42:00";9.08
8793;152;"2026-09-14";"Present";"08:10:00";"18:58:00";10.8
8794;152;"2026-09-15";"Absent";"";"18:02:00";7.27
8795;152;"2026-09-16";"Absent";"10:33:00";"19:28:00";8.55
8796;152;"2026-09-17";"Present";"10:26:00";"";6.35
8797;152;"2026-09-18";"Present";"08:11:00";"16:38:00";8.45
8798;152;"2026-09-19";"Present";"08:20:00";"";9.6
8799;152;"2026-09-20";"Present";"10:46:00";"18:02:00";8.32
8800;152;"2026-09-21";"Absent";"10:13:00";"17:10:00";8.43
8801;155;"2026-09-02";"Present";"08:13:00";"19:13:00";8.07
8802;155;"2026-09-03";"Absent";"09:08:00";"18:37:00";7.47
8803;155;"2026-09-04";"Present";"";"17:16:00";10.43
8804;155;"2026-09-05";"Present";"09:45:00";"16:44:00";6.98
8805;155;"2026-09-06";"Present";"09:02:00";"16:02:00";7.0
8806;155;"2026-09-07";"Present";"09:18:00";"16:56:00";7.63
8807;155;"2026-09-08";"Present";"08:23:00";"17:08:00";10.35
8808;155;"2026-09-09";"Present";"10:34:00";"";0.0
8809;155;"2026-09-10";"Absent";"09:13:00";"19:16:00";8.53
8810;155;"2026-09-11";"Present";"10:48:00";"18:21:00";8.52
8811;155;"2026-09-12";"Present";"08:48:00";"";9.87
8812;155;"2026-09-13";"Present";"";"";0.0
8813;155;"2026-09-14";"Absent";"09:07:00";"18:04:00";8.95
8814;155;"2026-09-15";"Absent";"08:28:00";"16:56:00";8.73
8815;155;"2026-09-16";"Present";"08:02:00";"17:22:00";7.2
8816;155;"2026-09-17";"Absent";"10:03:00";"";0.0
8817;155;"2026-09-18";"Present";"10:50:00";"18:10:00";9.75
8818;155;"2026-09-19";"Absent";"10:49:00";"18:20:00";9.3
8819;155;"2026-09-20";"Present";"10:14:00";"17:46:00";9.63
8820;155;"2026-09-21";"Absent";"09:22:00";"17:33:00";8.18
8821;157;"2026-09-02";"Present";"08:27:00";"18:49:00";6.15
8822;157;"2026-09-03";"Present";"09:29:00";"19:28:00";9.37
8823;157;"2026-09-04";"Present";"08:31:00";"19:26:00";8.17
8824;157;"2026-09-05";"Present";"10:30:00";"";10.4
8825;157;"2026-09-06";"Absent";"";"";5.92
8826;157;"2026-09-07";"Present";"09:16:00";"18:17:00";8.17
8827;157;"2026-09-08";"Present";"08:38:00";"19:43:00";11.08
8828;157;"2026-09-09";"Present";"09:02:00";"17:11:00";5.48
8829;157;"2026-09-10";"Present";"10:30:00";"16:49:00";6.32
8830;157;"2026-09-11";"Absent";"08:19:00";"";9.05
8831;157;"2026-09-12";"Present";"09:46:00";"";8.33
8832;157;"2026-09-13";"Absent";"09:29:00";"18:55:00";9.43
8833;157;"2026-09-14";"Absent";"08:08:00";"17:27:00";9.32
8834;157;"2026-09-15";"Present";"08:16:00";"18:32:00";7.75
8835;157;"2026-09-16";"Present";"10:59:00";"18:11:00";6.22
8836;157;"2026-09-17";"Absent";"10:35:00";"17:34:00";10.8
8837;157;"2026-09-18";"Present";"10:20:00";"18:40:00";11.58
8838;157;"2026-09-19";"Present";"10:34:00";"16:05:00";10.3
8839;157;"2026-09-20";"Present";"";"17:37:00";6.7
8840;157;"2026-09-21";"Present";"08:28:00";"17:27:00";7.37
8841;162;"2026-09-02";"Present";"10:29:00";"16:02:00";8.18
8842;162;"2026-09-03";"Absent";"09:00:00";"19:48:00";7.4
8843;162;"2026-09-04";"Present";"10:02:00";"16:24:00";6.58
8844;162;"2026-09-05";"Present";"09:24:00";"19:40:00";9.07
8845;162;"2026-09-06";"Present";"10:05:00";"17:22:00";8.0
8846;162;"2026-09-07";"Present";"10:02:00";"19:30:00";9.47
8847;162;"2026-09-08";"Present";"08:45:00";"16:40:00";8.63
8848;162;"2026-09-09";"Present";"10:17:00";"16:06:00";7.32
8849;162;"2026-09-10";"Absent";"";"19:08:00";10.63
8850;162;"2026-09-11";"Absent";"09:26:00";"";6.55
8851;162;"2026-09-12";"Present";"08:28:00";"19:22:00";8.1
8852;162;"2026-09-13";"Present";"08:23:00";"16:30:00";9.87
8853;162;"2026-09-14";"Present";"10:21:00";"17:00:00";9.17
8854;162;"2026-09-15";"Present";"09:51:00";"19:51:00";9.27
8855;162;"2026-09-16";"Present";"";"";0.0
8856;162;"2026-09-17";"Present";"08:44:00";"";0.0
8857;162;"2026-09-18";"Present";"08:35:00";"18:02:00";7.27
8858;162;"2026-09-19";"Present";"08:52:00";"18:04:00";7.6
8859;162;"2026-09-20";"Present";"10:13:00";"17:16:00";5.82
8860;162;"2026-09-21";"Absent";"10:33:00";"16:05:00";11.03
8861;200;"2026-09-02";"Present";"09:28:00";"";7.53
8862;200;"2026-09-03";"Present";"08:54:00";"";6.25
8863;200;"2026-09-04";"Absent";"10:20:00";"17:28:00";7.7
8864;200;"2026-09-05";"Present";"";"19:03:00";7.97
8865;200;"2026-09-06";"Present";"08:40:00";"17:17:00";10.4
8866;200;"2026-09-07";"Present";"09:23:00";"18:45:00";9.37
8867;200;"2026-09-08";"Present";"10:05:00";"16:23:00";6.3
8868;200;"2026-09-09";"Absent";"10:52:00";"16:05:00";5.22
8869;200;"2026-09-10";"Present";"10:48:00";"";7.03
8870;200;"2026-09-11";"Present";"";"18:54:00";0.0
8871;200;"2026-09-12";"Present";"08:50:00";"17:21:00";6.95
8872;200;"2026-09-13";"Present";"";"";0.0
8873;200;"2026-09-14";"Present";"08:30:00";"18:14:00";9.73
8874;200;"2026-09-15";"Present";"";"19:37:00";6.93
8875;200;"2026-09-16";"Absent";"10:54:00";"16:58:00";8.55
8876;200;"2026-09-17";"Present";"08:04:00";"17:01:00";8.95
8877;200;"2026-09-18";"Absent";"08:58:00";"17:24:00";10.1
8878;200;"2026-09-19";"Absent";"";"18:32:00";0.0
8879;200;"2026-09-20";"Present";"";"";0.0
8880;200;"2026-09-21";"Present";"";"17:56:00";0.0
8881;237;"2026-09-02";"Absent";"";"18:58:00";11.37
8882;237;"2026-09-03";"Present";"08:13:00";"16:16:00";8.1
8883;237;"2026-09-04";"Present";"08:38:00";"";5.88
8884;237;"2026-09-05";"Present";"09:20:00";"";10.42
8885;237;"2026-09-06";"Present";"08:01:00";"16:02:00";7.08
8886;237;"2026-09-07";"Absent";"09:06:00";"";8.93
8887;237;"2026-09-08";"Present";"08:41:00";"17:31:00";10.7
8888;237;"2026-09-09";"Present";"";"18:37:00";10.55
8889;237;"2026-09-10";"Present";"10:59:00";"17:37:00";6.68
8890;237;"2026-09-11";"Present";"10:16:00";"17:55:00";10.48
8891;237;"2026-09-12";"Present";"08:41:00";"18:49:00";6.78
8892;237;"2026-09-13";"Present";"";"16:02:00";7.62
8893;237;"2026-09-14";"Present";"09:44:00";"";0.0
8894;237;"2026-09-15";"Present";"";"18:08:00";8.32
8895;237;"2026-09-16";"Present";"09:26:00";"17:50:00";8.63
8896;237;"2026-09-17";"Present";"";"17:36:00";0.0
8897;237;"2026-09-18";"Absent";"";"17:15:00";8.4
8898;237;"2026-09-19";"Present";"10:11:00";"18:26:00";9.58
8899;237;"2026-09-20";"Present";"08:42:00";"19:53:00";11.18
8900;237;"2026-09-21";"Present";"10:18:00";"";8.4
8901;238;"2026-09-02";"Present";"";"16:27:00";11.52
8902;238;"2026-09-03";"Present";"";"16:50:00";6.78
8903;238;"2026-09-04";"Absent";"10:52:00";"";8.32
8904;238;"2026-09-05";"Absent";"08:03:00";"18:02:00";8.37
8905;238;"2026-09-06";"Absent";"09:05:00";"18:22:00";8.85
8906;238;"2026-09-07";"Absent";"08:27:00";"19:38:00";8.25
8907;238;"2026-09-08";"Present";"";"17:18:00";10.02
8908;238;"2026-09-09";"Present";"09:57:00";"17:41:00";7.13
8909;238;"2026-09-10";"Present";"10:47:00";"17:06:00";7.65
8910;238;"2026-09-11";"Present";"10:30:00";"16:10:00";5.67
8911;238;"2026-09-12";"Present";"09:31:00";"";8.52
8912;238;"2026-09-13";"Present";"10:30:00";"";10.1
8913;238;"2026-09-14";"Present";"08:44:00";"16:23:00";7.88
8914;238;"2026-09-15";"Present";"08:29:00";"16:33:00";11.1
8915;238;"2026-09-16";"Present";"09:48:00";"";0.0
8916;238;"2026-09-17";"Absent";"";"";8.92
8917;238;"2026-09-18";"Absent";"08:37:00";"19:55:00";11.3
8918;238;"2026-09-19";"Absent";"";"19:36:00";8.85
8919;238;"2026-09-20";"Present";"10:21:00";"19:48:00";9.12
8920;238;"2026-09-21";"Present";"10:53:00";"19:39:00";6.1
8921;250;"2026-09-02";"Work From Home";"";"16:15:00";8.47
8922;250;"2026-09-03";"Present";"09:48:00";"";5.88
8923;250;"2026-09-04";"Present";"10:42:00";"";0.0
8924;250;"2026-09-05";"Absent";"10:53:00";"";0.0
8925;250;"2026-09-06";"Present";"";"18:40:00";8.63
8926;250;"2026-09-07";"Present";"09:52:00";"18:38:00";10.52
8927;250;"2026-09-08";"Present";"09:46:00";"";6.83
8928;250;"2026-09-09";"Present";"08:02:00";"17:02:00";9.0
8929;250;"2026-09-10";"Present";"";"";0.0
8930;250;"2026-09-11";"Present";"09:36:00";"16:00:00";5.47
8931;250;"2026-09-12";"Absent";"08:47:00";"17:03:00";8.27
8932;250;"2026-09-13";"Absent";"";"18:53:00";0.0
8933;250;"2026-09-14";"Present";"10:40:00";"19:42:00";5.92
8934;250;"2026-09-15";"Present";"09:44:00";"17:57:00";9.48
8935;250;"2026-09-16";"Absent";"09:18:00";"17:35:00";8.28
8936;250;"2026-09-17";"Present";"08:33:00";"18:46:00";10.22
8937;250;"2026-09-18";"Present";"08:22:00";"18:15:00";11.47
8938;250;"2026-09-19";"Absent";"";"17:06:00";9.55
8939;250;"2026-09-20";"Present";"";"17:07:00";6.02
8940;250;"2026-09-21";"Present";"09:42:00";"18:03:00";5.53
8941;253;"2026-09-02";"Absent";"08:33:00";"";7.77
8942;253;"2026-09-03";"Present";"";"16:39:00";8.28
8943;253;"2026-09-04";"Present";"10:40:00";"19:19:00";9.7
8944;253;"2026-09-05";"Present";"09:27:00";"18:41:00";7.68
8945;253;"2026-09-06";"Present";"08:12:00";"16:37:00";10.92
8946;253;"2026-09-07";"Present";"";"19:06:00";7.6
8947;253;"2026-09-08";"Present";"";"";0.0
8948;253;"2026-09-09";"Absent";"";"16:50:00";8.47
8949;253;"2026-09-10";"Present";"08:41:00";"19:02:00";7.08
8950;253;"2026-09-11";"Present";"10:07:00";"18:21:00";8.23
8951;253;"2026-09-12";"Work From Home";"10:16:00";"";7.13
8952;253;"2026-09-13";"Absent";"08:00:00";"16:29:00";8.63
8953;253;"2026-09-14";"Present";"";"";7.15
8954;253;"2026-09-15";"Present";"09:58:00";"19:39:00";9.63
8955;253;"2026-09-16";"Present";"";"";8.05
8956;253;"2026-09-17";"Present";"10:56:00";"17:05:00";7.5
8957;253;"2026-09-18";"Present";"";"";0.0
8958;253;"2026-09-19";"Present";"";"19:22:00";7.78
8959;253;"2026-09-20";"Present";"08:00:00";"17:47:00";6.82
8960;253;"2026-09-21";"Present";"09:33:00";"18:03:00";8.05
8961;254;"2026-09-02";"Present";"08:14:00";"18:36:00";6.8
8962;254;"2026-09-03";"Present";"";"19:47:00";8.0
8963;254;"2026-09-04";"Present";"10:34:00";"18:46:00";8.43
8964;254;"2026-09-05";"Present";"10:00:00";"17:56:00";7.93
8965;254;"2026-09-06";"Present";"";"19:26:00";8.67
8966;254;"2026-09-07";"Present";"09:44:00";"17:56:00";7.45
8967;254;"2026-09-08";"Present";"";"";6.88
8968;254;"2026-09-09";"Present";"08:55:00";"";9.1
8969;254;"2026-09-10";"Present";"10:19:00";"16:10:00";11.1
8970;254;"2026-09-11";"Present";"";"";7.33
8971;254;"2026-09-12";"Present";"09:33:00";"17:45:00";9.7
8972;254;"2026-09-13";"Absent";"08:13:00";"17:52:00";7.92
8973;254;"2026-09-14";"Absent";"10:04:00";"16:28:00";6.4
8974;254;"2026-09-15";"Present";"10:49:00";"17:34:00";6.75
8975;254;"2026-09-16";"Present";"08:53:00";"18:30:00";9.62
8976;254;"2026-09-17";"Present";"09:35:00";"17:05:00";9.67
8977;254;"2026-09-18";"Present";"08:30:00";"19:28:00";10.3
8978;254;"2026-09-19";"Present";"09:25:00";"18:37:00";9.32
8979;254;"2026-09-20";"Absent";"";"17:21:00";10.68
8980;254;"2026-09-21";"Present";"09:25:00";"17:29:00";8.75
8981;255;"2026-09-02";"Absent";"";"17:22:00";0.0
8982;255;"2026-09-03";"Absent";"08:33:00";"18:53:00";10.33
8983;255;"2026-09-04";"Present";"08:16:00";"17:04:00";8.03
8984;255;"2026-09-05";"Absent";"08:16:00";"19:39:00";6.12
8985;255;"2026-09-06";"Present";"09:53:00";"17:49:00";10.37
8986;255;"2026-09-07";"Present";"09:34:00";"16:26:00";6.9
8987;255;"2026-09-08";"Present";"09:14:00";"16:58:00";10.87
8988;255;"2026-09-09";"Present";"09:55:00";"17:35:00";6.55
8989;255;"2026-09-10";"Present";"08:34:00";"18:20:00";9.77
8990;255;"2026-09-11";"Absent";"";"";0.0
8991;255;"2026-09-12";"Absent";"";"";8.42
8992;255;"2026-09-13";"Present";"";"17:30:00";7.68
8993;255;"2026-09-14";"Absent";"09:35:00";"17:49:00";9.43
8994;255;"2026-09-15";"Absent";"10:18:00";"16:54:00";9.35
8995;255;"2026-09-16";"Present";"10:08:00";"16:02:00";11.22
8996;255;"2026-09-17";"Present";"";"19:12:00";8.33
8997;255;"2026-09-18";"Present";"10:50:00";"16:26:00";5.6
8998;255;"2026-09-19";"Present";"";"17:50:00";5.72
8999;255;"2026-09-20";"Present";"";"17:27:00";6.88
9000;255;"2026-09-21";"Present";"";"19:46:00";7.95
9001;258;"2026-09-02";"Absent";"10:25:00";"16:23:00";6.47
9002;258;"2026-09-03";"Present";"09:19:00";"16:57:00";7.1
9003;258;"2026-09-04";"Absent";"08:18:00";"17:47:00";9.48
9004;258;"2026-09-05";"Present";"08:01:00";"16:27:00";9.25
9005;258;"2026-09-06";"Present";"09:18:00";"18:09:00";8.22
9006;258;"2026-09-07";"Present";"";"19:44:00";7.85
9007;258;"2026-09-08";"Absent";"09:51:00";"16:03:00";11.35
9008;258;"2026-09-09";"Present";"09:02:00";"18:15:00";7.38
9009;258;"2026-09-10";"Present";"10:18:00";"17:26:00";9.33
9010;258;"2026-09-11";"Present";"";"19:04:00";0.0
9011;258;"2026-09-12";"Absent";"10:48:00";"16:14:00";7.87
9012;258;"2026-09-13";"Work From Home";"10:13:00";"18:04:00";7.85
9013;258;"2026-09-14";"Present";"09:26:00";"18:55:00";11.25
9014;258;"2026-09-15";"Present";"10:39:00";"18:24:00";7.75
9015;258;"2026-09-16";"Present";"10:15:00";"17:24:00";7.0
9016;258;"2026-09-17";"Present";"09:52:00";"";9.37
9017;258;"2026-09-18";"Present";"";"19:47:00";7.33
9018;258;"2026-09-19";"Present";"09:14:00";"16:44:00";8.9
9019;258;"2026-09-20";"Present";"09:59:00";"18:33:00";9.97
9020;258;"2026-09-21";"Present";"09:38:00";"";0.0
9021;260;"2026-09-02";"Present";"09:23:00";"19:34:00";10.18
9022;260;"2026-09-03";"Present";"";"17:09:00";5.98
9023;260;"2026-09-04";"Absent";"09:54:00";"16:25:00";5.08
9024;260;"2026-09-05";"Present";"08:50:00";"18:25:00";9.58
9025;260;"2026-09-06";"Present";"09:51:00";"";8.7
9026;260;"2026-09-07";"Present";"08:54:00";"16:55:00";8.93
9027;260;"2026-09-08";"Present";"09:50:00";"17:23:00";6.72
9028;260;"2026-09-09";"Present";"";"";10.65
9029;260;"2026-09-10";"Present";"09:47:00";"17:21:00";7.88
9030;260;"2026-09-11";"Present";"08:18:00";"";6.48
9031;260;"2026-09-12";"Present";"08:51:00";"16:40:00";6.57
9032;260;"2026-09-13";"Present";"08:03:00";"";7.93
9033;260;"2026-09-14";"Present";"10:40:00";"19:22:00";8.53
9034;260;"2026-09-15";"Absent";"08:43:00";"17:55:00";9.2
9035;260;"2026-09-16";"Absent";"09:19:00";"16:03:00";5.73
9036;260;"2026-09-17";"Present";"08:17:00";"18:45:00";9.92
9037;260;"2026-09-18";"Present";"";"18:03:00";8.6
9038;260;"2026-09-19";"Work From Home";"08:05:00";"19:05:00";9.7
9039;260;"2026-09-20";"Present";"08:04:00";"18:44:00";8.53
9040;260;"2026-09-21";"Absent";"";"16:43:00";7.67
9041;289;"2026-09-02";"Present";"09:20:00";"";9.6
9042;289;"2026-09-03";"Present";"10:32:00";"";7.67
9043;289;"2026-09-04";"Absent";"10:40:00";"18:26:00";7.38
9044;289;"2026-09-05";"Present";"";"";9.55
9045;289;"2026-09-06";"Absent";"10:37:00";"18:51:00";8.23
9046;289;"2026-09-07";"Present";"";"";7.37
9047;289;"2026-09-08";"Present";"10:08:00";"";0.0
9048;289;"2026-09-09";"Present";"";"18:16:00";0.0
9049;289;"2026-09-10";"Absent";"10:01:00";"";11.25
9050;289;"2026-09-11";"Present";"09:14:00";"17:38:00";8.4
9051;289;"2026-09-12";"Present";"10:56:00";"19:04:00";7.7
9052;289;"2026-09-13";"Present";"08:33:00";"";0.0
9053;289;"2026-09-14";"Present";"";"19:06:00";8.63
9054;289;"2026-09-15";"Present";"";"16:41:00";10.72
9055;289;"2026-09-16";"Present";"10:29:00";"17:16:00";6.78
9056;289;"2026-09-17";"On Leave";"10:15:00";"19:17:00";7.5
9057;289;"2026-09-18";"Present";"08:50:00";"16:16:00";7.33
9058;289;"2026-09-19";"Present";"08:42:00";"16:00:00";7.77
9059;289;"2026-09-20";"Present";"";"17:50:00";0.0
9060;289;"2026-09-21";"Present";"08:02:00";"";9.73
9061;310;"2026-09-02";"Present";"";"17:24:00";7.13
9062;310;"2026-09-03";"Present";"09:23:00";"17:18:00";8.62
9063;310;"2026-09-04";"Present";"";"";10.5
9064;310;"2026-09-05";"Absent";"";"18:33:00";10.7
9065;310;"2026-09-06";"Absent";"08:32:00";"17:13:00";8.68
9066;310;"2026-09-07";"Present";"";"";9.23
9067;310;"2026-09-08";"Work From Home";"";"16:45:00";6.98
9068;310;"2026-09-09";"Absent";"10:07:00";"18:56:00";8.82
9069;310;"2026-09-10";"Work From Home";"08:11:00";"19:39:00";9.17
9070;310;"2026-09-11";"Present";"10:33:00";"18:02:00";10.3
9071;310;"2026-09-12";"Work From Home";"10:10:00";"";10.47
9072;310;"2026-09-13";"Absent";"09:36:00";"19:34:00";7.12
9073;310;"2026-09-14";"Absent";"";"16:07:00";8.13
9074;310;"2026-09-15";"Present";"08:28:00";"19:34:00";6.48
9075;310;"2026-09-16";"Present";"10:20:00";"18:26:00";8.05
9076;310;"2026-09-17";"Absent";"08:09:00";"18:51:00";9.83
9077;310;"2026-09-18";"Present";"";"17:04:00";0.0
9078;310;"2026-09-19";"Absent";"09:06:00";"19:05:00";8.13
9079;310;"2026-09-20";"Absent";"09:12:00";"";0.0
9080;310;"2026-09-21";"Present";"10:42:00";"18:39:00";7.1
9081;313;"2026-09-02";"Present";"10:44:00";"18:58:00";9.15
9082;313;"2026-09-03";"Present";"09:54:00";"";10.38
9083;313;"2026-09-04";"Absent";"09:39:00";"18:14:00";7.72
9084;313;"2026-09-05";"Absent";"08:34:00";"19:56:00";11.1
9085;313;"2026-09-06";"Present";"08:05:00";"17:26:00";6.43
9086;313;"2026-09-07";"Present";"09:44:00";"";8.5
9087;313;"2026-09-08";"Absent";"10:35:00";"16:23:00";11.32
9088;313;"2026-09-09";"Work From Home";"10:14:00";"16:50:00";8.4
9089;313;"2026-09-10";"Present";"10:21:00";"19:09:00";10.98
9090;313;"2026-09-11";"Absent";"";"16:28:00";11.03
9091;313;"2026-09-12";"Absent";"09:25:00";"18:33:00";7.72
9092;313;"2026-09-13";"Present";"08:55:00";"16:59:00";7.2
9093;313;"2026-09-14";"Present";"";"18:21:00";9.02
9094;313;"2026-09-15";"Present";"";"";10.57
9095;313;"2026-09-16";"Absent";"10:37:00";"18:50:00";6.0
9096;313;"2026-09-17";"Present";"";"16:27:00";8.82
9097;313;"2026-09-18";"Absent";"09:06:00";"19:27:00";8.38
9098;313;"2026-09-19";"Present";"10:41:00";"";8.07
9099;313;"2026-09-20";"Absent";"";"18:06:00";0.0
9100;313;"2026-09-21";"Present";"10:32:00";"";0.0
9101;336;"2026-09-02";"Present";"10:03:00";"";10.18
9102;336;"2026-09-03";"Present";"08:39:00";"18:42:00";10.05
9103;336;"2026-09-04";"Present";"";"18:41:00";8.4
9104;336;"2026-09-05";"Present";"09:57:00";"17:08:00";8.13
9105;336;"2026-09-06";"Absent";"10:10:00";"16:33:00";11.07
9106;336;"2026-09-07";"Present";"";"19:50:00";5.78
9107;336;"2026-09-08";"Absent";"08:12:00";"17:20:00";7.8
9108;336;"2026-09-09";"Present";"10:13:00";"";0.0
9109;336;"2026-09-10";"Present";"10:19:00";"19:58:00";8.12
9110;336;"2026-09-11";"Present";"10:32:00";"";7.28
9111;336;"2026-09-12";"Absent";"09:15:00";"18:56:00";11.72
9112;336;"2026-09-13";"Present";"10:35:00";"";7.28
9113;336;"2026-09-14";"Present";"";"19:28:00";0.0
9114;336;"2026-09-15";"Present";"";"19:12:00";8.63
9115;336;"2026-09-16";"Absent";"08:09:00";"17:17:00";5.63
9116;336;"2026-09-17";"Present";"09:56:00";"19:34:00";8.42
9117;336;"2026-09-18";"Present";"10:43:00";"16:21:00";7.92
9118;336;"2026-09-19";"Present";"09:19:00";"18:48:00";9.48
9119;336;"2026-09-20";"Absent";"08:50:00";"16:11:00";7.75
9120;336;"2026-09-21";"Absent";"10:06:00";"";0.0
9121;341;"2026-09-02";"Present";"10:36:00";"19:59:00";5.73
9122;341;"2026-09-03";"Present";"10:10:00";"18:10:00";8.52
9123;341;"2026-09-04";"Absent";"";"17:18:00";0.0
9124;341;"2026-09-05";"Present";"09:10:00";"17:50:00";8.67
9125;341;"2026-09-06";"Present";"09:03:00";"19:33:00";10.5
9126;341;"2026-09-07";"Absent";"08:17:00";"19:25:00";6.47
9127;341;"2026-09-08";"Present";"";"18:47:00";6.82
9128;341;"2026-09-09";"Present";"08:48:00";"";8.37
9129;341;"2026-09-10";"Present";"08:32:00";"19:07:00";8.68
9130;341;"2026-09-11";"Present";"08:21:00";"17:26:00";9.45
9131;341;"2026-09-12";"Present";"10:42:00";"17:48:00";6.88
9132;341;"2026-09-13";"Absent";"08:23:00";"16:51:00";7.3
9133;341;"2026-09-14";"Present";"10:16:00";"16:13:00";8.67
9134;341;"2026-09-15";"Present";"09:31:00";"17:57:00";7.65
9135;341;"2026-09-16";"Present";"10:31:00";"";0.0
9136;341;"2026-09-17";"Present";"08:12:00";"18:40:00";8.48
9137;341;"2026-09-18";"Present";"";"17:11:00";0.0
9138;341;"2026-09-19";"Present";"08:05:00";"16:03:00";10.75
9139;341;"2026-09-20";"Present";"10:07:00";"";7.82
9140;341;"2026-09-21";"Present";"08:47:00";"19:15:00";9.58
9141;367;"2026-09-02";"Present";"";"17:24:00";0.0
9142;367;"2026-09-03";"Present";"10:10:00";"18:39:00";8.83
9143;367;"2026-09-04";"Work From Home";"08:22:00";"19:37:00";11.25
9144;367;"2026-09-05";"Present";"08:17:00";"18:35:00";6.57
9145;367;"2026-09-06";"Absent";"";"16:40:00";5.92
9146;367;"2026-09-07";"Present";"09:19:00";"18:51:00";8.7
9147;367;"2026-09-08";"Present";"10:17:00";"18:27:00";9.1
9148;367;"2026-09-09";"Present";"08:01:00";"";8.33
9149;367;"2026-09-10";"Absent";"10:51:00";"17:13:00";6.37
9150;367;"2026-09-11";"Present";"08:02:00";"";7.82
9151;367;"2026-09-12";"Present";"08:10:00";"17:28:00";10.52
9152;367;"2026-09-13";"Absent";"";"17:34:00";8.62
9153;367;"2026-09-14";"Present";"09:17:00";"19:32:00";10.25
9154;367;"2026-09-15";"Present";"09:41:00";"19:30:00";9.82
9155;367;"2026-09-16";"Present";"08:45:00";"18:16:00";8.95
9156;367;"2026-09-17";"Present";"10:32:00";"";0.0
9157;367;"2026-09-18";"Absent";"10:41:00";"17:32:00";6.85
9158;367;"2026-09-19";"Absent";"10:59:00";"17:15:00";11.03
9159;367;"2026-09-20";"Present";"09:21:00";"19:24:00";10.3
9160;367;"2026-09-21";"Present";"";"19:23:00";0.0
9161;386;"2026-09-02";"Present";"";"17:51:00";0.0
9162;386;"2026-09-03";"Present";"09:30:00";"";6.42
9163;386;"2026-09-04";"Present";"";"";7.82
9164;386;"2026-09-05";"Absent";"";"17:53:00";9.62
9165;386;"2026-09-06";"Present";"10:24:00";"19:27:00";9.98
9166;386;"2026-09-07";"Absent";"";"19:55:00";11.38
9167;386;"2026-09-08";"Present";"09:02:00";"17:48:00";10.17
9168;386;"2026-09-09";"Present";"09:06:00";"";10.88
9169;386;"2026-09-10";"Present";"10:28:00";"18:50:00";9.23
9170;386;"2026-09-11";"Present";"09:47:00";"17:15:00";7.47
9171;386;"2026-09-12";"Present";"08:08:00";"17:16:00";7.97
9172;386;"2026-09-13";"Present";"08:58:00";"19:47:00";10.82
9173;386;"2026-09-14";"Present";"";"";5.03
9174;386;"2026-09-15";"Present";"09:11:00";"19:44:00";10.55
9175;386;"2026-09-16";"Absent";"08:44:00";"17:17:00";10.4
9176;386;"2026-09-17";"Absent";"09:50:00";"17:36:00";7.77
9177;386;"2026-09-18";"Present";"10:20:00";"16:38:00";8.3
9178;386;"2026-09-19";"Present";"";"16:20:00";8.67
9179;386;"2026-09-20";"Present";"";"17:04:00";7.48
9180;386;"2026-09-21";"Present";"";"17:15:00";0.0
9181;409;"2026-09-02";"Absent";"09:49:00";"";0.0
9182;409;"2026-09-03";"Present";"09:04:00";"19:43:00";9.68
9183;409;"2026-09-04";"Present";"";"18:41:00";10.33
9184;409;"2026-09-05";"Present";"10:17:00";"19:44:00";8.02
9185;409;"2026-09-06";"Present";"08:47:00";"18:26:00";5.97
9186;409;"2026-09-07";"Present";"10:08:00";"18:07:00";10.52
9187;409;"2026-09-08";"Present";"10:16:00";"19:19:00";8.77
9188;409;"2026-09-09";"Present";"";"16:19:00";7.92
9189;409;"2026-09-10";"Present";"";"17:38:00";10.55
9190;409;"2026-09-11";"Work From Home";"10:31:00";"";9.42
9191;409;"2026-09-12";"Present";"10:10:00";"";0.0
9192;409;"2026-09-13";"Absent";"08:35:00";"";8.28
9193;409;"2026-09-14";"Present";"";"";7.68
9194;409;"2026-09-15";"Present";"08:48:00";"19:07:00";8.03
9195;409;"2026-09-16";"Present";"09:04:00";"16:57:00";9.83
9196;409;"2026-09-17";"Present";"09:11:00";"19:36:00";6.42
9197;409;"2026-09-18";"Present";"";"18:56:00";0.0
9198;409;"2026-09-19";"Present";"";"";8.55
9199;409;"2026-09-20";"Present";"09:56:00";"";9.3
9200;409;"2026-09-21";"Present";"";"19:53:00";9.02
9201;412;"2026-09-02";"Absent";"08:18:00";"17:07:00";8.82
9202;412;"2026-09-03";"Present";"10:07:00";"";0.0
9203;412;"2026-09-04";"Present";"08:48:00";"";5.58
9204;412;"2026-09-05";"Absent";"08:10:00";"18:19:00";7.82
9205;412;"2026-09-06";"Present";"";"16:47:00";8.52
9206;412;"2026-09-07";"Present";"";"17:46:00";8.8
9207;412;"2026-09-08";"Present";"09:32:00";"16:01:00";8.28
9208;412;"2026-09-09";"Present";"08:47:00";"";6.48
9209;412;"2026-09-10";"Present";"10:16:00";"18:35:00";6.98
9210;412;"2026-09-11";"Present";"08:45:00";"16:58:00";7.32
9211;412;"2026-09-12";"Present";"10:52:00";"";9.12
9212;412;"2026-09-13";"Absent";"08:15:00";"17:22:00";9.12
9213;412;"2026-09-14";"Present";"09:00:00";"17:16:00";7.27
9214;412;"2026-09-15";"Present";"10:21:00";"19:36:00";8.77
9215;412;"2026-09-16";"Present";"08:29:00";"19:11:00";10.7
9216;412;"2026-09-17";"Present";"";"18:29:00";0.0
9217;412;"2026-09-18";"Present";"10:31:00";"";9.88
9218;412;"2026-09-19";"Present";"08:20:00";"19:44:00";8.45
9219;412;"2026-09-20";"Present";"10:14:00";"";0.0
9220;412;"2026-09-21";"Absent";"";"17:24:00";8.57
9221;429;"2026-09-02";"Present";"10:07:00";"19:24:00";9.28
9222;429;"2026-09-03";"Absent";"";"19:14:00";0.0
9223;429;"2026-09-04";"Present";"09:15:00";"18:16:00";11.57
9224;429;"2026-09-05";"Present";"09:51:00";"16:25:00";9.72
9225;429;"2026-09-06";"Present";"08:43:00";"";8.23
9226;429;"2026-09-07";"Absent";"";"17:46:00";8.82
9227;429;"2026-09-08";"Absent";"09:00:00";"17:48:00";8.8
9228;429;"2026-09-09";"Work From Home";"09:06:00";"17:18:00";8.05
9229;429;"2026-09-10";"Present";"10:50:00";"18:17:00";7.45
9230;429;"2026-09-11";"Present";"10:34:00";"17:09:00";11.3
9231;429;"2026-09-12";"Present";"10:20:00";"19:48:00";7.18
9232;429;"2026-09-13";"Present";"08:38:00";"17:25:00";9.63
9233;429;"2026-09-14";"Present";"09:58:00";"18:49:00";10.17
9234;429;"2026-09-15";"Present";"09:09:00";"";7.58
9235;429;"2026-09-16";"Present";"";"";8.33
9236;429;"2026-09-17";"Present";"";"18:06:00";8.17
9237;429;"2026-09-18";"Present";"10:43:00";"";0.0
9238;429;"2026-09-19";"Present";"";"";10.08
9239;429;"2026-09-20";"Work From Home";"10:30:00";"17:48:00";7.3
9240;429;"2026-09-21";"Work From Home";"10:49:00";"19:19:00";8.5
9241;442;"2026-09-02";"Present";"";"17:15:00";9.38
9242;442;"2026-09-03";"Present";"09:44:00";"17:31:00";8.03
9243;442;"2026-09-04";"Present";"08:07:00";"17:51:00";9.67
9244;442;"2026-09-05";"Present";"10:00:00";"";9.45
9245;442;"2026-09-06";"Present";"10:23:00";"";9.08
9246;442;"2026-09-07";"Present";"";"18:50:00";6.5
9247;442;"2026-09-08";"Present";"10:11:00";"";9.22
9248;442;"2026-09-09";"Present";"09:50:00";"";10.78
9249;442;"2026-09-10";"Absent";"10:40:00";"18:13:00";8.3
9250;442;"2026-09-11";"Present";"10:05:00";"";0.0
9251;442;"2026-09-12";"Absent";"08:47:00";"19:42:00";8.1
9252;442;"2026-09-13";"Absent";"09:04:00";"";8.37
9253;442;"2026-09-14";"Present";"08:17:00";"";9.67
9254;442;"2026-09-15";"Present";"10:01:00";"17:37:00";7.6
9255;442;"2026-09-16";"Absent";"09:42:00";"17:49:00";8.12
9256;442;"2026-09-17";"Present";"";"";0.0
9257;442;"2026-09-18";"Present";"";"16:26:00";0.0
9258;442;"2026-09-19";"Absent";"";"19:00:00";9.28
9259;442;"2026-09-20";"Absent";"08:36:00";"";6.47
9260;442;"2026-09-21";"Absent";"08:18:00";"16:16:00";7.87
9261;451;"2026-09-02";"Present";"10:21:00";"16:58:00";6.62
9262;451;"2026-09-03";"Absent";"";"18:59:00";9.35
9263;451;"2026-09-04";"Present";"09:19:00";"19:18:00";8.88
9264;451;"2026-09-05";"Present";"08:05:00";"16:05:00";8.0
9265;451;"2026-09-06";"Present";"10:38:00";"";7.77
9266;451;"2026-09-07";"Present";"09:50:00";"16:07:00";10.15
9267;451;"2026-09-08";"Present";"10:30:00";"";8.08
9268;451;"2026-09-09";"Absent";"";"17:44:00";11.07
9269;451;"2026-09-10";"Present";"";"18:14:00";9.07
9270;451;"2026-09-11";"Absent";"08:39:00";"19:04:00";9.62
9271;451;"2026-09-12";"Absent";"";"17:03:00";8.5
9272;451;"2026-09-13";"Absent";"09:35:00";"18:09:00";8.1
9273;451;"2026-09-14";"Absent";"10:50:00";"18:53:00";7.65
9274;451;"2026-09-15";"Present";"09:34:00";"19:29:00";8.8
9275;451;"2026-09-16";"Present";"10:15:00";"";8.73
9276;451;"2026-09-17";"Present";"08:10:00";"18:05:00";8.68
9277;451;"2026-09-18";"Present";"";"";10.47
9278;451;"2026-09-19";"Present";"10:13:00";"";0.0
9279;451;"2026-09-20";"Absent";"08:52:00";"18:32:00";8.27
9280;451;"2026-09-21";"Present";"10:02:00";"17:04:00";10.28
9281;482;"2026-09-02";"Present";"09:31:00";"18:21:00";8.88
9282;482;"2026-09-03";"Present";"10:38:00";"19:21:00";8.72
9283;482;"2026-09-04";"Present";"08:08:00";"16:29:00";8.35
9284;482;"2026-09-05";"Present";"10:54:00";"";6.83
9285;482;"2026-09-06";"Present";"08:34:00";"18:19:00";9.75
9286;482;"2026-09-07";"Absent";"09:20:00";"19:08:00";9.8
9287;482;"2026-09-08";"Present";"09:47:00";"17:40:00";8.92
9288;482;"2026-09-09";"Absent";"10:39:00";"16:49:00";6.17
9289;482;"2026-09-10";"Present";"10:55:00";"17:36:00";6.68
9290;482;"2026-09-11";"Work From Home";"09:50:00";"16:37:00";6.78
9291;482;"2026-09-12";"Present";"";"16:09:00";8.18
9292;482;"2026-09-13";"Absent";"08:59:00";"16:48:00";9.97
9293;482;"2026-09-14";"Present";"08:27:00";"";9.08
9294;482;"2026-09-15";"Present";"08:01:00";"";11.23
9295;482;"2026-09-16";"Absent";"09:13:00";"16:47:00";7.57
9296;482;"2026-09-17";"Absent";"08:56:00";"19:01:00";8.35
9297;482;"2026-09-18";"Present";"09:48:00";"";10.15
9298;482;"2026-09-19";"Present";"08:38:00";"16:48:00";9.68
9299;482;"2026-09-20";"Present";"10:56:00";"19:34:00";8.63
9300;482;"2026-09-21";"Present";"10:12:00";"17:11:00";8.1
9301;490;"2026-09-02";"Absent";"";"18:21:00";0.0
9302;490;"2026-09-03";"Present";"09:12:00";"19:20:00";6.8
9303;490;"2026-09-04";"Absent";"09:29:00";"16:10:00";8.85
9304;490;"2026-09-05";"Present";"08:23:00";"16:36:00";8.18
9305;490;"2026-09-06";"Present";"10:01:00";"16:40:00";6.65
9306;490;"2026-09-07";"Present";"";"";8.58
9307;490;"2026-09-08";"Absent";"09:17:00";"16:57:00";11.67
9308;490;"2026-09-09";"Present";"08:29:00";"16:20:00";9.22
9309;490;"2026-09-10";"Present";"10:53:00";"19:51:00";8.97
9310;490;"2026-09-11";"Present";"10:34:00";"18:57:00";7.53
9311;490;"2026-09-12";"Absent";"";"17:40:00";6.58
9312;490;"2026-09-13";"Present";"";"16:04:00";10.8
9313;490;"2026-09-14";"Present";"08:55:00";"16:51:00";8.88
9314;490;"2026-09-15";"Present";"09:04:00";"16:29:00";7.27
9315;490;"2026-09-16";"Present";"08:41:00";"16:35:00";7.02
9316;490;"2026-09-17";"Absent";"09:04:00";"";0.0
9317;490;"2026-09-18";"Present";"";"16:14:00";0.0
9318;490;"2026-09-19";"Present";"08:13:00";"16:57:00";5.63
9319;490;"2026-09-20";"Present";"09:22:00";"";5.42
9320;490;"2026-09-21";"Absent";"08:16:00";"18:26:00";10.48
9321;493;"2026-09-02";"Present";"";"18:10:00";0.0
9322;493;"2026-09-03";"Present";"08:15:00";"16:50:00";8.58
9323;493;"2026-09-04";"Absent";"09:18:00";"17:32:00";9.05
9324;493;"2026-09-05";"Present";"";"17:47:00";0.0
9325;493;"2026-09-06";"Present";"10:34:00";"17:23:00";6.82
9326;493;"2026-09-07";"Present";"10:10:00";"";0.0
9327;493;"2026-09-08";"Present";"09:39:00";"18:46:00";6.03
9328;493;"2026-09-09";"Present";"08:49:00";"17:15:00";6.22
9329;493;"2026-09-10";"Work From Home";"";"17:02:00";9.23
9330;493;"2026-09-11";"Present";"08:12:00";"";7.23
9331;493;"2026-09-12";"Absent";"09:21:00";"18:59:00";6.95
9332;493;"2026-09-13";"Absent";"";"";8.33
9333;493;"2026-09-14";"Present";"08:48:00";"18:34:00";8.2
9334;493;"2026-09-15";"Present";"09:53:00";"16:45:00";6.87
9335;493;"2026-09-16";"Present";"08:14:00";"";11.4
9336;493;"2026-09-17";"Present";"10:38:00";"";0.0
9337;493;"2026-09-18";"Work From Home";"09:15:00";"17:50:00";8.58
9338;493;"2026-09-19";"Present";"09:43:00";"";0.0
9339;493;"2026-09-20";"Present";"10:18:00";"16:48:00";10.63
9340;493;"2026-09-21";"Present";"";"16:26:00";0.0
9341;500;"2026-09-02";"Present";"09:03:00";"";0.0
9342;500;"2026-09-03";"Present";"";"16:26:00";6.35
9343;500;"2026-09-04";"Present";"09:01:00";"";9.12
9344;500;"2026-09-05";"Absent";"";"";11.1
9345;500;"2026-09-06";"Present";"09:14:00";"18:10:00";10.03
9346;500;"2026-09-07";"Present";"10:37:00";"16:45:00";10.6
9347;500;"2026-09-08";"Present";"";"19:35:00";8.0
9348;500;"2026-09-09";"Present";"09:10:00";"19:39:00";9.95
9349;500;"2026-09-10";"Present";"10:32:00";"";0.0
9350;500;"2026-09-11";"Present";"";"";7.02
9351;500;"2026-09-12";"Present";"09:23:00";"16:38:00";7.0
9352;500;"2026-09-13";"Present";"09:09:00";"";6.45
9353;500;"2026-09-14";"Present";"08:16:00";"";0.0
9354;500;"2026-09-15";"Present";"08:16:00";"18:23:00";8.95
9355;500;"2026-09-16";"Present";"09:05:00";"16:42:00";9.83
9356;500;"2026-09-17";"Present";"09:38:00";"";9.75
9357;500;"2026-09-18";"Present";"09:46:00";"18:48:00";8.68
9358;500;"2026-09-19";"Present";"";"16:03:00";0.0
9359;500;"2026-09-20";"Present";"08:58:00";"";5.33
9360;500;"2026-09-21";"Present";"10:18:00";"16:11:00";5.88
9361;513;"2026-09-02";"Present";"";"18:48:00";11.53
9362;513;"2026-09-03";"Absent";"08:39:00";"16:36:00";7.92
9363;513;"2026-09-04";"Present";"10:16:00";"17:18:00";6.68
9364;513;"2026-09-05";"Present";"08:16:00";"19:41:00";7.7
9365;513;"2026-09-06";"Present";"09:21:00";"";9.55
9366;513;"2026-09-07";"Present";"09:40:00";"16:09:00";6.48
9367;513;"2026-09-08";"Present";"";"18:18:00";7.3
9368;513;"2026-09-09";"Present";"09:27:00";"";9.73
9369;513;"2026-09-10";"Present";"10:24:00";"16:09:00";6.4
9370;513;"2026-09-11";"Present";"09:13:00";"17:44:00";8.52
9371;513;"2026-09-12";"Absent";"";"17:01:00";0.0
9372;513;"2026-09-13";"Present";"08:40:00";"17:46:00";9.1
9373;513;"2026-09-14";"Present";"";"17:17:00";9.3
9374;513;"2026-09-15";"Present";"";"16:59:00";6.28
9375;513;"2026-09-16";"Present";"";"19:29:00";0.0
9376;513;"2026-09-17";"Present";"10:23:00";"";7.42
9377;513;"2026-09-18";"Present";"08:45:00";"19:36:00";10.85
9378;513;"2026-09-19";"Present";"08:11:00";"18:21:00";8.98
9379;513;"2026-09-20";"Present";"";"";7.62
9380;513;"2026-09-21";"Present";"09:12:00";"";8.38
9381;1030;"2026-09-02";"Present";"";"17:38:00";0.0
9382;1030;"2026-09-03";"Absent";"09:26:00";"17:52:00";10.78
9383;1030;"2026-09-04";"Present";"08:58:00";"19:15:00";7.57
9384;1030;"2026-09-05";"Present";"10:46:00";"";9.63
9385;1030;"2026-09-06";"Present";"09:58:00";"16:40:00";6.7
9386;1030;"2026-09-07";"Present";"08:13:00";"19:38:00";8.43
9387;1030;"2026-09-08";"Present";"09:54:00";"";6.67
9388;1030;"2026-09-09";"Present";"08:35:00";"16:04:00";7.57
9389;1030;"2026-09-10";"Present";"08:36:00";"";11.28
9390;1030;"2026-09-11";"Present";"08:00:00";"18:30:00";8.03
9391;1030;"2026-09-12";"Work From Home";"10:24:00";"16:54:00";6.65
9392;1030;"2026-09-13";"Present";"";"17:51:00";9.4
9393;1030;"2026-09-14";"Present";"08:48:00";"19:05:00";10.28
9394;1030;"2026-09-15";"Absent";"";"";8.63
9395;1030;"2026-09-16";"Absent";"";"";11.63
9396;1030;"2026-09-17";"Present";"08:06:00";"19:24:00";7.13
9397;1030;"2026-09-18";"Absent";"";"19:35:00";10.88
9398;1030;"2026-09-19";"Present";"";"18:46:00";8.87
9399;1030;"2026-09-20";"Present";"08:57:00";"19:14:00";10.28
9400;1030;"2026-09-21";"Present";"";"19:05:00";10.0
9401;14;"2026-09-02";"Present";"10:14:00";"17:44:00";7.5
9402;14;"2026-09-03";"Present";"10:17:00";"";0.0
9403;14;"2026-09-04";"Present";"10:12:00";"18:02:00";6.52
9404;14;"2026-09-05";"Present";"09:04:00";"";9.25
9405;14;"2026-09-06";"Present";"08:12:00";"18:35:00";9.42
9406;14;"2026-09-07";"Present";"";"19:12:00";8.13
9407;14;"2026-09-08";"Present";"10:47:00";"";11.17
9408;14;"2026-09-09";"Present";"";"16:31:00";7.57
9409;14;"2026-09-10";"Present";"09:54:00";"18:13:00";8.23
9410;14;"2026-09-11";"Present";"10:16:00";"";7.63
9411;14;"2026-09-12";"Absent";"08:23:00";"";8.75
9412;14;"2026-09-13";"Present";"09:02:00";"16:07:00";7.38
9413;14;"2026-09-14";"Absent";"09:39:00";"";0.0
9414;14;"2026-09-15";"Absent";"08:22:00";"17:37:00";9.25
9415;14;"2026-09-16";"Present";"09:25:00";"19:48:00";7.78
9416;14;"2026-09-17";"Present";"";"18:41:00";0.0
9417;14;"2026-09-18";"Present";"";"";8.6
9418;14;"2026-09-19";"Present";"";"17:01:00";0.0
9419;14;"2026-09-20";"Present";"09:53:00";"18:39:00";5.55
9420;14;"2026-09-21";"Present";"08:29:00";"";8.93
9421;43;"2026-09-02";"Present";"10:01:00";"19:30:00";7.88
9422;43;"2026-09-03";"Absent";"09:26:00";"19:11:00";7.87
9423;43;"2026-09-04";"Present";"10:31:00";"";0.0
9424;43;"2026-09-05";"Absent";"09:16:00";"17:44:00";10.17
9425;43;"2026-09-06";"Absent";"10:55:00";"";10.1
9426;43;"2026-09-07";"Present";"09:17:00";"18:19:00";7.63
9427;43;"2026-09-08";"Present";"10:22:00";"19:18:00";9.37
9428;43;"2026-09-09";"Present";"08:52:00";"16:45:00";7.88
9429;43;"2026-09-10";"Present";"08:42:00";"";11.55
9430;43;"2026-09-11";"Present";"09:30:00";"18:54:00";10.12
9431;43;"2026-09-12";"Present";"10:01:00";"";11.45
9432;43;"2026-09-13";"Absent";"";"18:29:00";0.0
9433;43;"2026-09-14";"Present";"09:54:00";"18:39:00";9.27
9434;43;"2026-09-15";"Present";"09:13:00";"19:02:00";9.82
9435;43;"2026-09-16";"Absent";"";"16:12:00";0.0
9436;43;"2026-09-17";"Present";"08:03:00";"17:27:00";8.17
9437;43;"2026-09-18";"Present";"10:33:00";"16:04:00";7.75
9438;43;"2026-09-19";"Present";"10:50:00";"17:35:00";6.75
9439;43;"2026-09-20";"Present";"08:20:00";"19:47:00";11.45
9440;43;"2026-09-21";"Present";"09:01:00";"16:40:00";8.12
9441;44;"2026-09-02";"Present";"08:27:00";"";6.25
9442;44;"2026-09-03";"Present";"09:29:00";"16:12:00";8.2
9443;44;"2026-09-04";"Absent";"08:02:00";"16:31:00";7.75
9444;44;"2026-09-05";"Present";"09:47:00";"16:46:00";8.5
9445;44;"2026-09-06";"Present";"08:32:00";"17:57:00";10.75
9446;44;"2026-09-07";"Present";"";"18:46:00";9.25
9447;44;"2026-09-08";"Absent";"10:21:00";"16:31:00";7.85
9448;44;"2026-09-09";"Present";"";"";0.0
9449;44;"2026-09-10";"Absent";"10:35:00";"16:01:00";7.0
9450;44;"2026-09-11";"Present";"";"";6.6
9451;44;"2026-09-12";"Present";"10:46:00";"17:02:00";9.63
9452;44;"2026-09-13";"Present";"10:26:00";"19:11:00";10.65
9453;44;"2026-09-14";"Present";"08:36:00";"18:09:00";9.02
9454;44;"2026-09-15";"Present";"";"";0.0
9455;44;"2026-09-16";"Present";"08:19:00";"19:23:00";6.73
9456;44;"2026-09-17";"Present";"08:35:00";"18:35:00";10.25
9457;44;"2026-09-18";"Present";"09:59:00";"19:18:00";9.32
9458;44;"2026-09-19";"Present";"10:24:00";"17:45:00";10.73
9459;44;"2026-09-20";"Present";"09:17:00";"19:25:00";7.95
9460;44;"2026-09-21";"Present";"10:15:00";"";9.15
9461;46;"2026-09-02";"Present";"09:52:00";"17:23:00";9.05
9462;46;"2026-09-03";"Present";"08:29:00";"18:44:00";9.78
9463;46;"2026-09-04";"Present";"09:04:00";"18:12:00";7.72
9464;46;"2026-09-05";"Present";"08:44:00";"19:16:00";7.67
9465;46;"2026-09-06";"Absent";"";"17:33:00";9.73
9466;46;"2026-09-07";"Present";"";"16:03:00";10.62
9467;46;"2026-09-08";"Present";"08:48:00";"17:34:00";11.08
9468;46;"2026-09-09";"Absent";"08:22:00";"19:45:00";11.38
9469;46;"2026-09-10";"Present";"10:39:00";"";8.85
9470;46;"2026-09-11";"Absent";"10:09:00";"19:01:00";9.0
9471;46;"2026-09-12";"Present";"09:44:00";"";6.85
9472;46;"2026-09-13";"Present";"";"18:47:00";7.32
9473;46;"2026-09-14";"Absent";"";"";11.8
9474;46;"2026-09-15";"Present";"10:43:00";"18:49:00";8.43
9475;46;"2026-09-16";"Present";"10:04:00";"16:26:00";10.03
9476;46;"2026-09-17";"Work From Home";"08:45:00";"16:01:00";10.87
9477;46;"2026-09-18";"Present";"09:35:00";"18:37:00";6.22
9478;46;"2026-09-19";"Absent";"10:51:00";"16:25:00";5.57
9479;46;"2026-09-20";"Present";"";"17:00:00";0.0
9480;46;"2026-09-21";"Present";"09:24:00";"18:57:00";6.62
9481;61;"2026-09-02";"Present";"09:00:00";"17:37:00";8.5
9482;61;"2026-09-03";"Present";"09:53:00";"17:54:00";7.77
9483;61;"2026-09-04";"Present";"09:43:00";"17:40:00";6.88
9484;61;"2026-09-05";"Present";"";"19:48:00";8.28
9485;61;"2026-09-06";"Present";"08:27:00";"18:05:00";6.65
9486;61;"2026-09-07";"Present";"";"17:34:00";10.6
9487;61;"2026-09-08";"Present";"08:51:00";"17:41:00";7.12
9488;61;"2026-09-09";"Absent";"10:02:00";"";8.45
9489;61;"2026-09-10";"Present";"";"18:52:00";8.08
9490;61;"2026-09-11";"Absent";"08:44:00";"19:25:00";7.38
9491;61;"2026-09-12";"Present";"10:51:00";"18:27:00";6.73
9492;61;"2026-09-13";"Absent";"09:37:00";"";10.7
9493;61;"2026-09-14";"Present";"09:22:00";"";9.53
9494;61;"2026-09-15";"Present";"08:46:00";"";10.03
9495;61;"2026-09-16";"Present";"08:38:00";"19:14:00";9.32
9496;61;"2026-09-17";"Present";"";"17:55:00";6.5
9497;61;"2026-09-18";"Present";"08:35:00";"16:19:00";6.6
9498;61;"2026-09-19";"Present";"09:04:00";"";10.05
9499;61;"2026-09-20";"Absent";"";"17:39:00";11.83
9500;61;"2026-09-21";"Absent";"10:22:00";"";0.0
9501;63;"2026-09-02";"Absent";"10:52:00";"17:54:00";6.6
9502;63;"2026-09-03";"Absent";"10:37:00";"";7.45
9503;63;"2026-09-04";"Absent";"09:35:00";"17:40:00";9.48
9504;63;"2026-09-05";"Present";"";"18:11:00";8.58
9505;63;"2026-09-06";"Present";"10:57:00";"19:33:00";8.6
9506;63;"2026-09-07";"Present";"";"";0.0
9507;63;"2026-09-08";"Absent";"10:23:00";"19:13:00";8.62
9508;63;"2026-09-09";"Present";"";"18:08:00";8.93
9509;63;"2026-09-10";"Present";"10:26:00";"";8.3
9510;63;"2026-09-11";"Present";"08:16:00";"17:48:00";9.53
9511;63;"2026-09-12";"Absent";"09:51:00";"17:15:00";7.4
9512;63;"2026-09-13";"Present";"";"19:12:00";9.02
9513;63;"2026-09-14";"Present";"09:38:00";"16:06:00";9.75
9514;63;"2026-09-15";"Present";"09:56:00";"16:20:00";7.75
9515;63;"2026-09-16";"Present";"10:35:00";"16:15:00";10.12
9516;63;"2026-09-17";"Present";"";"16:54:00";8.27
9517;63;"2026-09-18";"Present";"08:12:00";"";8.45
9518;63;"2026-09-19";"Present";"08:24:00";"16:14:00";7.83
9519;63;"2026-09-20";"Present";"09:41:00";"19:57:00";9.58
9520;63;"2026-09-21";"Present";"";"";0.0
9521;67;"2026-09-02";"Present";"10:14:00";"16:37:00";10.22
9522;67;"2026-09-03";"Absent";"08:01:00";"18:20:00";10.32
9523;67;"2026-09-04";"Absent";"";"17:00:00";0.0
9524;67;"2026-09-05";"Present";"08:39:00";"";0.0
9525;67;"2026-09-06";"Work From Home";"08:56:00";"";0.0
9526;67;"2026-09-07";"Present";"08:15:00";"18:23:00";10.13
9527;67;"2026-09-08";"Absent";"08:39:00";"";9.18
9528;67;"2026-09-09";"Present";"10:34:00";"";9.42
9529;67;"2026-09-10";"Present";"10:58:00";"18:01:00";7.05
9530;67;"2026-09-11";"Present";"10:36:00";"18:20:00";8.02
9531;67;"2026-09-12";"Absent";"08:54:00";"17:44:00";10.22
9532;67;"2026-09-13";"Present";"09:22:00";"16:36:00";10.28
9533;67;"2026-09-14";"Present";"10:06:00";"";8.18
9534;67;"2026-09-15";"Present";"09:12:00";"17:27:00";8.25
9535;67;"2026-09-16";"Present";"";"18:53:00";8.6
9536;67;"2026-09-17";"Absent";"09:17:00";"";0.0
9537;67;"2026-09-18";"Absent";"08:29:00";"16:08:00";8.7
9538;67;"2026-09-19";"Present";"09:32:00";"";6.18
9539;67;"2026-09-20";"Work From Home";"08:24:00";"16:10:00";6.5
9540;67;"2026-09-21";"Present";"09:05:00";"";9.73
9541;74;"2026-09-02";"Present";"";"19:01:00";8.2
9542;74;"2026-09-03";"Present";"10:10:00";"18:11:00";7.32
9543;74;"2026-09-04";"Present";"09:01:00";"";7.85
9544;74;"2026-09-05";"Present";"08:19:00";"";0.0
9545;74;"2026-09-06";"Present";"09:48:00";"18:10:00";7.62
9546;74;"2026-09-07";"Absent";"10:15:00";"19:09:00";8.9
9547;74;"2026-09-08";"Absent";"10:51:00";"";0.0
9548;74;"2026-09-09";"Present";"10:15:00";"16:43:00";11.25
9549;74;"2026-09-10";"Present";"09:41:00";"19:25:00";7.72
9550;74;"2026-09-11";"Present";"08:25:00";"19:51:00";9.75
9551;74;"2026-09-12";"Present";"09:26:00";"17:45:00";8.38
9552;74;"2026-09-13";"Work From Home";"";"";0.0
9553;74;"2026-09-14";"Present";"09:01:00";"19:56:00";10.92
9554;74;"2026-09-15";"Present";"08:57:00";"18:25:00";8.75
9555;74;"2026-09-16";"Present";"09:26:00";"17:24:00";7.65
9556;74;"2026-09-17";"Present";"10:03:00";"17:26:00";10.88
9557;74;"2026-09-18";"Present";"10:18:00";"18:23:00";9.98
9558;74;"2026-09-19";"Present";"09:00:00";"";8.33
9559;74;"2026-09-20";"Absent";"09:06:00";"17:50:00";8.87
9560;74;"2026-09-21";"Absent";"10:48:00";"17:21:00";6.25
9561;75;"2026-09-02";"Present";"09:23:00";"19:11:00";8.6
9562;75;"2026-09-03";"Present";"";"";8.7
9563;75;"2026-09-04";"Present";"08:40:00";"17:48:00";8.03
9564;75;"2026-09-05";"Work From Home";"09:50:00";"16:35:00";6.95
9565;75;"2026-09-06";"Absent";"";"17:52:00";8.77
9566;75;"2026-09-07";"Present";"10:30:00";"17:45:00";7.25
9567;75;"2026-09-08";"Present";"09:18:00";"17:19:00";7.83
9568;75;"2026-09-09";"Present";"08:24:00";"18:13:00";10.07
9569;75;"2026-09-10";"Present";"08:57:00";"19:56:00";7.7
9570;75;"2026-09-11";"Present";"";"18:05:00";7.68
9571;75;"2026-09-12";"Present";"08:01:00";"18:41:00";6.17
9572;75;"2026-09-13";"Present";"10:17:00";"16:57:00";10.85
9573;75;"2026-09-14";"Work From Home";"10:29:00";"19:07:00";5.87
9574;75;"2026-09-15";"Present";"";"18:19:00";9.78
9575;75;"2026-09-16";"Present";"08:01:00";"16:00:00";6.87
9576;75;"2026-09-17";"Absent";"09:32:00";"19:37:00";7.42
9577;75;"2026-09-18";"Work From Home";"08:57:00";"";7.03
9578;75;"2026-09-19";"Absent";"10:51:00";"17:19:00";9.77
9579;75;"2026-09-20";"Absent";"08:37:00";"18:45:00";10.13
9580;75;"2026-09-21";"Present";"";"16:37:00";8.68
9581;100;"2026-09-02";"Present";"";"17:34:00";8.4
9582;100;"2026-09-03";"Absent";"08:23:00";"";6.67
9583;100;"2026-09-04";"Present";"08:15:00";"";9.15
9584;100;"2026-09-05";"Present";"08:35:00";"18:17:00";9.7
9585;100;"2026-09-06";"Present";"";"";9.43
9586;100;"2026-09-07";"Present";"";"";10.25
9587;100;"2026-09-08";"Present";"";"16:55:00";0.0
9588;100;"2026-09-09";"Present";"10:24:00";"17:52:00";10.28
9589;100;"2026-09-10";"Present";"08:17:00";"";6.93
9590;100;"2026-09-11";"Present";"";"16:23:00";7.82
9591;100;"2026-09-12";"Present";"09:37:00";"";0.0
9592;100;"2026-09-13";"Present";"08:56:00";"";0.0
9593;100;"2026-09-14";"Present";"09:18:00";"16:08:00";8.13
9594;100;"2026-09-15";"Absent";"10:26:00";"17:36:00";7.83
9595;100;"2026-09-16";"Present";"09:40:00";"18:06:00";8.43
9596;100;"2026-09-17";"Present";"09:22:00";"19:40:00";10.27
9597;100;"2026-09-18";"Present";"09:56:00";"17:48:00";7.22
9598;100;"2026-09-19";"Present";"";"17:44:00";6.2
9599;100;"2026-09-20";"Present";"10:25:00";"19:16:00";8.85
9600;100;"2026-09-21";"Present";"";"";0.0
9601;113;"2026-09-02";"Absent";"10:21:00";"16:27:00";8.37
9602;113;"2026-09-03";"Absent";"08:33:00";"19:51:00";11.3
9603;113;"2026-09-04";"Present";"";"16:42:00";0.0
9604;113;"2026-09-05";"Absent";"08:08:00";"18:59:00";6.9
9605;113;"2026-09-06";"Absent";"08:04:00";"18:40:00";8.18
9606;113;"2026-09-07";"Present";"09:10:00";"17:47:00";7.52
9607;113;"2026-09-08";"Present";"";"19:16:00";7.02
9608;113;"2026-09-09";"Present";"08:44:00";"19:17:00";7.82
9609;113;"2026-09-10";"Present";"08:25:00";"";8.93
9610;113;"2026-09-11";"Present";"09:33:00";"";10.85
9611;113;"2026-09-12";"Present";"10:14:00";"16:54:00";6.67
9612;113;"2026-09-13";"Work From Home";"09:55:00";"18:51:00";8.62
9613;113;"2026-09-14";"Present";"";"17:38:00";0.0
9614;113;"2026-09-15";"Present";"10:06:00";"";0.0
9615;113;"2026-09-16";"Absent";"";"";5.33
9616;113;"2026-09-17";"Absent";"08:33:00";"16:51:00";8.3
9617;113;"2026-09-18";"Present";"";"18:46:00";9.52
9618;113;"2026-09-19";"Present";"";"18:48:00";0.0
9619;113;"2026-09-20";"Present";"10:54:00";"17:46:00";6.87
9620;113;"2026-09-21";"Present";"08:44:00";"16:02:00";8.02
9621;114;"2026-09-02";"Absent";"10:51:00";"16:00:00";7.52
9622;114;"2026-09-03";"Present";"08:12:00";"";7.97
9623;114;"2026-09-04";"Absent";"08:01:00";"16:41:00";8.67
9624;114;"2026-09-05";"Present";"08:56:00";"18:08:00";10.07
9625;114;"2026-09-06";"Present";"";"";8.58
9626;114;"2026-09-07";"Present";"";"";11.07
9627;114;"2026-09-08";"Present";"10:01:00";"19:10:00";8.17
9628;114;"2026-09-09";"Present";"08:15:00";"17:01:00";8.77
9629;114;"2026-09-10";"Present";"";"18:57:00";0.0
9630;114;"2026-09-11";"Present";"10:42:00";"17:12:00";6.8
9631;114;"2026-09-12";"Present";"08:40:00";"17:18:00";6.42
9632;114;"2026-09-13";"Present";"10:28:00";"";9.15
9633;114;"2026-09-14";"Present";"09:59:00";"18:24:00";8.78
9634;114;"2026-09-15";"Present";"10:41:00";"19:39:00";6.03
9635;114;"2026-09-16";"Absent";"08:22:00";"18:29:00";8.1
9636;114;"2026-09-17";"Present";"09:16:00";"17:11:00";8.13
9637;114;"2026-09-18";"Absent";"08:08:00";"17:03:00";9.83
9638;114;"2026-09-19";"Present";"";"17:24:00";0.0
9639;114;"2026-09-20";"Present";"08:53:00";"";5.87
9640;114;"2026-09-21";"Present";"09:57:00";"";0.0
9641;176;"2026-09-02";"Present";"10:13:00";"17:44:00";9.1
9642;176;"2026-09-03";"Present";"09:26:00";"19:43:00";7.77
9643;176;"2026-09-04";"Present";"";"18:33:00";0.0
9644;176;"2026-09-05";"Present";"09:12:00";"16:59:00";7.33
9645;176;"2026-09-06";"Present";"10:01:00";"18:24:00";8.38
9646;176;"2026-09-07";"Present";"";"18:07:00";0.0
9647;176;"2026-09-08";"Present";"09:41:00";"17:51:00";8.17
9648;176;"2026-09-09";"Present";"10:57:00";"19:55:00";8.97
9649;176;"2026-09-10";"Present";"09:43:00";"16:40:00";6.95
9650;176;"2026-09-11";"Present";"08:02:00";"";7.78
9651;176;"2026-09-12";"Present";"09:58:00";"17:38:00";7.67
9652;176;"2026-09-13";"Present";"10:41:00";"19:20:00";8.65
9653;176;"2026-09-14";"Present";"10:03:00";"";8.67
9654;176;"2026-09-15";"Absent";"08:13:00";"19:22:00";7.32
9655;176;"2026-09-16";"Present";"08:47:00";"18:12:00";8.08
9656;176;"2026-09-17";"Present";"";"16:27:00";6.25
9657;176;"2026-09-18";"Absent";"08:21:00";"18:28:00";8.57
9658;176;"2026-09-19";"Present";"";"16:07:00";6.7
9659;176;"2026-09-20";"Present";"09:33:00";"";0.0
9660;176;"2026-09-21";"Present";"08:27:00";"17:11:00";8.73
9661;177;"2026-09-02";"Absent";"10:07:00";"16:36:00";10.75
9662;177;"2026-09-03";"Present";"10:24:00";"18:53:00";11.88
9663;177;"2026-09-04";"Present";"08:32:00";"17:34:00";9.03
9664;177;"2026-09-05";"Present";"08:08:00";"";0.0
9665;177;"2026-09-06";"Present";"10:53:00";"";8.87
9666;177;"2026-09-07";"Present";"09:38:00";"";8.03
9667;177;"2026-09-08";"Present";"";"17:07:00";7.57
9668;177;"2026-09-09";"Present";"08:48:00";"19:02:00";10.23
9669;177;"2026-09-10";"Present";"09:24:00";"19:02:00";7.68
9670;177;"2026-09-11";"Present";"10:49:00";"17:41:00";10.23
9671;177;"2026-09-12";"Present";"";"";8.92
9672;177;"2026-09-13";"Present";"10:43:00";"17:56:00";7.22
9673;177;"2026-09-14";"Present";"08:55:00";"18:30:00";9.58
9674;177;"2026-09-15";"Absent";"";"18:33:00";0.0
9675;177;"2026-09-16";"Present";"08:59:00";"17:59:00";7.9
9676;177;"2026-09-17";"Present";"08:45:00";"19:22:00";7.63
9677;177;"2026-09-18";"Present";"08:44:00";"";7.37
9678;177;"2026-09-19";"Present";"09:28:00";"16:42:00";6.9
9679;177;"2026-09-20";"Absent";"08:05:00";"";0.0
9680;177;"2026-09-21";"Present";"";"18:06:00";0.0
9681;187;"2026-09-02";"Present";"10:07:00";"";8.37
9682;187;"2026-09-03";"Absent";"08:27:00";"18:16:00";9.82
9683;187;"2026-09-04";"Present";"08:07:00";"18:44:00";8.57
9684;187;"2026-09-05";"Present";"08:57:00";"17:13:00";9.58
9685;187;"2026-09-06";"Present";"08:56:00";"16:20:00";8.15
9686;187;"2026-09-07";"Present";"08:38:00";"";7.92
9687;187;"2026-09-08";"Present";"09:52:00";"17:01:00";7.15
9688;187;"2026-09-09";"Present";"09:06:00";"16:20:00";8.17
9689;187;"2026-09-10";"Work From Home";"10:24:00";"17:22:00";6.97
9690;187;"2026-09-11";"Absent";"";"";0.0
9691;187;"2026-09-12";"Present";"";"";8.28
9692;187;"2026-09-13";"Present";"08:43:00";"";9.03
9693;187;"2026-09-14";"Absent";"08:46:00";"";7.12
9694;187;"2026-09-15";"Present";"09:52:00";"16:09:00";6.63
9695;187;"2026-09-16";"Work From Home";"08:28:00";"16:26:00";10.1
9696;187;"2026-09-17";"Present";"10:13:00";"17:12:00";10.8
9697;187;"2026-09-18";"Present";"10:13:00";"16:16:00";11.08
9698;187;"2026-09-19";"Absent";"10:08:00";"17:38:00";9.15
9699;187;"2026-09-20";"Present";"09:49:00";"19:43:00";9.9
9700;187;"2026-09-21";"Present";"10:47:00";"19:22:00";9.37
9701;195;"2026-09-02";"Absent";"09:18:00";"18:49:00";9.52
9702;195;"2026-09-03";"Present";"";"19:56:00";10.05
9703;195;"2026-09-04";"Present";"";"16:36:00";0.0
9704;195;"2026-09-05";"Present";"";"19:16:00";0.0
9705;195;"2026-09-06";"Present";"10:38:00";"";0.0
9706;195;"2026-09-07";"Present";"10:56:00";"";9.67
9707;195;"2026-09-08";"Present";"09:35:00";"18:03:00";8.62
9708;195;"2026-09-09";"Present";"10:55:00";"";5.75
9709;195;"2026-09-10";"Present";"10:36:00";"19:35:00";6.97
9710;195;"2026-09-11";"Present";"08:48:00";"19:06:00";10.3
9711;195;"2026-09-12";"Present";"08:27:00";"17:49:00";9.37
9712;195;"2026-09-13";"Absent";"";"18:00:00";8.32
9713;195;"2026-09-14";"Present";"08:16:00";"";0.0
9714;195;"2026-09-15";"Present";"";"16:54:00";0.0
9715;195;"2026-09-16";"Present";"10:09:00";"19:30:00";5.95
9716;195;"2026-09-17";"Work From Home";"";"19:08:00";0.0
9717;195;"2026-09-18";"Present";"";"";0.0
9718;195;"2026-09-19";"Present";"10:43:00";"16:29:00";5.77
9719;195;"2026-09-20";"Absent";"";"16:51:00";9.2
9720;195;"2026-09-21";"Present";"08:57:00";"";8.3
9721;211;"2026-09-02";"Present";"10:20:00";"17:03:00";6.72
9722;211;"2026-09-03";"Present";"10:05:00";"16:09:00";9.27
9723;211;"2026-09-04";"Absent";"10:45:00";"19:45:00";9.07
9724;211;"2026-09-05";"Absent";"08:44:00";"";6.97
9725;211;"2026-09-06";"Present";"08:03:00";"17:03:00";10.07
9726;211;"2026-09-07";"Present";"09:07:00";"16:34:00";8.97
9727;211;"2026-09-08";"Present";"";"19:53:00";10.05
9728;211;"2026-09-09";"Present";"";"17:03:00";0.0
9729;211;"2026-09-10";"Present";"08:49:00";"17:26:00";9.22
9730;211;"2026-09-11";"Present";"";"16:20:00";9.88
9731;211;"2026-09-12";"Absent";"";"19:00:00";8.98
9732;211;"2026-09-13";"Present";"";"16:18:00";9.13
9733;211;"2026-09-14";"Present";"";"16:41:00";9.05
9734;211;"2026-09-15";"Present";"10:54:00";"19:55:00";6.68
9735;211;"2026-09-16";"Present";"08:46:00";"17:19:00";9.07
9736;211;"2026-09-17";"Present";"09:45:00";"19:19:00";7.0
9737;211;"2026-09-18";"Present";"";"17:32:00";0.0
9738;211;"2026-09-19";"Present";"";"18:11:00";9.63
9739;211;"2026-09-20";"Present";"09:50:00";"";0.0
9740;211;"2026-09-21";"Absent";"";"18:34:00";5.85
9741;221;"2026-09-02";"Present";"09:46:00";"16:08:00";8.97
9742;221;"2026-09-03";"Present";"10:59:00";"17:23:00";8.13
9743;221;"2026-09-04";"Present";"";"18:08:00";7.68
9744;221;"2026-09-05";"Present";"10:33:00";"18:22:00";8.98
9745;221;"2026-09-06";"Absent";"08:50:00";"18:11:00";9.05
9746;221;"2026-09-07";"Present";"";"16:03:00";0.0
9747;221;"2026-09-08";"Present";"10:02:00";"18:43:00";8.92
9748;221;"2026-09-09";"Absent";"09:39:00";"16:32:00";8.38
9749;221;"2026-09-10";"Present";"";"19:34:00";8.83
9750;221;"2026-09-11";"Present";"08:58:00";"";9.65
9751;221;"2026-09-12";"Present";"10:34:00";"";8.73
9752;221;"2026-09-13";"Present";"08:34:00";"17:44:00";10.42
9753;221;"2026-09-14";"Present";"08:02:00";"16:45:00";8.72
9754;221;"2026-09-15";"Present";"";"17:07:00";7.2
9755;221;"2026-09-16";"Present";"";"19:51:00";0.0
9756;221;"2026-09-17";"Present";"08:44:00";"16:51:00";8.12
9757;221;"2026-09-18";"Present";"08:21:00";"18:48:00";10.45
9758;221;"2026-09-19";"Absent";"08:27:00";"16:34:00";6.32
9759;221;"2026-09-20";"Work From Home";"10:33:00";"";9.15
9760;221;"2026-09-21";"Present";"08:08:00";"19:29:00";11.1
9761;223;"2026-09-02";"Present";"09:43:00";"";5.23
9762;223;"2026-09-03";"Present";"08:36:00";"18:07:00";10.7
9763;223;"2026-09-04";"Present";"08:58:00";"";7.47
9764;223;"2026-09-05";"Present";"10:04:00";"19:56:00";7.15
9765;223;"2026-09-06";"Absent";"08:38:00";"18:33:00";9.92
9766;223;"2026-09-07";"Present";"08:00:00";"17:49:00";6.92
9767;223;"2026-09-08";"Present";"10:49:00";"19:40:00";8.4
9768;223;"2026-09-09";"Present";"09:42:00";"";0.0
9769;223;"2026-09-10";"Absent";"09:00:00";"";9.15
9770;223;"2026-09-11";"Present";"08:09:00";"17:09:00";10.22
9771;223;"2026-09-12";"Present";"";"19:35:00";6.17
9772;223;"2026-09-13";"Absent";"";"17:11:00";6.98
9773;223;"2026-09-14";"Present";"08:38:00";"17:03:00";8.42
9774;223;"2026-09-15";"Absent";"08:14:00";"";9.25
9775;223;"2026-09-16";"Present";"";"";10.12
9776;223;"2026-09-17";"Absent";"09:39:00";"19:17:00";6.8
9777;223;"2026-09-18";"Absent";"09:50:00";"19:14:00";9.4
9778;223;"2026-09-19";"Present";"09:31:00";"";7.32
9779;223;"2026-09-20";"Absent";"08:53:00";"";0.0
9780;223;"2026-09-21";"Absent";"10:40:00";"16:31:00";7.72
9781;226;"2026-09-02";"Work From Home";"";"17:46:00";10.38
9782;226;"2026-09-03";"Present";"09:01:00";"16:39:00";7.08
9783;226;"2026-09-04";"Present";"09:34:00";"17:02:00";6.78
9784;226;"2026-09-05";"Present";"10:12:00";"";9.27
9785;226;"2026-09-06";"Absent";"10:00:00";"16:03:00";6.05
9786;226;"2026-09-07";"Absent";"09:50:00";"18:21:00";8.52
9787;226;"2026-09-08";"Present";"";"18:47:00";10.42
9788;226;"2026-09-09";"Present";"09:12:00";"";9.22
9789;226;"2026-09-10";"Present";"08:18:00";"18:47:00";8.62
9790;226;"2026-09-11";"Present";"09:09:00";"17:59:00";10.55
9791;226;"2026-09-12";"Absent";"";"17:32:00";0.0
9792;226;"2026-09-13";"Work From Home";"09:13:00";"16:19:00";8.73
9793;226;"2026-09-14";"Absent";"";"";5.78
9794;226;"2026-09-15";"Present";"10:04:00";"18:38:00";8.22
9795;226;"2026-09-16";"Present";"08:12:00";"19:42:00";10.33
9796;226;"2026-09-17";"Present";"09:56:00";"17:13:00";8.65
9797;226;"2026-09-18";"Present";"";"19:04:00";8.05
9798;226;"2026-09-19";"Work From Home";"09:06:00";"16:42:00";7.27
9799;226;"2026-09-20";"Present";"10:06:00";"";8.37
9800;226;"2026-09-21";"Present";"09:45:00";"17:50:00";9.03
9801;232;"2026-09-02";"Present";"10:19:00";"19:25:00";9.77
9802;232;"2026-09-03";"Present";"09:57:00";"19:38:00";8.58
9803;232;"2026-09-04";"Present";"08:08:00";"16:07:00";9.68
9804;232;"2026-09-05";"Present";"08:03:00";"17:41:00";7.65
9805;232;"2026-09-06";"Present";"";"";0.0
9806;232;"2026-09-07";"Present";"10:43:00";"";6.43
9807;232;"2026-09-08";"Present";"10:37:00";"";7.32
9808;232;"2026-09-09";"Present";"09:23:00";"";0.0
9809;232;"2026-09-10";"Present";"";"18:37:00";7.47
9810;232;"2026-09-11";"Present";"";"16:25:00";9.4
9811;232;"2026-09-12";"Present";"";"16:01:00";10.57
9812;232;"2026-09-13";"Absent";"10:56:00";"17:24:00";7.18
9813;232;"2026-09-14";"Present";"09:16:00";"19:13:00";9.95
9814;232;"2026-09-15";"Present";"08:42:00";"18:20:00";9.63
9815;232;"2026-09-16";"Present";"10:21:00";"19:41:00";6.8
9816;232;"2026-09-17";"Work From Home";"10:53:00";"16:38:00";9.02
9817;232;"2026-09-18";"Present";"08:31:00";"17:27:00";9.1
9818;232;"2026-09-19";"Present";"";"17:47:00";8.87
9819;232;"2026-09-20";"Present";"10:31:00";"";7.22
9820;232;"2026-09-21";"Present";"08:22:00";"";0.0
9821;233;"2026-09-02";"Present";"09:34:00";"17:20:00";6.72
9822;233;"2026-09-03";"Absent";"09:53:00";"18:35:00";8.7
9823;233;"2026-09-04";"Present";"";"";0.0
9824;233;"2026-09-05";"Present";"10:06:00";"";0.0
9825;233;"2026-09-06";"Present";"";"";0.0
9826;233;"2026-09-07";"On Leave";"";"17:55:00";0.0
9827;233;"2026-09-08";"Work From Home";"10:09:00";"17:11:00";8.03
9828;233;"2026-09-09";"Present";"";"16:54:00";9.7
9829;233;"2026-09-10";"Absent";"08:53:00";"16:41:00";10.5
9830;233;"2026-09-11";"Present";"09:56:00";"17:23:00";9.22
9831;233;"2026-09-12";"Present";"";"";0.0
9832;233;"2026-09-13";"Present";"10:18:00";"17:04:00";9.72
9833;233;"2026-09-14";"Absent";"";"19:41:00";9.33
9834;233;"2026-09-15";"Present";"";"";11.57
9835;233;"2026-09-16";"Present";"";"16:14:00";8.08
9836;233;"2026-09-17";"Present";"";"18:46:00";5.22
9837;233;"2026-09-18";"Present";"08:12:00";"17:24:00";8.33
9838;233;"2026-09-19";"Present";"08:35:00";"19:07:00";9.43
9839;233;"2026-09-20";"Present";"08:32:00";"19:45:00";11.22
9840;233;"2026-09-21";"Absent";"09:55:00";"17:44:00";7.82
9841;241;"2026-09-02";"Present";"";"";6.7
9842;241;"2026-09-03";"Present";"08:46:00";"";7.55
9843;241;"2026-09-04";"Present";"09:34:00";"19:20:00";9.77
9844;241;"2026-09-05";"Absent";"";"18:58:00";7.93
9845;241;"2026-09-06";"Present";"10:59:00";"";8.08
9846;241;"2026-09-07";"Present";"";"17:50:00";0.0
9847;241;"2026-09-08";"Present";"10:09:00";"";7.13
9848;241;"2026-09-09";"Present";"08:55:00";"19:39:00";8.92
9849;241;"2026-09-10";"Absent";"09:28:00";"18:36:00";9.82
9850;241;"2026-09-11";"Present";"08:54:00";"";7.1
9851;241;"2026-09-12";"Present";"09:59:00";"16:21:00";5.35
9852;241;"2026-09-13";"Present";"";"17:18:00";5.95
9853;241;"2026-09-14";"Present";"";"18:05:00";0.0
9854;241;"2026-09-15";"Present";"08:36:00";"18:31:00";6.72
9855;241;"2026-09-16";"Present";"09:30:00";"16:34:00";9.93
9856;241;"2026-09-17";"Present";"09:10:00";"16:30:00";6.72
9857;241;"2026-09-18";"Present";"08:10:00";"";0.0
9858;241;"2026-09-19";"Present";"08:20:00";"18:10:00";9.83
9859;241;"2026-09-20";"Present";"";"16:40:00";0.0
9860;241;"2026-09-21";"Present";"08:19:00";"17:46:00";10.93
9861;287;"2026-09-02";"Present";"10:24:00";"18:33:00";8.15
9862;287;"2026-09-03";"Present";"";"";8.53
9863;287;"2026-09-04";"Present";"08:24:00";"19:52:00";6.02
9864;287;"2026-09-05";"Present";"";"";0.0
9865;287;"2026-09-06";"Present";"09:30:00";"18:40:00";8.82
9866;287;"2026-09-07";"Absent";"08:17:00";"";10.05
9867;287;"2026-09-08";"Present";"08:11:00";"";0.0
9868;287;"2026-09-09";"Absent";"09:16:00";"";0.0
9869;287;"2026-09-10";"Absent";"08:05:00";"19:28:00";11.38
9870;287;"2026-09-11";"Absent";"";"18:50:00";6.85
9871;287;"2026-09-12";"Work From Home";"09:55:00";"16:05:00";8.48
9872;287;"2026-09-13";"Present";"";"16:39:00";10.27
9873;287;"2026-09-14";"Present";"09:52:00";"16:18:00";8.67
9874;287;"2026-09-15";"Absent";"08:00:00";"18:31:00";10.52
9875;287;"2026-09-16";"Present";"10:34:00";"";5.82
9876;287;"2026-09-17";"Present";"08:25:00";"18:42:00";7.95
9877;287;"2026-09-18";"Present";"";"17:08:00";9.42
9878;287;"2026-09-19";"Present";"08:26:00";"";8.13
9879;287;"2026-09-20";"Present";"09:18:00";"19:43:00";10.42
9880;287;"2026-09-21";"Absent";"";"18:13:00";8.5
9881;304;"2026-09-02";"Present";"09:49:00";"17:12:00";9.48
9882;304;"2026-09-03";"Work From Home";"10:14:00";"18:10:00";8.73
9883;304;"2026-09-04";"Present";"08:37:00";"19:56:00";7.92
9884;304;"2026-09-05";"Absent";"10:21:00";"17:28:00";8.95
9885;304;"2026-09-06";"Present";"";"19:30:00";0.0
9886;304;"2026-09-07";"Present";"08:09:00";"19:39:00";11.5
9887;304;"2026-09-08";"Present";"08:29:00";"";6.97
9888;304;"2026-09-09";"Present";"08:19:00";"18:36:00";10.28
9889;304;"2026-09-10";"Present";"";"17:21:00";0.0
9890;304;"2026-09-11";"Absent";"";"";6.52
9891;304;"2026-09-12";"Present";"10:02:00";"";0.0
9892;304;"2026-09-13";"Present";"10:50:00";"18:03:00";7.58
9893;304;"2026-09-14";"Absent";"08:20:00";"19:37:00";8.83
9894;304;"2026-09-15";"Absent";"10:23:00";"18:58:00";8.58
9895;304;"2026-09-16";"Present";"10:05:00";"19:38:00";9.55
9896;304;"2026-09-17";"On Leave";"";"16:36:00";10.53
9897;304;"2026-09-18";"Present";"";"17:32:00";0.0
9898;304;"2026-09-19";"Absent";"";"18:23:00";8.42
9899;304;"2026-09-20";"Present";"10:38:00";"16:35:00";7.98
9900;304;"2026-09-21";"Present";"09:28:00";"16:09:00";5.2
9901;316;"2026-09-02";"Work From Home";"09:21:00";"17:18:00";6.73
9902;316;"2026-09-03";"Present";"";"19:17:00";7.28
9903;316;"2026-09-04";"Present";"";"";9.5
9904;316;"2026-09-05";"Present";"10:28:00";"18:20:00";6.9
9905;316;"2026-09-06";"Present";"08:40:00";"";8.38
9906;316;"2026-09-07";"Present";"";"17:12:00";6.2
9907;316;"2026-09-08";"Present";"09:18:00";"19:05:00";8.23
9908;316;"2026-09-09";"Absent";"10:35:00";"17:25:00";7.97
9909;316;"2026-09-10";"Absent";"";"";0.0
9910;316;"2026-09-11";"Present";"10:17:00";"16:05:00";9.83
9911;316;"2026-09-12";"Present";"09:31:00";"19:53:00";10.37
9912;316;"2026-09-13";"Present";"09:30:00";"18:23:00";7.37
9913;316;"2026-09-14";"Absent";"08:54:00";"";7.97
9914;316;"2026-09-15";"Present";"09:44:00";"17:33:00";7.67
9915;316;"2026-09-16";"Present";"08:13:00";"16:35:00";9.87
9916;316;"2026-09-17";"Present";"08:03:00";"17:26:00";11.27
9917;316;"2026-09-18";"Present";"08:56:00";"17:48:00";8.87
9918;316;"2026-09-19";"Present";"08:22:00";"19:46:00";11.4
9919;316;"2026-09-20";"Absent";"09:25:00";"";5.52
9920;316;"2026-09-21";"Present";"08:42:00";"17:31:00";7.93
9921;331;"2026-09-02";"Absent";"10:04:00";"17:44:00";7.67
9922;331;"2026-09-03";"Present";"";"";0.0
9923;331;"2026-09-04";"Absent";"";"";0.0
9924;331;"2026-09-05";"Present";"";"18:39:00";6.73
9925;331;"2026-09-06";"Present";"08:32:00";"";7.68
9926;331;"2026-09-07";"Present";"08:38:00";"17:45:00";9.12
9927;331;"2026-09-08";"Present";"09:36:00";"";9.25
9928;331;"2026-09-09";"Present";"08:25:00";"19:08:00";10.72
9929;331;"2026-09-10";"Present";"08:00:00";"18:36:00";10.98
9930;331;"2026-09-11";"Present";"";"";8.03
9931;331;"2026-09-12";"Present";"10:42:00";"";9.53
9932;331;"2026-09-13";"Present";"";"17:51:00";9.85
9933;331;"2026-09-14";"Absent";"08:28:00";"16:12:00";7.97
9934;331;"2026-09-15";"Present";"09:23:00";"";8.53
9935;331;"2026-09-16";"Present";"09:18:00";"17:16:00";8.48
9936;331;"2026-09-17";"Present";"";"19:07:00";0.0
9937;331;"2026-09-18";"Present";"09:12:00";"18:31:00";6.78
9938;331;"2026-09-19";"Present";"10:06:00";"18:08:00";8.1
9939;331;"2026-09-20";"Present";"09:46:00";"17:57:00";8.2
9940;331;"2026-09-21";"Absent";"10:32:00";"17:04:00";6.53
9941;340;"2026-09-02";"Work From Home";"09:50:00";"16:05:00";6.25
9942;340;"2026-09-03";"Present";"09:13:00";"18:00:00";8.78
9943;340;"2026-09-04";"Present";"08:17:00";"16:32:00";8.9
9944;340;"2026-09-05";"Present";"";"";0.0
9945;340;"2026-09-06";"Present";"10:56:00";"";7.67
9946;340;"2026-09-07";"Absent";"10:46:00";"";9.07
9947;340;"2026-09-08";"Present";"";"19:52:00";0.0
9948;340;"2026-09-09";"Present";"";"";6.45
9949;340;"2026-09-10";"Present";"09:01:00";"18:43:00";7.3
9950;340;"2026-09-11";"Absent";"10:26:00";"16:30:00";7.5
9951;340;"2026-09-12";"Present";"08:04:00";"";8.48
9952;340;"2026-09-13";"Present";"08:19:00";"17:40:00";10.0
9953;340;"2026-09-14";"Present";"";"18:11:00";9.73
9954;340;"2026-09-15";"Absent";"08:19:00";"19:23:00";8.73
9955;340;"2026-09-16";"Present";"10:49:00";"17:19:00";10.47
9956;340;"2026-09-17";"Present";"08:00:00";"16:08:00";7.53
9957;340;"2026-09-18";"Work From Home";"09:21:00";"18:00:00";8.65
9958;340;"2026-09-19";"Absent";"08:12:00";"17:42:00";11.3
9959;340;"2026-09-20";"Work From Home";"08:52:00";"";0.0
9960;340;"2026-09-21";"Present";"09:47:00";"";0.0
9961;348;"2026-09-02";"Absent";"09:57:00";"18:10:00";8.22
9962;348;"2026-09-03";"Present";"10:55:00";"19:18:00";8.38
9963;348;"2026-09-04";"Absent";"";"18:42:00";8.77
9964;348;"2026-09-05";"Present";"08:30:00";"17:35:00";6.37
9965;348;"2026-09-06";"Absent";"";"18:19:00";0.0
9966;348;"2026-09-07";"Present";"10:59:00";"17:03:00";8.18
9967;348;"2026-09-08";"Absent";"08:08:00";"17:48:00";10.22
9968;348;"2026-09-09";"Present";"09:30:00";"17:10:00";7.27
9969;348;"2026-09-10";"Present";"";"19:01:00";5.08
9970;348;"2026-09-11";"Present";"09:58:00";"18:06:00";8.13
9971;348;"2026-09-12";"Absent";"10:24:00";"";0.0
9972;348;"2026-09-13";"Present";"09:44:00";"19:55:00";9.12
9973;348;"2026-09-14";"Present";"08:35:00";"17:46:00";10.72
9974;348;"2026-09-15";"Present";"09:09:00";"17:55:00";6.25
9975;348;"2026-09-16";"Work From Home";"";"18:44:00";8.47
9976;348;"2026-09-17";"Present";"10:19:00";"17:58:00";5.6
9977;348;"2026-09-18";"Present";"08:45:00";"16:42:00";6.37
9978;348;"2026-09-19";"Present";"10:14:00";"16:18:00";10.95
9979;348;"2026-09-20";"Present";"";"19:04:00";8.6
9980;348;"2026-09-21";"Present";"09:13:00";"";7.92
9981;349;"2026-09-02";"Present";"08:31:00";"17:58:00";9.45
9982;349;"2026-09-03";"Present";"09:14:00";"18:11:00";9.8
9983;349;"2026-09-04";"Present";"10:22:00";"17:52:00";5.57
9984;349;"2026-09-05";"Present";"";"18:23:00";0.0
9985;349;"2026-09-06";"Present";"09:54:00";"17:39:00";7.75
9986;349;"2026-09-07";"Absent";"10:15:00";"16:43:00";9.73
9987;349;"2026-09-08";"Present";"";"17:10:00";9.42
9988;349;"2026-09-09";"Absent";"09:19:00";"18:36:00";9.28
9989;349;"2026-09-10";"Present";"";"16:03:00";0.0
9990;349;"2026-09-11";"Present";"08:22:00";"";0.0
9991;349;"2026-09-12";"Present";"09:49:00";"19:27:00";7.83
9992;349;"2026-09-13";"Present";"09:14:00";"19:26:00";9.05
9993;349;"2026-09-14";"Present";"10:02:00";"18:02:00";9.25
9994;349;"2026-09-15";"Absent";"08:47:00";"19:31:00";6.53
9995;349;"2026-09-16";"Absent";"08:08:00";"";8.45
9996;349;"2026-09-17";"Present";"10:12:00";"";7.5
9997;349;"2026-09-18";"Present";"";"17:08:00";9.67
9998;349;"2026-09-19";"Present";"";"18:16:00";8.8
9999;349;"2026-09-20";"Present";"09:05:00";"19:22:00";10.48
10000;349;"2026-09-21";"Present";"08:38:00";"";0.0
10001;356;"2026-09-02";"Present";"08:06:00";"18:42:00";6.63
10002;356;"2026-09-03";"Work From Home";"";"";5.95
10003;356;"2026-09-04";"Present";"10:30:00";"19:37:00";9.12
10004;356;"2026-09-05";"Present";"08:35:00";"17:37:00";8.33
10005;356;"2026-09-06";"Present";"08:29:00";"18:55:00";10.43
10006;356;"2026-09-07";"Absent";"10:30:00";"16:52:00";7.72
10007;356;"2026-09-08";"Present";"09:32:00";"";6.85
10008;356;"2026-09-09";"Absent";"08:28:00";"19:41:00";9.1
10009;356;"2026-09-10";"Absent";"08:17:00";"17:09:00";8.87
10010;356;"2026-09-11";"Work From Home";"";"18:01:00";9.5
10011;356;"2026-09-12";"Present";"08:33:00";"19:39:00";9.27
10012;356;"2026-09-13";"Present";"09:54:00";"17:54:00";9.25
10013;356;"2026-09-14";"Absent";"08:33:00";"17:07:00";5.65
10014;356;"2026-09-15";"Present";"08:50:00";"";0.0
10015;356;"2026-09-16";"Present";"09:28:00";"16:56:00";6.28
10016;356;"2026-09-17";"Present";"";"18:23:00";10.93
10017;356;"2026-09-18";"Present";"09:34:00";"";0.0
10018;356;"2026-09-19";"Present";"08:30:00";"19:38:00";11.13
10019;356;"2026-09-20";"Present";"10:21:00";"18:58:00";8.32
10020;356;"2026-09-21";"Absent";"10:14:00";"";6.95
10021;365;"2026-09-02";"Present";"08:41:00";"16:05:00";10.48
10022;365;"2026-09-03";"Present";"";"18:14:00";6.87
10023;365;"2026-09-04";"Present";"10:17:00";"18:30:00";7.63
10024;365;"2026-09-05";"Present";"09:41:00";"17:52:00";6.0
10025;365;"2026-09-06";"Present";"08:15:00";"19:54:00";8.82
10026;365;"2026-09-07";"Present";"09:52:00";"17:20:00";8.53
10027;365;"2026-09-08";"Present";"08:33:00";"17:25:00";9.12
10028;365;"2026-09-09";"Present";"08:10:00";"19:13:00";6.78
10029;365;"2026-09-10";"Absent";"09:09:00";"18:42:00";8.67
10030;365;"2026-09-11";"Present";"08:26:00";"";7.18
10031;365;"2026-09-12";"Present";"10:31:00";"16:28:00";5.95
10032;365;"2026-09-13";"Present";"";"19:28:00";9.38
10033;365;"2026-09-14";"Present";"09:54:00";"18:58:00";5.78
10034;365;"2026-09-15";"Present";"";"";7.02
10035;365;"2026-09-16";"Present";"10:14:00";"";7.03
10036;365;"2026-09-17";"Present";"08:01:00";"18:25:00";10.65
10037;365;"2026-09-18";"Present";"08:14:00";"19:25:00";8.85
10038;365;"2026-09-19";"Present";"09:05:00";"";5.48
10039;365;"2026-09-20";"Present";"08:03:00";"";0.0
10040;365;"2026-09-21";"Present";"08:06:00";"";11.57
10041;399;"2026-09-02";"Present";"09:17:00";"";8.53
10042;399;"2026-09-03";"Present";"09:23:00";"";8.75
10043;399;"2026-09-04";"Absent";"";"";8.32
10044;399;"2026-09-05";"Present";"";"19:44:00";10.95
10045;399;"2026-09-06";"Present";"09:43:00";"18:27:00";8.43
10046;399;"2026-09-07";"Present";"";"16:19:00";9.07
10047;399;"2026-09-08";"Present";"10:04:00";"17:53:00";9.07
10048;399;"2026-09-09";"Absent";"09:30:00";"";0.0
10049;399;"2026-09-10";"Present";"";"";8.22
10050;399;"2026-09-11";"Present";"08:07:00";"16:42:00";9.58
10051;399;"2026-09-12";"Present";"09:11:00";"";9.43
10052;399;"2026-09-13";"Present";"";"16:22:00";5.53
10053;399;"2026-09-14";"Absent";"09:56:00";"19:30:00";7.57
10054;399;"2026-09-15";"Present";"";"18:01:00";7.92
10055;399;"2026-09-16";"Absent";"08:48:00";"16:35:00";7.78
10056;399;"2026-09-17";"Absent";"";"19:59:00";8.78
10057;399;"2026-09-18";"Present";"09:23:00";"16:07:00";6.73
10058;399;"2026-09-19";"Present";"10:36:00";"";8.67
10059;399;"2026-09-20";"Present";"";"19:02:00";10.92
10060;399;"2026-09-21";"Absent";"08:04:00";"18:15:00";5.85
10061;405;"2026-09-02";"Present";"";"17:45:00";8.93
10062;405;"2026-09-03";"Present";"09:48:00";"18:09:00";5.87
10063;405;"2026-09-04";"Present";"10:07:00";"16:31:00";6.4
10064;405;"2026-09-05";"Present";"";"";0.0
10065;405;"2026-09-06";"Present";"09:40:00";"";7.7
10066;405;"2026-09-07";"Absent";"08:55:00";"16:44:00";8.55
10067;405;"2026-09-08";"Present";"";"";9.78
10068;405;"2026-09-09";"Absent";"";"17:49:00";9.45
10069;405;"2026-09-10";"Absent";"10:40:00";"17:25:00";6.75
10070;405;"2026-09-11";"Present";"09:37:00";"18:05:00";9.07
10071;405;"2026-09-12";"Present";"08:38:00";"";11.38
10072;405;"2026-09-13";"Present";"";"18:55:00";9.43
10073;405;"2026-09-14";"Absent";"10:55:00";"";7.3
10074;405;"2026-09-15";"Present";"";"";6.98
10075;405;"2026-09-16";"Present";"09:35:00";"17:02:00";7.35
10076;405;"2026-09-17";"Present";"10:42:00";"";7.97
10077;405;"2026-09-18";"Present";"10:30:00";"18:46:00";5.97
10078;405;"2026-09-19";"Absent";"10:43:00";"16:02:00";6.77
10079;405;"2026-09-20";"Present";"10:47:00";"";11.45
10080;405;"2026-09-21";"Present";"10:08:00";"18:42:00";8.57
10081;413;"2026-09-02";"Present";"";"17:17:00";7.85
10082;413;"2026-09-03";"Present";"08:53:00";"18:58:00";10.08
10083;413;"2026-09-04";"Present";"";"18:52:00";8.5
10084;413;"2026-09-05";"Present";"10:37:00";"18:12:00";7.58
10085;413;"2026-09-06";"Present";"10:58:00";"17:26:00";6.47
10086;413;"2026-09-07";"Present";"09:27:00";"17:17:00";8.75
10087;413;"2026-09-08";"Absent";"08:55:00";"";10.28
10088;413;"2026-09-09";"Present";"";"19:47:00";6.47
10089;413;"2026-09-10";"Present";"10:16:00";"17:56:00";9.52
10090;413;"2026-09-11";"Absent";"09:21:00";"18:53:00";9.53
10091;413;"2026-09-12";"Present";"10:54:00";"";10.53
10092;413;"2026-09-13";"Absent";"08:45:00";"18:07:00";8.57
10093;413;"2026-09-14";"Present";"08:20:00";"";8.97
10094;413;"2026-09-15";"Absent";"08:41:00";"19:42:00";8.85
10095;413;"2026-09-16";"Work From Home";"10:41:00";"18:56:00";9.22
10096;413;"2026-09-17";"Present";"10:38:00";"18:48:00";9.23
10097;413;"2026-09-18";"Present";"";"19:59:00";10.67
10098;413;"2026-09-19";"Present";"09:15:00";"16:25:00";7.17
10099;413;"2026-09-20";"Present";"";"16:47:00";10.0
10100;413;"2026-09-21";"Present";"08:49:00";"19:16:00";8.35
10101;415;"2026-09-02";"Present";"10:30:00";"17:04:00";6.8
10102;415;"2026-09-03";"Present";"08:14:00";"18:04:00";10.1
10103;415;"2026-09-04";"Absent";"10:00:00";"18:03:00";11.7
10104;415;"2026-09-05";"Present";"10:22:00";"19:04:00";10.2
10105;415;"2026-09-06";"Absent";"";"16:37:00";6.73
10106;415;"2026-09-07";"Work From Home";"";"17:37:00";9.45
10107;415;"2026-09-08";"Present";"08:57:00";"17:13:00";7.4
10108;415;"2026-09-09";"Present";"09:09:00";"18:04:00";8.63
10109;415;"2026-09-10";"Absent";"08:56:00";"17:37:00";8.68
10110;415;"2026-09-11";"Present";"09:01:00";"";9.0
10111;415;"2026-09-12";"Absent";"08:11:00";"19:41:00";10.2
10112;415;"2026-09-13";"Present";"";"16:15:00";8.3
10113;415;"2026-09-14";"Present";"09:15:00";"";0.0
10114;415;"2026-09-15";"Present";"10:35:00";"19:18:00";8.3
10115;415;"2026-09-16";"Present";"09:39:00";"";8.08
10116;415;"2026-09-17";"Present";"08:38:00";"";0.0
10117;415;"2026-09-18";"Present";"";"18:31:00";8.0
10118;415;"2026-09-19";"Present";"";"";7.35
10119;415;"2026-09-20";"Absent";"09:08:00";"16:28:00";7.12
10120;415;"2026-09-21";"Present";"08:03:00";"17:19:00";9.9
10121;417;"2026-09-02";"Present";"08:15:00";"16:31:00";8.5
10122;417;"2026-09-03";"Present";"08:07:00";"";10.18
10123;417;"2026-09-04";"Present";"10:27:00";"17:13:00";6.77
10124;417;"2026-09-05";"Absent";"09:45:00";"";7.77
10125;417;"2026-09-06";"Present";"10:11:00";"17:47:00";10.1
10126;417;"2026-09-07";"Present";"";"19:46:00";9.97
10127;417;"2026-09-08";"Present";"10:42:00";"17:39:00";6.75
10128;417;"2026-09-09";"Present";"09:55:00";"18:19:00";8.4
10129;417;"2026-09-10";"Present";"08:33:00";"16:12:00";7.65
10130;417;"2026-09-11";"Present";"08:23:00";"19:29:00";11.1
10131;417;"2026-09-12";"Present";"10:55:00";"";7.7
10132;417;"2026-09-13";"Absent";"10:13:00";"16:12:00";6.15
10133;417;"2026-09-14";"Present";"08:14:00";"18:43:00";10.02
10134;417;"2026-09-15";"Present";"09:35:00";"18:00:00";9.2
10135;417;"2026-09-16";"Absent";"10:33:00";"19:42:00";9.15
10136;417;"2026-09-17";"Present";"10:19:00";"19:46:00";7.15
10137;417;"2026-09-18";"Absent";"";"";0.0
10138;417;"2026-09-19";"Present";"10:01:00";"19:53:00";9.87
10139;417;"2026-09-20";"Present";"10:19:00";"18:18:00";8.98
10140;417;"2026-09-21";"On Leave";"08:20:00";"19:13:00";9.37
10141;435;"2026-09-02";"Present";"08:04:00";"16:44:00";9.83
10142;435;"2026-09-03";"Present";"10:33:00";"18:21:00";8.48
10143;435;"2026-09-04";"Absent";"";"19:03:00";0.0
10144;435;"2026-09-05";"Present";"08:07:00";"19:25:00";7.23
10145;435;"2026-09-06";"Present";"";"";8.83
10146;435;"2026-09-07";"Absent";"09:48:00";"16:56:00";8.48
10147;435;"2026-09-08";"Absent";"09:05:00";"";9.55
10148;435;"2026-09-09";"Absent";"";"16:57:00";8.7
10149;435;"2026-09-10";"Present";"09:40:00";"17:23:00";9.47
10150;435;"2026-09-11";"Present";"09:38:00";"18:05:00";8.1
10151;435;"2026-09-12";"Absent";"10:45:00";"17:25:00";6.67
10152;435;"2026-09-13";"Work From Home";"10:58:00";"17:49:00";6.33
10153;435;"2026-09-14";"Present";"";"18:35:00";8.67
10154;435;"2026-09-15";"Present";"09:10:00";"17:20:00";10.17
10155;435;"2026-09-16";"Absent";"08:40:00";"16:56:00";9.1
10156;435;"2026-09-17";"Present";"";"";6.85
10157;435;"2026-09-18";"Absent";"08:07:00";"";0.0
10158;435;"2026-09-19";"Present";"10:01:00";"17:45:00";7.0
10159;435;"2026-09-20";"Present";"08:42:00";"17:18:00";7.83
10160;435;"2026-09-21";"Present";"10:58:00";"16:55:00";9.18
10161;436;"2026-09-02";"Present";"08:48:00";"";9.2
10162;436;"2026-09-03";"Present";"";"16:29:00";0.0
10163;436;"2026-09-04";"Present";"10:56:00";"19:28:00";8.53
10164;436;"2026-09-05";"Present";"10:00:00";"19:09:00";9.15
10165;436;"2026-09-06";"Present";"09:15:00";"19:36:00";10.35
10166;436;"2026-09-07";"Present";"09:02:00";"18:57:00";10.25
10167;436;"2026-09-08";"Present";"";"17:49:00";0.0
10168;436;"2026-09-09";"Present";"09:59:00";"17:16:00";7.47
10169;436;"2026-09-10";"Present";"09:32:00";"";6.92
10170;436;"2026-09-11";"Work From Home";"10:09:00";"17:27:00";6.85
10171;436;"2026-09-12";"Absent";"";"18:52:00";11.03
10172;436;"2026-09-13";"Present";"08:03:00";"";7.52
10173;436;"2026-09-14";"Present";"08:09:00";"18:13:00";10.02
10174;436;"2026-09-15";"Absent";"08:07:00";"19:15:00";11.13
10175;436;"2026-09-16";"Present";"08:25:00";"19:36:00";9.48
10176;436;"2026-09-17";"Present";"08:29:00";"17:21:00";8.87
10177;436;"2026-09-18";"Present";"09:12:00";"19:38:00";8.72
10178;436;"2026-09-19";"Present";"09:32:00";"18:14:00";9.13
10179;436;"2026-09-20";"Present";"09:09:00";"18:13:00";8.67
10180;436;"2026-09-21";"Absent";"10:32:00";"19:42:00";9.17
10181;468;"2026-09-02";"Absent";"08:06:00";"16:45:00";5.68
10182;468;"2026-09-03";"Present";"10:26:00";"";6.18
10183;468;"2026-09-04";"Absent";"10:13:00";"16:05:00";5.87
10184;468;"2026-09-05";"Present";"10:48:00";"16:41:00";8.0
10185;468;"2026-09-06";"Absent";"08:18:00";"19:51:00";6.58
10186;468;"2026-09-07";"Present";"10:03:00";"16:44:00";8.65
10187;468;"2026-09-08";"Present";"10:02:00";"";7.98
10188;468;"2026-09-09";"Absent";"10:35:00";"18:32:00";8.5
10189;468;"2026-09-10";"Present";"";"";0.0
10190;468;"2026-09-11";"Absent";"";"18:26:00";0.0
10191;468;"2026-09-12";"Present";"08:13:00";"18:02:00";6.4
10192;468;"2026-09-13";"Present";"08:39:00";"18:22:00";11.8
10193;468;"2026-09-14";"Present";"09:49:00";"19:10:00";8.88
10194;468;"2026-09-15";"Present";"09:55:00";"18:58:00";9.05
10195;468;"2026-09-16";"Present";"";"19:23:00";6.78
10196;468;"2026-09-17";"Present";"10:49:00";"19:55:00";9.1
10197;468;"2026-09-18";"Absent";"10:49:00";"16:16:00";5.45
10198;468;"2026-09-19";"Absent";"08:02:00";"18:00:00";5.75
10199;468;"2026-09-20";"Present";"10:35:00";"16:09:00";7.75
10200;468;"2026-09-21";"Absent";"09:10:00";"16:23:00";6.72
10201;474;"2026-09-02";"Present";"";"19:58:00";8.03
10202;474;"2026-09-03";"Present";"10:05:00";"18:26:00";8.57
10203;474;"2026-09-04";"Present";"08:31:00";"";0.0
10204;474;"2026-09-05";"Work From Home";"09:04:00";"";7.88
10205;474;"2026-09-06";"Present";"08:54:00";"19:22:00";10.47
10206;474;"2026-09-07";"Present";"";"19:50:00";7.52
10207;474;"2026-09-08";"Present";"";"16:20:00";10.88
10208;474;"2026-09-09";"Present";"09:03:00";"16:11:00";7.57
10209;474;"2026-09-10";"Absent";"08:57:00";"17:41:00";11.13
10210;474;"2026-09-11";"Present";"08:30:00";"19:49:00";6.53
10211;474;"2026-09-12";"Present";"09:37:00";"17:30:00";10.73
10212;474;"2026-09-13";"Absent";"08:56:00";"";7.92
10213;474;"2026-09-14";"Absent";"10:32:00";"19:59:00";10.8
10214;474;"2026-09-15";"Present";"";"17:20:00";0.0
10215;474;"2026-09-16";"Present";"";"18:21:00";0.0
10216;474;"2026-09-17";"Present";"10:30:00";"18:56:00";8.43
10217;474;"2026-09-18";"Present";"09:50:00";"16:16:00";6.08
10218;474;"2026-09-19";"Absent";"";"17:42:00";8.95
10219;474;"2026-09-20";"Present";"09:30:00";"18:17:00";8.08
10220;474;"2026-09-21";"Present";"09:41:00";"19:47:00";6.95
10221;476;"2026-09-02";"Present";"";"19:25:00";6.58
10222;476;"2026-09-03";"Present";"09:25:00";"";0.0
10223;476;"2026-09-04";"Present";"";"16:37:00";7.33
10224;476;"2026-09-05";"Present";"10:51:00";"16:44:00";10.25
10225;476;"2026-09-06";"Present";"";"17:13:00";0.0
10226;476;"2026-09-07";"Present";"";"";10.85
10227;476;"2026-09-08";"Present";"";"18:33:00";6.08
10228;476;"2026-09-09";"Present";"09:12:00";"";8.53
10229;476;"2026-09-10";"Present";"08:01:00";"";9.15
10230;476;"2026-09-11";"Absent";"";"19:07:00";8.88
10231;476;"2026-09-12";"Present";"09:03:00";"18:01:00";9.05
10232;476;"2026-09-13";"Present";"";"19:09:00";10.17
10233;476;"2026-09-14";"Present";"08:18:00";"17:57:00";9.65
10234;476;"2026-09-15";"Present";"09:15:00";"19:56:00";10.68
10235;476;"2026-09-16";"Present";"10:04:00";"17:12:00";10.1
10236;476;"2026-09-17";"Present";"09:58:00";"18:20:00";7.43
10237;476;"2026-09-18";"Present";"10:59:00";"";6.08
10238;476;"2026-09-19";"Absent";"09:04:00";"19:11:00";10.12
10239;476;"2026-09-20";"Present";"09:49:00";"19:20:00";8.15
10240;476;"2026-09-21";"Present";"10:50:00";"18:05:00";9.68
10241;483;"2026-09-02";"Present";"10:15:00";"18:13:00";6.67
10242;483;"2026-09-03";"Present";"09:16:00";"16:03:00";8.18
10243;483;"2026-09-04";"Present";"10:10:00";"19:02:00";5.72
10244;483;"2026-09-05";"Present";"09:31:00";"16:43:00";9.75
10245;483;"2026-09-06";"Present";"08:23:00";"18:48:00";5.57
10246;483;"2026-09-07";"Absent";"10:11:00";"18:35:00";8.87
10247;483;"2026-09-08";"Present";"08:18:00";"16:28:00";8.38
10248;483;"2026-09-09";"Absent";"09:48:00";"19:38:00";9.87
10249;483;"2026-09-10";"Present";"09:58:00";"19:26:00";8.1
10250;483;"2026-09-11";"Absent";"10:18:00";"";0.0
10251;483;"2026-09-12";"Work From Home";"08:50:00";"";6.38
10252;483;"2026-09-13";"Present";"09:34:00";"17:45:00";8.18
10253;483;"2026-09-14";"Present";"08:45:00";"17:16:00";8.28
10254;483;"2026-09-15";"Present";"08:29:00";"16:40:00";8.18
10255;483;"2026-09-16";"Present";"10:56:00";"";9.17
10256;483;"2026-09-17";"Absent";"10:15:00";"16:01:00";7.63
10257;483;"2026-09-18";"Present";"08:29:00";"17:05:00";8.6
10258;483;"2026-09-19";"Work From Home";"";"16:54:00";0.0
10259;483;"2026-09-20";"Present";"09:24:00";"";8.92
10260;483;"2026-09-21";"Present";"08:40:00";"16:44:00";10.95
10261;491;"2026-09-02";"Present";"08:59:00";"";8.78
10262;491;"2026-09-03";"Present";"";"";0.0
10263;491;"2026-09-04";"Present";"08:20:00";"";8.08
10264;491;"2026-09-05";"Absent";"";"18:28:00";8.0
10265;491;"2026-09-06";"Work From Home";"08:00:00";"17:28:00";9.47
10266;491;"2026-09-07";"Present";"09:51:00";"18:10:00";5.95
10267;491;"2026-09-08";"Present";"09:44:00";"19:18:00";9.57
10268;491;"2026-09-09";"Present";"08:21:00";"17:49:00";9.47
10269;491;"2026-09-10";"Absent";"";"19:25:00";9.0
10270;491;"2026-09-11";"Absent";"";"19:58:00";9.33
10271;491;"2026-09-12";"Present";"09:25:00";"16:49:00";7.68
10272;491;"2026-09-13";"Present";"";"19:35:00";10.43
10273;491;"2026-09-14";"Present";"09:26:00";"16:43:00";9.05
10274;491;"2026-09-15";"Present";"09:15:00";"";7.17
10275;491;"2026-09-16";"Present";"";"17:17:00";7.62
10276;491;"2026-09-17";"Present";"09:47:00";"16:41:00";9.62
10277;491;"2026-09-18";"Present";"08:07:00";"17:17:00";7.98
10278;491;"2026-09-19";"Absent";"10:19:00";"16:32:00";8.88
10279;491;"2026-09-20";"Present";"09:21:00";"19:54:00";6.63
10280;491;"2026-09-21";"Absent";"09:12:00";"";6.97
10281;508;"2026-09-02";"Present";"08:28:00";"19:30:00";7.52
10282;508;"2026-09-03";"Absent";"10:30:00";"19:41:00";9.85
10283;508;"2026-09-04";"Present";"08:19:00";"17:47:00";9.47
10284;508;"2026-09-05";"Work From Home";"09:56:00";"";11.25
10285;508;"2026-09-06";"Absent";"";"17:13:00";7.4
10286;508;"2026-09-07";"Present";"08:39:00";"18:56:00";10.28
10287;508;"2026-09-08";"Absent";"09:53:00";"18:32:00";8.4
10288;508;"2026-09-09";"Absent";"08:32:00";"17:49:00";9.12
10289;508;"2026-09-10";"Absent";"10:24:00";"17:04:00";10.37
10290;508;"2026-09-11";"Absent";"08:08:00";"17:32:00";9.4
10291;508;"2026-09-12";"Work From Home";"10:24:00";"17:47:00";7.97
10292;508;"2026-09-13";"Present";"10:41:00";"16:36:00";5.92
10293;508;"2026-09-14";"Absent";"09:00:00";"19:39:00";7.68
10294;508;"2026-09-15";"Present";"08:13:00";"";7.68
10295;508;"2026-09-16";"Present";"08:38:00";"19:40:00";6.62
10296;508;"2026-09-17";"Work From Home";"";"18:04:00";8.38
10297;508;"2026-09-18";"Absent";"";"17:30:00";8.32
10298;508;"2026-09-19";"Present";"";"19:33:00";7.77
10299;508;"2026-09-20";"Present";"";"17:14:00";0.0
10300;508;"2026-09-21";"Present";"08:13:00";"16:32:00";10.98
10301;1026;"2026-09-02";"Present";"10:47:00";"18:45:00";8.82
10302;1026;"2026-09-03";"Present";"";"17:25:00";9.43
10303;1026;"2026-09-04";"Present";"09:20:00";"18:15:00";8.67
10304;1026;"2026-09-05";"Present";"08:10:00";"16:54:00";9.1
10305;1026;"2026-09-06";"Absent";"10:10:00";"16:13:00";6.05
10306;1026;"2026-09-07";"Present";"10:38:00";"18:07:00";7.48
10307;1026;"2026-09-08";"Absent";"";"";0.0
10308;1026;"2026-09-09";"Present";"";"19:21:00";0.0
10309;1026;"2026-09-10";"Present";"10:30:00";"19:56:00";10.87
10310;1026;"2026-09-11";"Present";"08:12:00";"";10.72
10311;1026;"2026-09-12";"Present";"10:19:00";"19:09:00";8.83
10312;1026;"2026-09-13";"Work From Home";"09:04:00";"17:04:00";8.0
10313;1026;"2026-09-14";"Absent";"08:06:00";"";10.35
10314;1026;"2026-09-15";"Absent";"";"17:11:00";6.5
10315;1026;"2026-09-16";"Present";"09:42:00";"";6.23
10316;1026;"2026-09-17";"Present";"09:54:00";"19:41:00";9.78
10317;1026;"2026-09-18";"Present";"";"16:35:00";0.0
10318;1026;"2026-09-19";"Present";"10:15:00";"16:08:00";6.37
10319;1026;"2026-09-20";"Present";"10:20:00";"17:10:00";8.83
10320;1026;"2026-09-21";"Absent";"08:48:00";"";10.05
10321;1033;"2026-09-02";"Present";"08:01:00";"";0.0
10322;1033;"2026-09-03";"Present";"09:33:00";"";11.15
10323;1033;"2026-09-04";"Present";"08:58:00";"16:33:00";5.47
10324;1033;"2026-09-05";"Present";"08:47:00";"17:29:00";8.53
10325;1033;"2026-09-06";"Absent";"10:28:00";"16:54:00";9.87
10326;1033;"2026-09-07";"Present";"09:38:00";"17:00:00";8.57
10327;1033;"2026-09-08";"Present";"09:25:00";"16:33:00";6.58
10328;1033;"2026-09-09";"Present";"09:22:00";"17:41:00";6.12
10329;1033;"2026-09-10";"Work From Home";"08:13:00";"18:22:00";7.05
10330;1033;"2026-09-11";"Absent";"";"18:25:00";6.65
10331;1033;"2026-09-12";"Work From Home";"09:37:00";"18:14:00";10.67
10332;1033;"2026-09-13";"Absent";"09:54:00";"17:40:00";9.83
10333;1033;"2026-09-14";"Present";"10:24:00";"";0.0
10334;1033;"2026-09-15";"Present";"09:03:00";"19:56:00";6.0
10335;1033;"2026-09-16";"Present";"";"16:26:00";9.15
10336;1033;"2026-09-17";"Present";"08:44:00";"18:44:00";10.0
10337;1033;"2026-09-18";"Present";"";"";6.82
10338;1033;"2026-09-19";"Present";"";"19:20:00";9.5
10339;1033;"2026-09-20";"Present";"09:12:00";"17:56:00";9.32
10340;1033;"2026-09-21";"Present";"10:12:00";"16:36:00";7.57
10341;31;"2026-09-02";"Present";"09:09:00";"19:57:00";10.22
10342;31;"2026-09-03";"Absent";"08:57:00";"18:20:00";8.82
10343;31;"2026-09-04";"Present";"08:39:00";"";0.0
10344;31;"2026-09-05";"Present";"";"16:18:00";0.0
10345;31;"2026-09-06";"Absent";"";"";10.02
10346;31;"2026-09-07";"Present";"09:36:00";"18:38:00";8.52
10347;31;"2026-09-08";"Present";"08:08:00";"16:29:00";5.37
10348;31;"2026-09-09";"Present";"08:07:00";"18:49:00";9.97
10349;31;"2026-09-10";"Present";"09:22:00";"16:51:00";7.12
10350;31;"2026-09-11";"Present";"08:45:00";"17:37:00";9.22
10351;31;"2026-09-12";"Present";"";"19:03:00";9.03
10352;31;"2026-09-13";"Absent";"08:45:00";"18:52:00";5.58
10353;31;"2026-09-14";"Present";"08:51:00";"";9.77
10354;31;"2026-09-15";"Present";"08:10:00";"18:30:00";10.33
10355;31;"2026-09-16";"Present";"10:03:00";"18:36:00";8.55
10356;31;"2026-09-17";"Present";"09:18:00";"16:13:00";6.82
10357;31;"2026-09-18";"Absent";"10:34:00";"";5.52
10358;31;"2026-09-19";"Absent";"10:32:00";"17:17:00";10.95
10359;31;"2026-09-20";"Absent";"08:53:00";"16:46:00";7.88
10360;31;"2026-09-21";"Absent";"";"16:11:00";8.97
10361;35;"2026-09-02";"Present";"10:11:00";"";9.63
10362;35;"2026-09-03";"Present";"09:15:00";"16:03:00";6.62
10363;35;"2026-09-04";"Absent";"09:48:00";"19:02:00";8.27
10364;35;"2026-09-05";"Present";"10:56:00";"";9.53
10365;35;"2026-09-06";"Absent";"";"19:28:00";9.58
10366;35;"2026-09-07";"Present";"08:50:00";"";0.0
10367;35;"2026-09-08";"Present";"08:48:00";"";0.0
10368;35;"2026-09-09";"Present";"08:04:00";"17:54:00";8.83
10369;35;"2026-09-10";"Present";"09:15:00";"18:15:00";9.37
10370;35;"2026-09-11";"Present";"";"18:04:00";8.63
10371;35;"2026-09-12";"Absent";"";"16:00:00";0.0
10372;35;"2026-09-13";"Absent";"08:22:00";"16:18:00";7.43
10373;35;"2026-09-14";"Present";"08:15:00";"19:01:00";9.38
10374;35;"2026-09-15";"Present";"09:12:00";"19:04:00";9.87
10375;35;"2026-09-16";"Absent";"08:46:00";"19:08:00";10.37
10376;35;"2026-09-17";"Absent";"08:49:00";"17:18:00";8.95
10377;35;"2026-09-18";"Present";"08:52:00";"19:16:00";10.4
10378;35;"2026-09-19";"Present";"09:21:00";"";6.42
10379;35;"2026-09-20";"Absent";"09:22:00";"16:01:00";10.2
10380;35;"2026-09-21";"Present";"";"";0.0
10381;49;"2026-09-02";"Present";"";"17:03:00";9.23
10382;49;"2026-09-03";"Present";"09:01:00";"";7.5
10383;49;"2026-09-04";"Present";"09:07:00";"18:43:00";9.6
10384;49;"2026-09-05";"Present";"09:41:00";"19:53:00";11.38
10385;49;"2026-09-06";"Present";"10:55:00";"18:29:00";7.73
10386;49;"2026-09-07";"Present";"08:29:00";"18:48:00";8.2
10387;49;"2026-09-08";"Present";"08:23:00";"";0.0
10388;49;"2026-09-09";"Present";"10:52:00";"";8.5
10389;49;"2026-09-10";"Present";"";"18:28:00";9.85
10390;49;"2026-09-11";"Present";"09:36:00";"";10.72
10391;49;"2026-09-12";"Present";"08:38:00";"16:55:00";9.47
10392;49;"2026-09-13";"Present";"";"19:54:00";8.5
10393;49;"2026-09-14";"Absent";"10:41:00";"18:25:00";7.98
10394;49;"2026-09-15";"Present";"";"19:08:00";6.63
10395;49;"2026-09-16";"Present";"08:42:00";"";8.22
10396;49;"2026-09-17";"Present";"09:08:00";"17:31:00";10.42
10397;49;"2026-09-18";"Present";"";"16:12:00";0.0
10398;49;"2026-09-19";"Present";"10:25:00";"18:35:00";9.75
10399;49;"2026-09-20";"Present";"";"16:28:00";0.0
10400;49;"2026-09-21";"Work From Home";"10:21:00";"";0.0
10401;68;"2026-09-02";"Present";"";"";8.87
10402;68;"2026-09-03";"Present";"10:49:00";"19:12:00";7.03
10403;68;"2026-09-04";"Present";"10:49:00";"19:36:00";9.78
10404;68;"2026-09-05";"Absent";"09:45:00";"19:23:00";6.17
10405;68;"2026-09-06";"Present";"08:55:00";"";9.52
10406;68;"2026-09-07";"Absent";"08:59:00";"18:58:00";9.28
10407;68;"2026-09-08";"Present";"10:41:00";"17:51:00";6.77
10408;68;"2026-09-09";"Absent";"";"18:04:00";11.02
10409;68;"2026-09-10";"Absent";"08:51:00";"";10.32
10410;68;"2026-09-11";"Present";"";"18:17:00";6.73
10411;68;"2026-09-12";"Present";"08:22:00";"17:21:00";8.95
10412;68;"2026-09-13";"Present";"";"16:12:00";8.37
10413;68;"2026-09-14";"Present";"09:38:00";"19:53:00";9.38
10414;68;"2026-09-15";"Present";"10:49:00";"18:13:00";7.4
10415;68;"2026-09-16";"Present";"";"19:21:00";9.18
10416;68;"2026-09-17";"Present";"";"16:28:00";7.02
10417;68;"2026-09-18";"Present";"";"18:50:00";11.08
10418;68;"2026-09-19";"Present";"10:29:00";"18:24:00";10.18
10419;68;"2026-09-20";"Present";"09:48:00";"17:00:00";10.53
10420;68;"2026-09-21";"Present";"";"17:19:00";9.32
10421;70;"2026-09-02";"Absent";"08:11:00";"18:29:00";6.15
10422;70;"2026-09-03";"Present";"08:40:00";"16:50:00";8.65
10423;70;"2026-09-04";"Absent";"08:52:00";"18:37:00";7.88
10424;70;"2026-09-05";"Work From Home";"10:28:00";"18:04:00";10.33
10425;70;"2026-09-06";"Absent";"09:42:00";"19:25:00";7.12
10426;70;"2026-09-07";"Absent";"08:23:00";"17:39:00";9.27
10427;70;"2026-09-08";"Present";"09:44:00";"19:50:00";6.58
10428;70;"2026-09-09";"Absent";"08:52:00";"18:58:00";7.57
10429;70;"2026-09-10";"Present";"";"19:18:00";10.05
10430;70;"2026-09-11";"Present";"";"19:20:00";0.0
10431;70;"2026-09-12";"Present";"10:31:00";"18:02:00";10.3
10432;70;"2026-09-13";"On Leave";"08:12:00";"16:43:00";8.52
10433;70;"2026-09-14";"Present";"10:02:00";"";0.0
10434;70;"2026-09-15";"Present";"08:30:00";"";8.22
10435;70;"2026-09-16";"Present";"";"16:02:00";0.0
10436;70;"2026-09-17";"Present";"";"";5.97
10437;70;"2026-09-18";"Present";"10:11:00";"18:14:00";8.35
10438;70;"2026-09-19";"Present";"10:26:00";"17:56:00";7.5
10439;70;"2026-09-20";"Present";"10:33:00";"";8.3
10440;70;"2026-09-21";"Present";"";"16:31:00";0.0
10441;89;"2026-09-02";"Absent";"09:26:00";"16:43:00";6.38
10442;89;"2026-09-03";"Present";"";"";0.0
10443;89;"2026-09-04";"Present";"10:49:00";"18:48:00";8.58
10444;89;"2026-09-05";"Present";"09:43:00";"16:00:00";6.28
10445;89;"2026-09-06";"Absent";"";"18:24:00";7.1
10446;89;"2026-09-07";"Absent";"09:46:00";"17:51:00";8.55
10447;89;"2026-09-08";"Absent";"10:01:00";"16:01:00";9.72
10448;89;"2026-09-09";"Present";"08:37:00";"18:05:00";11.0
10449;89;"2026-09-10";"Present";"10:33:00";"";0.0
10450;89;"2026-09-11";"Absent";"09:26:00";"19:30:00";6.4
10451;89;"2026-09-12";"Present";"08:34:00";"16:49:00";9.08
10452;89;"2026-09-13";"Present";"";"16:31:00";8.37
10453;89;"2026-09-14";"Absent";"09:52:00";"19:56:00";6.48
10454;89;"2026-09-15";"Present";"10:51:00";"16:11:00";5.33
10455;89;"2026-09-16";"Present";"08:12:00";"16:53:00";8.68
10456;89;"2026-09-17";"Absent";"09:49:00";"";7.77
10457;89;"2026-09-18";"Present";"10:29:00";"18:38:00";6.55
10458;89;"2026-09-19";"Present";"09:14:00";"";10.43
10459;89;"2026-09-20";"Absent";"08:50:00";"16:12:00";7.37
10460;89;"2026-09-21";"Present";"";"";6.63
10461;97;"2026-09-02";"Present";"08:02:00";"19:46:00";11.0
10462;97;"2026-09-03";"Present";"";"18:27:00";8.23
10463;97;"2026-09-04";"Absent";"08:14:00";"";0.0
10464;97;"2026-09-05";"Present";"08:41:00";"18:37:00";8.5
10465;97;"2026-09-06";"Absent";"10:02:00";"";7.73
10466;97;"2026-09-07";"Present";"09:13:00";"16:18:00";7.08
10467;97;"2026-09-08";"Present";"10:36:00";"16:52:00";6.27
10468;97;"2026-09-09";"Absent";"08:31:00";"17:30:00";8.98
10469;97;"2026-09-10";"Present";"10:16:00";"18:59:00";10.15
10470;97;"2026-09-11";"Present";"08:33:00";"17:16:00";7.8
10471;97;"2026-09-12";"Present";"10:56:00";"19:46:00";9.72
10472;97;"2026-09-13";"Absent";"09:13:00";"";9.7
10473;97;"2026-09-14";"Present";"09:30:00";"17:52:00";11.58
10474;97;"2026-09-15";"Present";"08:00:00";"16:42:00";9.98
10475;97;"2026-09-16";"Absent";"08:02:00";"";8.65
10476;97;"2026-09-17";"Absent";"";"16:58:00";0.0
10477;97;"2026-09-18";"Present";"";"16:46:00";7.8
10478;97;"2026-09-19";"Present";"";"17:30:00";7.6
10479;97;"2026-09-20";"Absent";"08:33:00";"";0.0
10480;97;"2026-09-21";"Absent";"10:49:00";"17:16:00";8.78
10481;104;"2026-09-02";"Absent";"09:45:00";"19:06:00";9.35
10482;104;"2026-09-03";"Present";"";"16:16:00";6.97
10483;104;"2026-09-04";"Present";"08:20:00";"17:19:00";9.42
10484;104;"2026-09-05";"Present";"";"17:15:00";8.48
10485;104;"2026-09-06";"Present";"09:27:00";"16:00:00";5.37
10486;104;"2026-09-07";"Present";"10:03:00";"16:47:00";9.5
10487;104;"2026-09-08";"Present";"10:30:00";"18:13:00";9.75
10488;104;"2026-09-09";"Present";"08:54:00";"16:09:00";8.9
10489;104;"2026-09-10";"Present";"09:38:00";"";0.0
10490;104;"2026-09-11";"Present";"09:16:00";"16:06:00";8.23
10491;104;"2026-09-12";"Present";"";"16:57:00";5.75
10492;104;"2026-09-13";"Present";"09:19:00";"18:27:00";8.53
10493;104;"2026-09-14";"Present";"10:36:00";"18:28:00";9.32
10494;104;"2026-09-15";"Present";"09:25:00";"17:03:00";8.32
10495;104;"2026-09-16";"Present";"09:07:00";"";9.43
10496;104;"2026-09-17";"Present";"10:51:00";"16:06:00";5.25
10497;104;"2026-09-18";"Present";"10:13:00";"16:57:00";7.22
10498;104;"2026-09-19";"Work From Home";"09:28:00";"17:04:00";7.05
10499;104;"2026-09-20";"Present";"10:11:00";"19:48:00";9.68
10500;104;"2026-09-21";"Present";"10:51:00";"";9.23
10501;120;"2026-09-02";"Present";"";"18:46:00";0.0
10502;120;"2026-09-03";"Absent";"10:24:00";"";7.02
10503;120;"2026-09-04";"Work From Home";"10:11:00";"";5.88
10504;120;"2026-09-05";"Present";"10:07:00";"18:28:00";10.33
10505;120;"2026-09-06";"Present";"";"";0.0
10506;120;"2026-09-07";"Present";"08:37:00";"";9.52
10507;120;"2026-09-08";"Present";"08:38:00";"16:09:00";7.52
10508;120;"2026-09-09";"Absent";"09:34:00";"18:38:00";8.67
10509;120;"2026-09-10";"Present";"10:02:00";"18:07:00";8.08
10510;120;"2026-09-11";"Present";"09:26:00";"19:11:00";7.7
10511;120;"2026-09-12";"Present";"08:59:00";"18:09:00";8.17
10512;120;"2026-09-13";"Present";"09:11:00";"";8.5
10513;120;"2026-09-14";"Absent";"10:47:00";"18:39:00";7.67
10514;120;"2026-09-15";"Work From Home";"10:32:00";"19:09:00";8.62
10515;120;"2026-09-16";"Absent";"08:02:00";"18:13:00";8.78
10516;120;"2026-09-17";"Present";"10:16:00";"";0.0
10517;120;"2026-09-18";"Present";"10:18:00";"19:00:00";6.6
10518;120;"2026-09-19";"Present";"08:51:00";"19:45:00";8.0
10519;120;"2026-09-20";"Present";"09:08:00";"";6.42
10520;120;"2026-09-21";"Present";"09:17:00";"17:36:00";8.32
10521;140;"2026-09-02";"Present";"08:20:00";"19:05:00";10.75
10522;140;"2026-09-03";"Present";"09:23:00";"17:37:00";6.97
10523;140;"2026-09-04";"Present";"08:26:00";"17:30:00";9.78
10524;140;"2026-09-05";"Present";"08:32:00";"17:48:00";10.03
10525;140;"2026-09-06";"Present";"10:50:00";"16:48:00";9.95
10526;140;"2026-09-07";"Present";"";"19:31:00";0.0
10527;140;"2026-09-08";"Present";"08:04:00";"18:46:00";7.15
10528;140;"2026-09-09";"Absent";"10:19:00";"";8.28
10529;140;"2026-09-10";"Present";"";"17:39:00";0.0
10530;140;"2026-09-11";"Absent";"09:30:00";"17:35:00";8.73
10531;140;"2026-09-12";"Present";"10:41:00";"16:18:00";8.72
10532;140;"2026-09-13";"Present";"08:09:00";"18:13:00";10.07
10533;140;"2026-09-14";"Present";"08:36:00";"18:02:00";5.62
10534;140;"2026-09-15";"Present";"08:16:00";"";8.4
10535;140;"2026-09-16";"Present";"10:11:00";"";10.03
10536;140;"2026-09-17";"Present";"";"";8.32
10537;140;"2026-09-18";"Absent";"10:52:00";"";6.37
10538;140;"2026-09-19";"Work From Home";"10:25:00";"18:31:00";7.7
10539;140;"2026-09-20";"Absent";"10:50:00";"18:40:00";8.62
10540;140;"2026-09-21";"Absent";"09:05:00";"19:38:00";9.03
10541;150;"2026-09-02";"Absent";"08:26:00";"18:35:00";10.15
10542;150;"2026-09-03";"Absent";"09:19:00";"16:40:00";7.35
10543;150;"2026-09-04";"Present";"10:26:00";"";5.73
10544;150;"2026-09-05";"Present";"08:39:00";"";0.0
10545;150;"2026-09-06";"Present";"";"17:43:00";10.72
10546;150;"2026-09-07";"Present";"10:41:00";"18:23:00";6.4
10547;150;"2026-09-08";"Present";"08:51:00";"19:42:00";9.92
10548;150;"2026-09-09";"Present";"08:57:00";"16:19:00";7.37
10549;150;"2026-09-10";"Absent";"08:22:00";"";9.53
10550;150;"2026-09-11";"Present";"10:53:00";"19:09:00";6.17
10551;150;"2026-09-12";"Present";"10:46:00";"17:39:00";9.67
10552;150;"2026-09-13";"Absent";"10:25:00";"";5.97
10553;150;"2026-09-14";"Present";"";"18:01:00";6.37
10554;150;"2026-09-15";"Present";"08:59:00";"16:49:00";6.18
10555;150;"2026-09-16";"Present";"";"16:30:00";9.23
10556;150;"2026-09-17";"Present";"";"";8.73
10557;150;"2026-09-18";"Absent";"08:51:00";"19:01:00";7.12
10558;150;"2026-09-19";"Present";"08:36:00";"19:18:00";9.47
10559;150;"2026-09-20";"Present";"08:29:00";"19:43:00";8.43
10560;150;"2026-09-21";"Present";"";"17:29:00";9.55
10561;151;"2026-09-02";"Present";"";"18:35:00";6.77
10562;151;"2026-09-03";"Present";"08:50:00";"19:09:00";10.3
10563;151;"2026-09-04";"Present";"";"17:26:00";11.08
10564;151;"2026-09-05";"Present";"08:49:00";"18:12:00";8.57
10565;151;"2026-09-06";"Present";"09:57:00";"17:25:00";8.8
10566;151;"2026-09-07";"Present";"08:29:00";"";9.08
10567;151;"2026-09-08";"Present";"";"19:58:00";6.08
10568;151;"2026-09-09";"Present";"10:37:00";"";8.82
10569;151;"2026-09-10";"Absent";"10:22:00";"17:39:00";8.75
10570;151;"2026-09-11";"Absent";"";"";6.27
10571;151;"2026-09-12";"Present";"09:10:00";"19:03:00";10.73
10572;151;"2026-09-13";"Present";"09:58:00";"18:33:00";7.35
10573;151;"2026-09-14";"Absent";"10:21:00";"19:26:00";7.62
10574;151;"2026-09-15";"Present";"";"19:31:00";0.0
10575;151;"2026-09-16";"Present";"08:57:00";"16:29:00";9.2
10576;151;"2026-09-17";"Present";"09:36:00";"";9.48
10577;151;"2026-09-18";"Present";"09:08:00";"18:37:00";8.4
10578;151;"2026-09-19";"Absent";"10:15:00";"19:33:00";7.98
10579;151;"2026-09-20";"Work From Home";"";"16:55:00";10.0
10580;151;"2026-09-21";"Present";"10:59:00";"18:48:00";7.82
10581;189;"2026-09-02";"Present";"09:14:00";"17:47:00";10.75
10582;189;"2026-09-03";"Present";"09:19:00";"17:53:00";7.05
10583;189;"2026-09-04";"Absent";"08:15:00";"";5.88
10584;189;"2026-09-05";"Present";"";"17:35:00";6.33
10585;189;"2026-09-06";"Absent";"";"";10.12
10586;189;"2026-09-07";"Present";"10:41:00";"19:44:00";9.05
10587;189;"2026-09-08";"Absent";"";"17:13:00";8.22
10588;189;"2026-09-09";"Present";"09:56:00";"19:13:00";9.93
10589;189;"2026-09-10";"Absent";"10:53:00";"17:41:00";6.65
10590;189;"2026-09-11";"Present";"";"";8.27
10591;189;"2026-09-12";"Work From Home";"09:05:00";"19:07:00";10.03
10592;189;"2026-09-13";"Absent";"10:36:00";"19:58:00";6.08
10593;189;"2026-09-14";"Absent";"10:35:00";"";8.12
10594;189;"2026-09-15";"Present";"08:01:00";"16:07:00";6.58
10595;189;"2026-09-16";"Present";"08:22:00";"17:55:00";7.48
10596;189;"2026-09-17";"Present";"10:31:00";"17:02:00";8.48
10597;189;"2026-09-18";"Absent";"10:23:00";"17:22:00";6.98
10598;189;"2026-09-19";"Present";"08:07:00";"17:43:00";7.65
10599;189;"2026-09-20";"Present";"10:21:00";"";8.33
10600;189;"2026-09-21";"Absent";"10:09:00";"";7.8
10601;191;"2026-09-02";"Present";"08:57:00";"19:53:00";6.92
10602;191;"2026-09-03";"Absent";"09:05:00";"17:54:00";8.47
10603;191;"2026-09-04";"Present";"08:09:00";"17:28:00";7.03
10604;191;"2026-09-05";"Present";"08:31:00";"";7.15
10605;191;"2026-09-06";"Present";"08:00:00";"";0.0
10606;191;"2026-09-07";"Present";"08:20:00";"18:44:00";10.4
10607;191;"2026-09-08";"Present";"10:03:00";"18:24:00";7.05
10608;191;"2026-09-09";"Work From Home";"10:55:00";"";7.2
10609;191;"2026-09-10";"Present";"10:42:00";"18:59:00";9.6
10610;191;"2026-09-11";"Present";"08:29:00";"18:32:00";10.05
10611;191;"2026-09-12";"Present";"";"16:59:00";6.27
10612;191;"2026-09-13";"Present";"08:31:00";"16:40:00";8.15
10613;191;"2026-09-14";"Present";"";"17:56:00";7.18
10614;191;"2026-09-15";"Present";"10:08:00";"16:14:00";6.22
10615;191;"2026-09-16";"Present";"10:21:00";"18:30:00";8.15
10616;191;"2026-09-17";"Present";"10:21:00";"17:59:00";9.83
10617;191;"2026-09-18";"Present";"08:03:00";"";10.08
10618;191;"2026-09-19";"Present";"10:37:00";"18:40:00";8.83
10619;191;"2026-09-20";"Absent";"09:28:00";"18:59:00";11.37
10620;191;"2026-09-21";"Present";"09:22:00";"17:34:00";8.33
10621;192;"2026-09-02";"Present";"09:33:00";"18:22:00";8.82
10622;192;"2026-09-03";"Present";"10:25:00";"17:22:00";9.52
10623;192;"2026-09-04";"Present";"08:16:00";"";10.98
10624;192;"2026-09-05";"Present";"10:21:00";"16:46:00";8.25
10625;192;"2026-09-06";"Work From Home";"08:56:00";"";7.23
10626;192;"2026-09-07";"Present";"08:24:00";"19:04:00";10.83
10627;192;"2026-09-08";"Absent";"";"19:40:00";9.05
10628;192;"2026-09-09";"Present";"08:59:00";"19:51:00";9.45
10629;192;"2026-09-10";"Absent";"09:39:00";"18:35:00";8.93
10630;192;"2026-09-11";"Present";"08:48:00";"19:42:00";10.9
10631;192;"2026-09-12";"Present";"09:47:00";"";9.2
10632;192;"2026-09-13";"Absent";"10:38:00";"18:15:00";10.32
10633;192;"2026-09-14";"Present";"";"17:00:00";8.57
10634;192;"2026-09-15";"Present";"10:38:00";"19:13:00";8.58
10635;192;"2026-09-16";"Present";"";"17:56:00";0.0
10636;192;"2026-09-17";"Present";"09:23:00";"17:09:00";7.77
10637;192;"2026-09-18";"Present";"09:28:00";"19:40:00";7.38
10638;192;"2026-09-19";"Present";"08:15:00";"18:06:00";9.17
10639;192;"2026-09-20";"Present";"09:34:00";"16:15:00";6.68
10640;192;"2026-09-21";"Absent";"";"19:45:00";0.0
10641;201;"2026-09-02";"Work From Home";"10:07:00";"16:38:00";7.92
10642;201;"2026-09-03";"Present";"10:31:00";"16:27:00";5.93
10643;201;"2026-09-04";"Present";"10:17:00";"19:24:00";7.18
10644;201;"2026-09-05";"Present";"09:42:00";"16:12:00";9.95
10645;201;"2026-09-06";"Absent";"";"16:20:00";8.52
10646;201;"2026-09-07";"Absent";"08:00:00";"19:50:00";6.75
10647;201;"2026-09-08";"Present";"08:36:00";"16:47:00";9.22
10648;201;"2026-09-09";"Present";"08:37:00";"17:49:00";9.2
10649;201;"2026-09-10";"Present";"08:58:00";"19:19:00";10.35
10650;201;"2026-09-11";"Present";"09:37:00";"19:50:00";7.77
10651;201;"2026-09-12";"Absent";"09:23:00";"";9.78
10652;201;"2026-09-13";"Absent";"08:21:00";"";6.12
10653;201;"2026-09-14";"Absent";"08:44:00";"";10.02
10654;201;"2026-09-15";"Present";"08:51:00";"16:49:00";7.97
10655;201;"2026-09-16";"Present";"10:46:00";"19:18:00";6.92
10656;201;"2026-09-17";"Absent";"10:22:00";"16:16:00";11.43
10657;201;"2026-09-18";"Present";"";"16:45:00";0.0
10658;201;"2026-09-19";"Present";"09:38:00";"17:26:00";7.8
10659;201;"2026-09-20";"Present";"";"16:37:00";9.97
10660;201;"2026-09-21";"Absent";"08:39:00";"16:41:00";8.07
10661;214;"2026-09-02";"Present";"09:54:00";"";8.67
10662;214;"2026-09-03";"Present";"";"19:15:00";0.0
10663;214;"2026-09-04";"Absent";"";"16:26:00";10.12
10664;214;"2026-09-05";"Absent";"09:01:00";"16:59:00";7.97
10665;214;"2026-09-06";"Present";"";"17:50:00";10.17
10666;214;"2026-09-07";"Absent";"";"18:10:00";7.12
10667;214;"2026-09-08";"Present";"10:01:00";"16:18:00";6.28
10668;214;"2026-09-09";"Absent";"";"";7.3
10669;214;"2026-09-10";"Present";"10:40:00";"";7.62
10670;214;"2026-09-11";"Present";"";"17:50:00";7.07
10671;214;"2026-09-12";"Present";"";"17:50:00";0.0
10672;214;"2026-09-13";"Present";"08:05:00";"19:25:00";11.33
10673;214;"2026-09-14";"Present";"09:36:00";"18:04:00";11.08
10674;214;"2026-09-15";"Present";"08:46:00";"";0.0
10675;214;"2026-09-16";"Present";"08:34:00";"";0.0
10676;214;"2026-09-17";"Absent";"09:34:00";"16:39:00";8.57
10677;214;"2026-09-18";"Present";"10:05:00";"17:48:00";7.72
10678;214;"2026-09-19";"Present";"";"19:18:00";9.62
10679;214;"2026-09-20";"Absent";"09:43:00";"16:33:00";6.83
10680;214;"2026-09-21";"Present";"08:57:00";"16:40:00";7.72
10681;219;"2026-09-02";"Present";"";"16:29:00";9.82
10682;219;"2026-09-03";"Present";"08:36:00";"";10.25
10683;219;"2026-09-04";"Absent";"";"18:36:00";10.05
10684;219;"2026-09-05";"Present";"10:18:00";"18:35:00";6.43
10685;219;"2026-09-06";"Present";"10:50:00";"16:44:00";10.12
10686;219;"2026-09-07";"Present";"08:28:00";"19:51:00";6.17
10687;219;"2026-09-08";"Absent";"";"19:39:00";10.92
10688;219;"2026-09-09";"Present";"09:21:00";"";0.0
10689;219;"2026-09-10";"Absent";"";"";8.5
10690;219;"2026-09-11";"Present";"09:29:00";"16:35:00";6.02
10691;219;"2026-09-12";"Present";"10:58:00";"16:40:00";8.1
10692;219;"2026-09-13";"Present";"";"17:16:00";0.0
10693;219;"2026-09-14";"Absent";"09:37:00";"";6.52
10694;219;"2026-09-15";"Present";"10:42:00";"16:30:00";6.18
10695;219;"2026-09-16";"Present";"09:18:00";"18:04:00";10.43
10696;219;"2026-09-17";"Present";"09:07:00";"18:16:00";7.92
10697;219;"2026-09-18";"Absent";"10:33:00";"";0.0
10698;219;"2026-09-19";"Present";"09:51:00";"17:50:00";6.35
10699;219;"2026-09-20";"Work From Home";"";"17:10:00";0.0
10700;219;"2026-09-21";"Work From Home";"09:21:00";"16:20:00";8.92
10701;228;"2026-09-02";"Present";"";"";9.67
10702;228;"2026-09-03";"Absent";"";"17:15:00";0.0
10703;228;"2026-09-04";"Present";"09:16:00";"16:01:00";10.33
10704;228;"2026-09-05";"Present";"";"18:16:00";0.0
10705;228;"2026-09-06";"On Leave";"10:11:00";"17:29:00";8.42
10706;228;"2026-09-07";"Present";"10:37:00";"17:18:00";11.9
10707;228;"2026-09-08";"Present";"08:19:00";"19:27:00";11.13
10708;228;"2026-09-09";"Work From Home";"08:36:00";"";9.28
10709;228;"2026-09-10";"Present";"08:54:00";"";0.0
10710;228;"2026-09-11";"Absent";"08:15:00";"16:36:00";8.35
10711;228;"2026-09-12";"Present";"08:41:00";"18:53:00";7.78
10712;228;"2026-09-13";"Absent";"";"";8.95
10713;228;"2026-09-14";"Absent";"09:51:00";"16:30:00";6.65
10714;228;"2026-09-15";"Present";"09:49:00";"16:35:00";8.38
10715;228;"2026-09-16";"Present";"";"16:54:00";6.23
10716;228;"2026-09-17";"Present";"09:47:00";"16:36:00";9.02
10717;228;"2026-09-18";"Absent";"";"19:23:00";5.45
10718;228;"2026-09-19";"Present";"";"18:35:00";10.22
10719;228;"2026-09-20";"Absent";"08:20:00";"";8.07
10720;228;"2026-09-21";"Absent";"08:27:00";"16:23:00";10.05
10721;236;"2026-09-02";"Absent";"10:43:00";"18:56:00";10.42
10722;236;"2026-09-03";"Present";"08:21:00";"19:06:00";8.4
10723;236;"2026-09-04";"Present";"09:11:00";"";0.0
10724;236;"2026-09-05";"Present";"09:25:00";"17:34:00";10.18
10725;236;"2026-09-06";"Present";"";"18:59:00";7.53
10726;236;"2026-09-07";"Absent";"10:57:00";"19:08:00";8.75
10727;236;"2026-09-08";"Present";"09:01:00";"18:08:00";9.12
10728;236;"2026-09-09";"Present";"";"";6.88
10729;236;"2026-09-10";"Absent";"09:16:00";"19:30:00";10.23
10730;236;"2026-09-11";"Absent";"08:15:00";"";0.0
10731;236;"2026-09-12";"Absent";"";"19:11:00";7.1
10732;236;"2026-09-13";"Present";"10:52:00";"18:02:00";9.23
10733;236;"2026-09-14";"Present";"10:33:00";"16:05:00";7.17
10734;236;"2026-09-15";"Present";"10:48:00";"17:59:00";7.18
10735;236;"2026-09-16";"Present";"08:24:00";"17:15:00";5.57
10736;236;"2026-09-17";"Present";"";"17:16:00";5.37
10737;236;"2026-09-18";"Present";"09:02:00";"";0.0
10738;236;"2026-09-19";"Present";"08:17:00";"17:53:00";7.85
10739;236;"2026-09-20";"Present";"";"18:05:00";0.0
10740;236;"2026-09-21";"Present";"09:35:00";"17:04:00";7.12
10741;265;"2026-09-02";"Present";"08:35:00";"17:57:00";9.52
10742;265;"2026-09-03";"Present";"09:36:00";"";10.58
10743;265;"2026-09-04";"Present";"";"16:02:00";8.98
10744;265;"2026-09-05";"Work From Home";"";"18:57:00";6.7
10745;265;"2026-09-06";"Present";"10:48:00";"19:23:00";8.35
10746;265;"2026-09-07";"Absent";"08:19:00";"16:36:00";6.02
10747;265;"2026-09-08";"Present";"10:20:00";"";9.35
10748;265;"2026-09-09";"Absent";"";"18:00:00";5.63
10749;265;"2026-09-10";"Present";"08:06:00";"";10.78
10750;265;"2026-09-11";"Absent";"";"19:22:00";7.83
10751;265;"2026-09-12";"Present";"08:27:00";"16:17:00";7.83
10752;265;"2026-09-13";"Present";"09:40:00";"19:19:00";6.32
10753;265;"2026-09-14";"Present";"10:01:00";"17:30:00";8.28
10754;265;"2026-09-15";"Present";"";"16:08:00";7.5
10755;265;"2026-09-16";"Absent";"09:54:00";"16:19:00";7.82
10756;265;"2026-09-17";"Absent";"";"19:20:00";8.27
10757;265;"2026-09-18";"Present";"09:41:00";"";10.83
10758;265;"2026-09-19";"Present";"09:20:00";"";11.57
10759;265;"2026-09-20";"Present";"";"19:28:00";0.0
10760;265;"2026-09-21";"Present";"";"";0.0
10761;284;"2026-09-02";"Present";"10:54:00";"17:29:00";9.85
10762;284;"2026-09-03";"Absent";"09:07:00";"19:27:00";7.88
10763;284;"2026-09-04";"Present";"10:54:00";"19:45:00";8.18
10764;284;"2026-09-05";"Present";"09:48:00";"";0.0
10765;284;"2026-09-06";"Present";"10:17:00";"18:46:00";8.52
10766;284;"2026-09-07";"Present";"09:40:00";"";6.78
10767;284;"2026-09-08";"Present";"10:29:00";"";7.88
10768;284;"2026-09-09";"Absent";"08:09:00";"";8.93
10769;284;"2026-09-10";"Present";"10:45:00";"";9.35
10770;284;"2026-09-11";"Present";"";"19:01:00";7.28
10771;284;"2026-09-12";"Work From Home";"08:06:00";"16:00:00";8.18
10772;284;"2026-09-13";"Absent";"10:08:00";"18:19:00";8.68
10773;284;"2026-09-14";"Present";"";"";0.0
10774;284;"2026-09-15";"Present";"08:09:00";"17:30:00";9.35
10775;284;"2026-09-16";"Present";"10:25:00";"19:45:00";7.18
10776;284;"2026-09-17";"Present";"10:13:00";"17:46:00";7.55
10777;284;"2026-09-18";"Absent";"10:50:00";"17:09:00";6.32
10778;284;"2026-09-19";"Absent";"10:55:00";"";10.38
10779;284;"2026-09-20";"Present";"08:54:00";"19:45:00";9.57
10780;284;"2026-09-21";"Present";"09:58:00";"";10.73
10781;292;"2026-09-02";"Present";"09:22:00";"";0.0
10782;292;"2026-09-03";"Absent";"";"18:40:00";10.67
10783;292;"2026-09-04";"Present";"";"19:13:00";6.53
10784;292;"2026-09-05";"Absent";"10:41:00";"19:56:00";9.25
10785;292;"2026-09-06";"Present";"";"17:47:00";0.0
10786;292;"2026-09-07";"Present";"09:22:00";"";0.0
10787;292;"2026-09-08";"Present";"08:03:00";"18:06:00";10.05
10788;292;"2026-09-09";"Absent";"";"17:42:00";8.58
10789;292;"2026-09-10";"Present";"09:32:00";"";0.0
10790;292;"2026-09-11";"Present";"09:20:00";"18:17:00";9.53
10791;292;"2026-09-12";"Present";"";"18:47:00";9.58
10792;292;"2026-09-13";"Present";"09:43:00";"18:57:00";9.23
10793;292;"2026-09-14";"Present";"09:34:00";"19:54:00";7.03
10794;292;"2026-09-15";"Present";"08:05:00";"17:49:00";9.73
10795;292;"2026-09-16";"Present";"10:19:00";"19:32:00";7.65
10796;292;"2026-09-17";"Present";"09:32:00";"";5.95
10797;292;"2026-09-18";"Absent";"";"";11.37
10798;292;"2026-09-19";"Present";"08:03:00";"18:45:00";10.7
10799;292;"2026-09-20";"Present";"";"18:24:00";0.0
10800;292;"2026-09-21";"Present";"08:40:00";"19:26:00";10.77
10801;299;"2026-09-02";"Present";"";"18:26:00";8.03
10802;299;"2026-09-03";"Present";"08:43:00";"";9.02
10803;299;"2026-09-04";"Present";"";"";9.03
10804;299;"2026-09-05";"Present";"09:28:00";"";0.0
10805;299;"2026-09-06";"Present";"10:58:00";"18:43:00";7.17
10806;299;"2026-09-07";"Present";"09:23:00";"17:18:00";10.03
10807;299;"2026-09-08";"Absent";"10:19:00";"18:59:00";6.4
10808;299;"2026-09-09";"Absent";"08:08:00";"18:23:00";6.1
10809;299;"2026-09-10";"Present";"08:18:00";"17:27:00";9.35
10810;299;"2026-09-11";"Present";"10:01:00";"";7.13
10811;299;"2026-09-12";"Present";"";"18:51:00";10.63
10812;299;"2026-09-13";"Present";"";"19:17:00";6.93
10813;299;"2026-09-14";"Absent";"08:31:00";"16:44:00";10.1
10814;299;"2026-09-15";"Present";"10:15:00";"18:02:00";7.68
10815;299;"2026-09-16";"Absent";"10:54:00";"16:29:00";9.92
10816;299;"2026-09-17";"Present";"08:26:00";"18:40:00";10.33
10817;299;"2026-09-18";"Present";"08:31:00";"19:11:00";8.5
10818;299;"2026-09-19";"Absent";"";"";5.53
10819;299;"2026-09-20";"Present";"09:17:00";"19:18:00";10.15
10820;299;"2026-09-21";"Present";"09:31:00";"16:59:00";8.5
10821;338;"2026-09-02";"Present";"10:35:00";"16:44:00";8.22
10822;338;"2026-09-03";"Present";"09:04:00";"";10.97
10823;338;"2026-09-04";"Present";"08:37:00";"18:03:00";10.57
10824;338;"2026-09-05";"On Leave";"08:06:00";"";9.25
10825;338;"2026-09-06";"Present";"10:05:00";"";0.0
10826;338;"2026-09-07";"Present";"08:12:00";"17:44:00";10.25
10827;338;"2026-09-08";"Present";"09:25:00";"17:55:00";8.5
10828;338;"2026-09-09";"Present";"08:14:00";"16:30:00";7.95
10829;338;"2026-09-10";"Present";"10:50:00";"16:13:00";6.78
10830;338;"2026-09-11";"Present";"08:08:00";"18:14:00";8.33
10831;338;"2026-09-12";"Work From Home";"";"18:59:00";6.9
10832;338;"2026-09-13";"Absent";"";"17:59:00";9.7
10833;338;"2026-09-14";"Present";"08:16:00";"16:52:00";9.5
10834;338;"2026-09-15";"Present";"10:26:00";"18:03:00";11.73
10835;338;"2026-09-16";"Present";"08:30:00";"";0.0
10836;338;"2026-09-17";"Present";"";"16:18:00";0.0
10837;338;"2026-09-18";"Present";"08:13:00";"";6.45
10838;338;"2026-09-19";"Present";"10:18:00";"";10.42
10839;338;"2026-09-20";"Present";"08:10:00";"16:48:00";8.63
10840;338;"2026-09-21";"Present";"08:05:00";"17:31:00";10.98
10841;362;"2026-09-02";"Present";"10:49:00";"16:38:00";7.87
10842;362;"2026-09-03";"Present";"";"17:37:00";8.25
10843;362;"2026-09-04";"Present";"";"17:55:00";8.47
10844;362;"2026-09-05";"Present";"";"";7.45
10845;362;"2026-09-06";"Absent";"10:15:00";"";0.0
10846;362;"2026-09-07";"Present";"08:29:00";"18:59:00";10.5
10847;362;"2026-09-08";"Present";"10:12:00";"17:38:00";7.43
10848;362;"2026-09-09";"Present";"";"17:36:00";0.0
10849;362;"2026-09-10";"Absent";"09:24:00";"";0.0
10850;362;"2026-09-11";"Present";"09:10:00";"16:35:00";8.08
10851;362;"2026-09-12";"Present";"09:13:00";"";0.0
10852;362;"2026-09-13";"Absent";"08:10:00";"18:13:00";8.23
10853;362;"2026-09-14";"Absent";"10:48:00";"16:59:00";8.27
10854;362;"2026-09-15";"Present";"10:38:00";"";6.28
10855;362;"2026-09-16";"Present";"";"17:31:00";0.0
10856;362;"2026-09-17";"Present";"09:08:00";"16:04:00";9.12
10857;362;"2026-09-18";"Present";"09:02:00";"18:08:00";7.33
10858;362;"2026-09-19";"Present";"08:52:00";"17:21:00";9.8
10859;362;"2026-09-20";"Present";"";"";6.55
10860;362;"2026-09-21";"Present";"10:38:00";"18:57:00";8.5
10861;366;"2026-09-02";"Present";"10:49:00";"17:12:00";11.13
10862;366;"2026-09-03";"Work From Home";"10:34:00";"18:03:00";9.38
10863;366;"2026-09-04";"Present";"10:31:00";"16:45:00";11.45
10864;366;"2026-09-05";"Present";"09:19:00";"18:45:00";8.87
10865;366;"2026-09-06";"Present";"";"16:55:00";5.9
10866;366;"2026-09-07";"Present";"09:41:00";"18:16:00";8.7
10867;366;"2026-09-08";"Present";"10:54:00";"";0.0
10868;366;"2026-09-09";"Present";"10:22:00";"16:42:00";6.33
10869;366;"2026-09-10";"Present";"10:08:00";"";10.47
10870;366;"2026-09-11";"Present";"";"16:22:00";10.05
10871;366;"2026-09-12";"Present";"";"18:21:00";9.63
10872;366;"2026-09-13";"Present";"08:16:00";"17:50:00";10.48
10873;366;"2026-09-14";"Present";"10:58:00";"17:42:00";6.93
10874;366;"2026-09-15";"Present";"10:49:00";"16:27:00";5.63
10875;366;"2026-09-16";"Work From Home";"09:25:00";"";6.8
10876;366;"2026-09-17";"Present";"08:54:00";"";0.0
10877;366;"2026-09-18";"Present";"";"19:36:00";8.05
10878;366;"2026-09-19";"Present";"";"16:40:00";5.42
10879;366;"2026-09-20";"Present";"10:45:00";"16:53:00";8.48
10880;366;"2026-09-21";"Absent";"08:16:00";"16:30:00";7.22
10881;382;"2026-09-02";"Present";"08:25:00";"17:21:00";5.78
10882;382;"2026-09-03";"Present";"08:53:00";"16:21:00";5.5
10883;382;"2026-09-04";"Present";"09:22:00";"16:29:00";7.32
10884;382;"2026-09-05";"Present";"09:15:00";"17:18:00";7.03
10885;382;"2026-09-06";"Absent";"09:08:00";"17:54:00";7.85
10886;382;"2026-09-07";"Absent";"09:09:00";"17:29:00";11.35
10887;382;"2026-09-08";"Present";"09:51:00";"16:09:00";7.05
10888;382;"2026-09-09";"Present";"";"19:28:00";0.0
10889;382;"2026-09-10";"Present";"08:27:00";"";9.35
10890;382;"2026-09-11";"Present";"08:51:00";"";6.13
10891;382;"2026-09-12";"Present";"10:39:00";"";8.05
10892;382;"2026-09-13";"Absent";"10:59:00";"16:49:00";5.83
10893;382;"2026-09-14";"Present";"";"";8.47
10894;382;"2026-09-15";"Present";"10:33:00";"18:30:00";7.95
10895;382;"2026-09-16";"Present";"09:55:00";"";8.8
10896;382;"2026-09-17";"Absent";"";"17:01:00";7.98
10897;382;"2026-09-18";"Present";"09:15:00";"";10.65
10898;382;"2026-09-19";"Present";"";"18:19:00";0.0
10899;382;"2026-09-20";"Work From Home";"08:57:00";"19:41:00";9.53
10900;382;"2026-09-21";"Present";"";"17:07:00";8.52
10901;389;"2026-09-02";"Absent";"08:44:00";"19:34:00";9.18
10902;389;"2026-09-03";"Present";"09:38:00";"19:13:00";10.45
10903;389;"2026-09-04";"Present";"08:22:00";"";6.5
10904;389;"2026-09-05";"Present";"09:51:00";"16:02:00";8.1
10905;389;"2026-09-06";"Present";"08:19:00";"";9.77
10906;389;"2026-09-07";"Present";"10:09:00";"19:51:00";7.55
10907;389;"2026-09-08";"Present";"";"";0.0
10908;389;"2026-09-09";"Present";"08:52:00";"";8.42
10909;389;"2026-09-10";"Absent";"";"";0.0
10910;389;"2026-09-11";"Present";"09:16:00";"";6.52
10911;389;"2026-09-12";"Present";"10:09:00";"18:17:00";10.67
10912;389;"2026-09-13";"Present";"10:00:00";"16:52:00";9.47
10913;389;"2026-09-14";"Present";"";"";0.0
10914;389;"2026-09-15";"Present";"";"";0.0
10915;389;"2026-09-16";"Present";"09:06:00";"";10.35
10916;389;"2026-09-17";"Absent";"10:39:00";"";0.0
10917;389;"2026-09-18";"Present";"10:06:00";"17:36:00";8.95
10918;389;"2026-09-19";"Present";"08:46:00";"17:11:00";8.53
10919;389;"2026-09-20";"Present";"";"17:01:00";9.75
10920;389;"2026-09-21";"Present";"08:38:00";"";0.0
10921;391;"2026-09-02";"Present";"10:02:00";"17:41:00";8.47
10922;391;"2026-09-03";"Present";"";"";10.13
10923;391;"2026-09-04";"Present";"09:57:00";"18:27:00";8.5
10924;391;"2026-09-05";"Present";"10:31:00";"16:44:00";5.35
10925;391;"2026-09-06";"Present";"";"";11.25
10926;391;"2026-09-07";"Present";"10:04:00";"16:33:00";10.38
10927;391;"2026-09-08";"Present";"09:55:00";"";0.0
10928;391;"2026-09-09";"Present";"";"16:31:00";0.0
10929;391;"2026-09-10";"Present";"10:41:00";"19:19:00";8.63
10930;391;"2026-09-11";"Present";"";"19:20:00";0.0
10931;391;"2026-09-12";"Absent";"09:25:00";"16:45:00";7.88
10932;391;"2026-09-13";"Present";"10:25:00";"17:15:00";9.53
10933;391;"2026-09-14";"Present";"";"";8.27
10934;391;"2026-09-15";"Absent";"08:56:00";"16:42:00";10.3
10935;391;"2026-09-16";"Present";"";"16:38:00";0.0
10936;391;"2026-09-17";"Present";"09:34:00";"16:12:00";9.37
10937;391;"2026-09-18";"Present";"09:30:00";"16:13:00";8.07
10938;391;"2026-09-19";"Present";"10:09:00";"17:55:00";8.95
10939;391;"2026-09-20";"Absent";"09:11:00";"";0.0
10940;391;"2026-09-21";"Present";"08:18:00";"16:51:00";8.55
10941;403;"2026-09-02";"Work From Home";"";"";8.68
10942;403;"2026-09-03";"Present";"09:01:00";"";7.82
10943;403;"2026-09-04";"Present";"10:40:00";"17:21:00";5.75
10944;403;"2026-09-05";"Present";"";"";6.05
10945;403;"2026-09-06";"Present";"";"16:43:00";8.9
10946;403;"2026-09-07";"Absent";"";"";0.0
10947;403;"2026-09-08";"Work From Home";"08:49:00";"18:12:00";9.38
10948;403;"2026-09-09";"Present";"09:34:00";"18:40:00";11.67
10949;403;"2026-09-10";"Present";"10:38:00";"18:57:00";8.32
10950;403;"2026-09-11";"Absent";"10:30:00";"18:22:00";9.7
10951;403;"2026-09-12";"Present";"10:41:00";"";9.23
10952;403;"2026-09-13";"Absent";"";"17:20:00";10.77
10953;403;"2026-09-14";"Present";"08:11:00";"16:12:00";10.08
10954;403;"2026-09-15";"Present";"09:57:00";"18:09:00";8.2
10955;403;"2026-09-16";"Present";"08:49:00";"16:33:00";6.45
10956;403;"2026-09-17";"Present";"";"16:31:00";8.43
10957;403;"2026-09-18";"Absent";"";"19:02:00";8.45
10958;403;"2026-09-19";"Present";"09:15:00";"16:38:00";10.03
10959;403;"2026-09-20";"Present";"09:25:00";"17:47:00";9.73
10960;403;"2026-09-21";"Absent";"09:23:00";"19:17:00";10.12
10961;456;"2026-09-02";"Absent";"09:41:00";"19:47:00";7.78
10962;456;"2026-09-03";"Absent";"09:23:00";"";9.65
10963;456;"2026-09-04";"Present";"";"19:19:00";0.0
10964;456;"2026-09-05";"Absent";"08:35:00";"18:03:00";9.47
10965;456;"2026-09-06";"Present";"10:49:00";"18:58:00";9.35
10966;456;"2026-09-07";"Absent";"09:16:00";"17:49:00";8.55
10967;456;"2026-09-08";"Present";"09:27:00";"18:50:00";8.87
10968;456;"2026-09-09";"Present";"08:29:00";"";9.53
10969;456;"2026-09-10";"Present";"08:13:00";"17:05:00";10.37
10970;456;"2026-09-11";"Absent";"";"";0.0
10971;456;"2026-09-12";"Present";"10:51:00";"";7.62
10972;456;"2026-09-13";"Present";"09:25:00";"17:06:00";10.18
10973;456;"2026-09-14";"Present";"10:29:00";"18:26:00";7.03
10974;456;"2026-09-15";"Present";"";"18:44:00";9.03
10975;456;"2026-09-16";"Present";"08:05:00";"16:41:00";8.6
10976;456;"2026-09-17";"Absent";"";"";9.88
10977;456;"2026-09-18";"Present";"";"";0.0
10978;456;"2026-09-19";"Present";"";"17:02:00";0.0
10979;456;"2026-09-20";"Present";"08:45:00";"18:03:00";8.18
10980;456;"2026-09-21";"Present";"";"16:09:00";0.0
10981;478;"2026-09-02";"Present";"10:25:00";"16:33:00";6.13
10982;478;"2026-09-03";"Present";"08:27:00";"";0.0
10983;478;"2026-09-04";"Work From Home";"08:20:00";"16:16:00";7.93
10984;478;"2026-09-05";"Present";"";"19:34:00";8.88
10985;478;"2026-09-06";"Present";"08:41:00";"17:23:00";8.15
10986;478;"2026-09-07";"Present";"09:08:00";"19:04:00";6.88
10987;478;"2026-09-08";"Present";"";"17:20:00";0.0
10988;478;"2026-09-09";"Present";"08:32:00";"16:53:00";8.8
10989;478;"2026-09-10";"Absent";"09:08:00";"17:09:00";8.58
10990;478;"2026-09-11";"Present";"09:07:00";"18:43:00";8.93
10991;478;"2026-09-12";"Present";"09:34:00";"19:55:00";7.4
10992;478;"2026-09-13";"Present";"";"";7.02
10993;478;"2026-09-14";"Absent";"09:52:00";"";7.53
10994;478;"2026-09-15";"Present";"";"17:51:00";0.0
10995;478;"2026-09-16";"Present";"";"18:48:00";8.35
10996;478;"2026-09-17";"Present";"";"18:34:00";7.82
10997;478;"2026-09-18";"Present";"";"19:00:00";9.33
10998;478;"2026-09-19";"Present";"08:20:00";"16:59:00";9.6
10999;478;"2026-09-20";"Present";"08:55:00";"17:27:00";9.22
11000;478;"2026-09-21";"Present";"10:41:00";"19:21:00";8.67
11001;529;"2026-09-02";"Absent";"";"16:56:00";0.0
11002;529;"2026-09-03";"Absent";"10:30:00";"";7.33
11003;529;"2026-09-04";"Present";"09:27:00";"17:02:00";9.18
11004;529;"2026-09-05";"Present";"08:07:00";"18:52:00";7.75
11005;529;"2026-09-06";"Present";"08:54:00";"17:21:00";8.45
11006;529;"2026-09-07";"Present";"08:10:00";"19:39:00";11.48
11007;529;"2026-09-08";"Present";"10:42:00";"18:06:00";7.4
11008;529;"2026-09-09";"Present";"08:35:00";"18:26:00";9.85
11009;529;"2026-09-10";"Present";"10:01:00";"";6.55
11010;529;"2026-09-11";"Absent";"10:00:00";"17:16:00";7.3
11011;529;"2026-09-12";"Present";"";"";9.33
11012;529;"2026-09-13";"Present";"";"";11.27
11013;529;"2026-09-14";"Present";"10:10:00";"17:20:00";8.02
11014;529;"2026-09-15";"Absent";"";"19:38:00";0.0
11015;529;"2026-09-16";"Present";"08:52:00";"18:43:00";9.85
11016;529;"2026-09-17";"Absent";"10:55:00";"18:20:00";7.42
11017;529;"2026-09-18";"Present";"";"17:19:00";0.0
11018;529;"2026-09-19";"Present";"09:37:00";"17:10:00";9.25
11019;529;"2026-09-20";"Present";"08:11:00";"16:27:00";8.27
11020;529;"2026-09-21";"Present";"";"16:02:00";0.0
11021;536;"2026-09-02";"Present";"10:24:00";"";7.88
11022;536;"2026-09-03";"Present";"10:20:00";"";7.42
11023;536;"2026-09-04";"Absent";"09:05:00";"16:52:00";7.28
11024;536;"2026-09-05";"Present";"08:51:00";"18:26:00";9.52
11025;536;"2026-09-06";"Present";"10:54:00";"17:07:00";10.83
11026;536;"2026-09-07";"Present";"";"17:08:00";0.0
11027;536;"2026-09-08";"Present";"08:16:00";"16:20:00";6.85
11028;536;"2026-09-09";"Absent";"";"18:05:00";0.0
11029;536;"2026-09-10";"Absent";"10:49:00";"";0.0
11030;536;"2026-09-11";"Present";"";"18:16:00";8.9
11031;536;"2026-09-12";"Present";"";"17:14:00";0.0
11032;536;"2026-09-13";"Present";"08:17:00";"";11.17
11033;536;"2026-09-14";"Present";"10:39:00";"18:32:00";7.0
11034;536;"2026-09-15";"Present";"09:43:00";"19:40:00";9.95
11035;536;"2026-09-16";"Present";"08:44:00";"";7.2
11036;536;"2026-09-17";"Present";"";"17:52:00";8.62
11037;536;"2026-09-18";"Present";"09:07:00";"";8.02
11038;536;"2026-09-19";"Present";"08:03:00";"18:21:00";6.63
11039;536;"2026-09-20";"Present";"09:39:00";"18:15:00";8.6
11040;536;"2026-09-21";"Absent";"";"";7.62
